Review Text,Review Stars,Location,DateTime
Delicious meals and very clean environment.,4,London Chelsea,2023-07-31 02:24:00.048415
Terrible service and cold food.,1,Manchester Salford,2023-07-31 02:24:00.048415
"Amazing experience, highly recommend.",4,London Canary Wharf,2023-07-31 02:24:00.048415
"It was alright, the service could be better.",3,Leeds City Centre,2023-07-31 02:24:00.048415
"Awful place, would not recommend.",1,London Canary Wharf,2023-07-31 02:24:00.048415
"Loved the burgers here, will definitely come back.",5,London Canary Wharf,2023-07-31 02:24:00.048415
Delicious meals and very clean environment.,4,Manchester Didsbury,2023-07-31 02:24:00.048415
"Great place for a quick bite, friendly staff.",4,Manchester Salford,2023-07-31 02:24:00.048415
Rude staff and long waiting times.,1,Bristol Clifton,2023-07-31 02:24:00.048415
"Great place for a quick bite, friendly staff.",4,Manchester Central,2023-07-31 02:24:00.048415
Delicious meals and very clean environment.,4,Manchester Central,2023-07-31 02:24:00.048415
Delicious meals and very clean environment.,5,London Chelsea,2023-07-31 02:24:00.048415
Rude staff and long waiting times.,1,Birmingham Solihull,2023-07-31 02:24:00.048415
"Awful place, would not recommend.",1,Manchester Central,2023-07-31 02:24:00.048415
Delicious meals and very clean environment.,5,Liverpool Anfield,2023-08-01 02:24:00.048415
"Loved the burgers here, will definitely come back.",4,Leeds City Centre,2023-08-01 02:24:00.048415
Delicious meals and very clean environment.,4,London Chelsea,2023-08-01 02:24:00.048415
Delicious meals and very clean environment.,4,Liverpool Anfield,2023-08-01 02:24:00.048415
"Loved the burgers here, will definitely come back.",5,London Camden,2023-08-01 02:24:00.048415
"Great place for a quick bite, friendly staff.",4,Birmingham Edgbaston,2023-08-01 02:24:00.048415
"Great place for a quick bite, friendly staff.",4,Glasgow City Centre,2023-08-01 02:24:00.048415
"Very disappointing experience, will not return.",2,London Canary Wharf,2023-08-01 02:24:00.048415
Fantastic food and great service!,5,London Hackney,2023-08-01 02:24:00.048415
"Average experience, not bad but not great.",3,London Canary Wharf,2023-08-01 02:24:00.048415
"Amazing experience, highly recommend.",4,Birmingham Edgbaston,2023-08-01 02:24:00.048415
"Amazing experience, highly recommend.",4,Liverpool Anfield,2023-08-01 02:24:00.048415
"Loved the burgers here, will definitely come back.",5,London Hackney,2023-08-02 02:24:00.048415
"It was alright, the service could be better.",3,Sheffield Ecclesall Road,2023-08-02 02:24:00.048415
Delicious meals and very clean environment.,5,London Chelsea,2023-08-02 02:24:00.048415
Terrible service and cold food.,2,Sheffield City Centre,2023-08-02 02:24:00.048415
Delicious meals and very clean environment.,5,London Camden,2023-08-02 02:24:00.048415
Delicious meals and very clean environment.,4,Manchester Central,2023-08-02 02:24:00.048415
Delicious meals and very clean environment.,5,London Soho,2023-08-02 02:24:00.048415
"Loved the burgers here, will definitely come back.",5,Edinburgh Old Town,2023-08-02 02:24:00.048415
Fantastic food and great service!,4,London Camden,2023-08-02 02:24:00.048415
"Amazing experience, highly recommend.",5,Birmingham City Centre,2023-08-02 02:24:00.048415
Fantastic food and great service!,5,Leeds Headingley,2023-08-02 02:24:00.048415
"Loved the burgers here, will definitely come back.",4,Birmingham City Centre,2023-08-02 02:24:00.048415
Fantastic food and great service!,4,Manchester Central,2023-08-02 02:24:00.048415
"Great place for a quick bite, friendly staff.",5,Leeds Headingley,2023-08-02 02:24:00.048415
"Awful place, would not recommend.",1,London Camden,2023-08-02 02:24:00.048415
"Very disappointing experience, will not return.",2,London Hackney,2023-08-02 02:24:00.048415
Delicious meals and very clean environment.,5,Sheffield City Centre,2023-08-02 02:24:00.048415
Terrible service and cold food.,2,Cardiff Bay,2023-08-02 02:24:00.048415
"Amazing experience, highly recommend.",5,Manchester Salford,2023-08-03 02:24:00.048415
Fantastic food and great service!,5,London Canary Wharf,2023-08-03 02:24:00.048415
"Great place for a quick bite, friendly staff.",4,London Camden,2023-08-03 02:24:00.048415
"Loved the burgers here, will definitely come back.",4,Cardiff Bay,2023-08-03 02:24:00.048415
Fantastic food and great service!,5,Manchester Didsbury,2023-08-03 02:24:00.048415
"Very disappointing experience, will not return.",2,Bristol Clifton,2023-08-03 02:24:00.048415
"Great place for a quick bite, friendly staff.",4,Manchester Didsbury,2023-08-03 02:24:00.048415
"Loved the burgers here, will definitely come back.",5,Liverpool Anfield,2023-08-03 02:24:00.048415
Fantastic food and great service!,4,Birmingham Solihull,2023-08-03 02:24:00.048415
Fantastic food and great service!,4,Sheffield Ecclesall Road,2023-08-03 02:24:00.048415
"Average experience, not bad but not great.",3,Leeds City Centre,2023-08-03 02:24:00.048415
Delicious meals and very clean environment.,4,Birmingham City Centre,2023-08-03 02:24:00.048415
"Amazing experience, highly recommend.",5,Birmingham Solihull,2023-08-03 02:24:00.048415
"Amazing experience, highly recommend.",5,London Soho,2023-08-03 02:24:00.048415
Rude staff and long waiting times.,2,London Camden,2023-08-03 02:24:00.048415
"Great place for a quick bite, friendly staff.",4,Birmingham Edgbaston,2023-08-03 02:24:00.048415
"Great place for a quick bite, friendly staff.",5,Cardiff Bay,2023-08-03 02:24:00.048415
"Awful place, would not recommend.",1,Birmingham City Centre,2023-08-03 02:24:00.048415
Fantastic food and great service!,5,Edinburgh New Town,2023-08-04 02:24:00.048415
"Loved the burgers here, will definitely come back.",5,Liverpool City Centre,2023-08-04 02:24:00.048415
"Great place for a quick bite, friendly staff.",5,Manchester Salford,2023-08-04 02:24:00.048415
Fantastic food and great service!,5,Birmingham City Centre,2023-08-04 02:24:00.048415
Fantastic food and great service!,5,Bristol Clifton,2023-08-04 02:24:00.048415
Fantastic food and great service!,5,Liverpool City Centre,2023-08-04 02:24:00.048415
"Very disappointing experience, will not return.",2,London Soho,2023-08-04 02:24:00.048415
Fantastic food and great service!,5,London Camden,2023-08-04 02:24:00.048415
"Amazing experience, highly recommend.",4,London Soho,2023-08-04 02:24:00.048415
Terrible service and cold food.,2,Leeds City Centre,2023-08-04 02:24:00.048415
Fantastic food and great service!,5,London Hackney,2023-08-04 02:24:00.048415
"Very disappointing experience, will not return.",1,Birmingham Edgbaston,2023-08-04 02:24:00.048415
Delicious meals and very clean environment.,5,London Chelsea,2023-08-04 02:24:00.048415
"Amazing experience, highly recommend.",4,Leeds Headingley,2023-08-04 02:24:00.048415
"Average experience, not bad but not great.",3,Manchester Central,2023-08-04 02:24:00.048415
Delicious meals and very clean environment.,5,Liverpool City Centre,2023-08-04 02:24:00.048415
"It was alright, the service could be better.",3,Manchester Central,2023-08-04 02:24:00.048415
Fantastic food and great service!,4,London Chelsea,2023-08-04 02:24:00.048415
Fantastic food and great service!,4,London Chelsea,2023-08-05 02:24:00.048415
"Amazing experience, highly recommend.",5,Birmingham Solihull,2023-08-05 02:24:00.048415
"Great place for a quick bite, friendly staff.",4,Sheffield City Centre,2023-08-05 02:24:00.048415
Fantastic food and great service!,4,Leeds City Centre,2023-08-05 02:24:00.048415
"Very disappointing experience, will not return.",1,Liverpool Anfield,2023-08-05 02:24:00.048415
"Amazing experience, highly recommend.",4,Birmingham Edgbaston,2023-08-05 02:24:00.048415
"Loved the burgers here, will definitely come back.",5,Manchester Didsbury,2023-08-05 02:24:00.048415
"Loved the burgers here, will definitely come back.",4,Manchester Central,2023-08-05 02:24:00.048415
"Very disappointing experience, will not return.",1,London Camden,2023-08-05 02:24:00.048415
"Loved the burgers here, will definitely come back.",5,London Hackney,2023-08-05 02:24:00.048415
"Mediocre food, acceptable for a quick meal.",3,Liverpool Anfield,2023-08-05 02:24:00.048415
"Amazing experience, highly recommend.",5,London Soho,2023-08-05 02:24:00.048415
Fantastic food and great service!,5,Bristol Clifton,2023-08-05 02:24:00.048415
Fantastic food and great service!,4,Bristol City Centre,2023-08-06 02:24:00.048415
Delicious meals and very clean environment.,5,London Chelsea,2023-08-06 02:24:00.048415
Delicious meals and very clean environment.,5,London Chelsea,2023-08-06 02:24:00.048415
"Loved the burgers here, will definitely come back.",4,London Soho,2023-08-06 02:24:00.048415
Delicious meals and very clean environment.,4,London Chelsea,2023-08-06 02:24:00.048415
Delicious meals and very clean environment.,4,Manchester Didsbury,2023-08-06 02:24:00.048415
"Poor quality food, waste of money.",1,London Canary Wharf,2023-08-06 02:24:00.048415
"Loved the burgers here, will definitely come back.",5,London Canary Wharf,2023-08-06 02:24:00.048415
"Awful place, would not recommend.",1,Glasgow City Centre,2023-08-06 02:24:00.048415
"Awful place, would not recommend.",1,Bristol City Centre,2023-08-06 02:24:00.048415
Rude staff and long waiting times.,1,London Canary Wharf,2023-08-06 02:24:00.048415
"Great place for a quick bite, friendly staff.",5,Glasgow City Centre,2023-08-06 02:24:00.048415
Fantastic food and great service!,4,London Soho,2023-08-06 02:24:00.048415
Fantastic food and great service!,4,London Soho,2023-08-06 02:24:00.048415
"Amazing experience, highly recommend.",4,Birmingham Edgbaston,2023-08-07 02:24:00.048415
Rude staff and long waiting times.,2,London Canary Wharf,2023-08-07 02:24:00.048415
"Amazing experience, highly recommend.",4,Leeds City Centre,2023-08-07 02:24:00.048415
"Poor quality food, waste of money.",1,London Soho,2023-08-07 02:24:00.048415
"It was alright, the service could be better.",3,Birmingham City Centre,2023-08-07 02:24:00.048415
"Amazing experience, highly recommend.",5,London Hackney,2023-08-07 02:24:00.048415
"Loved the burgers here, will definitely come back.",4,Birmingham Edgbaston,2023-08-07 02:24:00.048415
Delicious meals and very clean environment.,5,Birmingham Edgbaston,2023-08-07 02:24:00.048415
Delicious meals and very clean environment.,4,Birmingham Solihull,2023-08-07 02:24:00.048415
Rude staff and long waiting times.,2,Birmingham Edgbaston,2023-08-07 02:24:00.048415
Fantastic food and great service!,4,Birmingham Solihull,2023-08-07 02:24:00.048415
"Great place for a quick bite, friendly staff.",5,Birmingham City Centre,2023-08-07 02:24:00.048415
Terrible service and cold food.,2,London Hackney,2023-08-07 02:24:00.048415
"Great place for a quick bite, friendly staff.",5,London Soho,2023-08-07 02:24:00.048415
Delicious meals and very clean environment.,5,Manchester Didsbury,2023-08-07 02:24:00.048415
"Great place for a quick bite, friendly staff.",5,Birmingham Edgbaston,2023-08-07 02:24:00.048415
"It was alright, the service could be better.",3,Liverpool City Centre,2023-08-07 02:24:00.048415
"Very disappointing experience, will not return.",1,Glasgow City Centre,2023-08-07 02:24:00.048415
"Amazing experience, highly recommend.",4,London Camden,2023-08-07 02:24:00.048415
"Great place for a quick bite, friendly staff.",4,London Hackney,2023-08-07 02:24:00.048415
"Amazing experience, highly recommend.",4,Birmingham Solihull,2023-08-08 02:24:00.048415
Fantastic food and great service!,4,Edinburgh Old Town,2023-08-08 02:24:00.048415
Fantastic food and great service!,4,Birmingham Edgbaston,2023-08-08 02:24:00.048415
"Great place for a quick bite, friendly staff.",4,London Soho,2023-08-08 02:24:00.048415
Fantastic food and great service!,4,Leeds Headingley,2023-08-08 02:24:00.048415
"Amazing experience, highly recommend.",5,Bristol City Centre,2023-08-08 02:24:00.048415
Fantastic food and great service!,5,Manchester Salford,2023-08-08 02:24:00.048415
"Great place for a quick bite, friendly staff.",4,Liverpool City Centre,2023-08-08 02:24:00.048415
"Food was okay, nothing special.",3,Edinburgh Old Town,2023-08-08 02:24:00.048415
"Very disappointing experience, will not return.",1,London Camden,2023-08-08 02:24:00.048415
"Amazing experience, highly recommend.",4,Birmingham Edgbaston,2023-08-08 02:24:00.048415
"Amazing experience, highly recommend.",4,Manchester Salford,2023-08-08 02:24:00.048415
"Amazing experience, highly recommend.",5,London Hackney,2023-08-08 02:24:00.048415
"Poor quality food, waste of money.",2,Manchester Central,2023-08-08 02:24:00.048415
"Great place for a quick bite, friendly staff.",4,London Hackney,2023-08-08 02:24:00.048415
"Very disappointing experience, will not return.",1,London Chelsea,2023-08-09 02:24:00.048415
"Loved the burgers here, will definitely come back.",5,Cardiff City Centre,2023-08-09 02:24:00.048415
"Poor quality food, waste of money.",1,Bristol City Centre,2023-08-09 02:24:00.048415
"Mediocre food, acceptable for a quick meal.",3,Leeds Headingley,2023-08-09 02:24:00.048415
"Great place for a quick bite, friendly staff.",4,Birmingham Edgbaston,2023-08-09 02:24:00.048415
Delicious meals and very clean environment.,4,Bristol City Centre,2023-08-09 02:24:00.048415
"Loved the burgers here, will definitely come back.",5,Birmingham Edgbaston,2023-08-09 02:24:00.048415
"Poor quality food, waste of money.",1,Liverpool City Centre,2023-08-09 02:24:00.048415
"Loved the burgers here, will definitely come back.",5,London Camden,2023-08-09 02:24:00.048415
"Amazing experience, highly recommend.",4,Birmingham Edgbaston,2023-08-09 02:24:00.048415
"Loved the burgers here, will definitely come back.",4,London Soho,2023-08-09 02:24:00.048415
"Amazing experience, highly recommend.",4,Sheffield Ecclesall Road,2023-08-09 02:24:00.048415
Fantastic food and great service!,5,Manchester Central,2023-08-09 02:24:00.048415
Delicious meals and very clean environment.,4,Glasgow City Centre,2023-08-09 02:24:00.048415
"Poor quality food, waste of money.",2,London Chelsea,2023-08-09 02:24:00.048415
Rude staff and long waiting times.,1,Birmingham Edgbaston,2023-08-09 02:24:00.048415
"Awful place, would not recommend.",1,Sheffield Ecclesall Road,2023-08-09 02:24:00.048415
Fantastic food and great service!,4,London Chelsea,2023-08-09 02:24:00.048415
Fantastic food and great service!,4,London Chelsea,2023-08-09 02:24:00.048415
Fantastic food and great service!,4,Bristol City Centre,2023-08-09 02:24:00.048415
"Amazing experience, highly recommend.",5,London Canary Wharf,2023-08-09 02:24:00.048415
"Great place for a quick bite, friendly staff.",4,Birmingham Solihull,2023-08-09 02:24:00.048415
"Loved the burgers here, will definitely come back.",5,Liverpool Anfield,2023-08-10 02:24:00.048415
Fantastic food and great service!,4,Manchester Didsbury,2023-08-10 02:24:00.048415
"Amazing experience, highly recommend.",5,Sheffield Ecclesall Road,2023-08-10 02:24:00.048415
Fantastic food and great service!,5,Bristol Clifton,2023-08-10 02:24:00.048415
Fantastic food and great service!,4,Manchester Central,2023-08-10 02:24:00.048415
"Great place for a quick bite, friendly staff.",5,Birmingham City Centre,2023-08-10 02:24:00.048415
Delicious meals and very clean environment.,4,London Soho,2023-08-10 02:24:00.048415
"Loved the burgers here, will definitely come back.",4,Liverpool Anfield,2023-08-11 02:24:00.048415
"It was alright, the service could be better.",3,Manchester Salford,2023-08-11 02:24:00.048415
"Great place for a quick bite, friendly staff.",5,London Hackney,2023-08-11 02:24:00.048415
"Loved the burgers here, will definitely come back.",4,Manchester Didsbury,2023-08-11 02:24:00.048415
"Awful place, would not recommend.",2,Sheffield City Centre,2023-08-11 02:24:00.048415
"Loved the burgers here, will definitely come back.",5,Liverpool City Centre,2023-08-11 02:24:00.048415
Rude staff and long waiting times.,1,Liverpool Anfield,2023-08-11 02:24:00.048415
"Great place for a quick bite, friendly staff.",5,Glasgow City Centre,2023-08-11 02:24:00.048415
"Amazing experience, highly recommend.",4,Manchester Didsbury,2023-08-11 02:24:00.048415
Delicious meals and very clean environment.,5,London Canary Wharf,2023-08-11 02:24:00.048415
Fantastic food and great service!,5,Glasgow City Centre,2023-08-11 02:24:00.048415
"Very disappointing experience, will not return.",1,Birmingham Solihull,2023-08-11 02:24:00.048415
"Great place for a quick bite, friendly staff.",5,London Camden,2023-08-11 02:24:00.048415
"Mediocre food, acceptable for a quick meal.",3,Sheffield City Centre,2023-08-11 02:24:00.048415
"Amazing experience, highly recommend.",4,London Soho,2023-08-11 02:24:00.048415
Fantastic food and great service!,4,London Camden,2023-08-11 02:24:00.048415
"Loved the burgers here, will definitely come back.",5,London Camden,2023-08-11 02:24:00.048415
Terrible service and cold food.,2,Sheffield City Centre,2023-08-11 02:24:00.048415
Delicious meals and very clean environment.,5,London Canary Wharf,2023-08-11 02:24:00.048415
"Great place for a quick bite, friendly staff.",4,Sheffield Ecclesall Road,2023-08-11 02:24:00.048415
"Amazing experience, highly recommend.",4,London Chelsea,2023-08-11 02:24:00.048415
"Great place for a quick bite, friendly staff.",5,Liverpool City Centre,2023-08-12 02:24:00.048415
"Mediocre food, acceptable for a quick meal.",3,London Canary Wharf,2023-08-12 02:24:00.048415
"Loved the burgers here, will definitely come back.",5,Cardiff City Centre,2023-08-12 02:24:00.048415
Delicious meals and very clean environment.,4,Birmingham Edgbaston,2023-08-12 02:24:00.048415
Delicious meals and very clean environment.,4,London Hackney,2023-08-12 02:24:00.048415
Rude staff and long waiting times.,1,London Hackney,2023-08-12 02:24:00.048415
"Loved the burgers here, will definitely come back.",4,Edinburgh Old Town,2023-08-12 02:24:00.048415
"Amazing experience, highly recommend.",4,London Hackney,2023-08-12 02:24:00.048415
Delicious meals and very clean environment.,5,London Soho,2023-08-12 02:24:00.048415
"Poor quality food, waste of money.",2,Bristol City Centre,2023-08-12 02:24:00.048415
Terrible service and cold food.,2,Manchester Didsbury,2023-08-12 02:24:00.048415
Delicious meals and very clean environment.,5,Manchester Central,2023-08-12 02:24:00.048415
Delicious meals and very clean environment.,5,Cardiff City Centre,2023-08-12 02:24:00.048415
"Loved the burgers here, will definitely come back.",4,Cardiff Bay,2023-08-13 02:24:00.048415
"Amazing experience, highly recommend.",5,Manchester Didsbury,2023-08-13 02:24:00.048415
"Great place for a quick bite, friendly staff.",4,London Canary Wharf,2023-08-13 02:24:00.048415
"Amazing experience, highly recommend.",4,Manchester Didsbury,2023-08-13 02:24:00.048415
"Great place for a quick bite, friendly staff.",4,Manchester Salford,2023-08-13 02:24:00.048415
Fantastic food and great service!,4,Bristol City Centre,2023-08-13 02:24:00.048415
"Loved the burgers here, will definitely come back.",5,Edinburgh New Town,2023-08-13 02:24:00.048415
Delicious meals and very clean environment.,4,Liverpool City Centre,2023-08-13 02:24:00.048415
"Amazing experience, highly recommend.",5,London Canary Wharf,2023-08-13 02:24:00.048415
"Great place for a quick bite, friendly staff.",5,Manchester Central,2023-08-13 02:24:00.048415
Delicious meals and very clean environment.,5,Bristol City Centre,2023-08-13 02:24:00.048415
"Decent place, but I've had better.",3,Birmingham Solihull,2023-08-13 02:24:00.048415
"Loved the burgers here, will definitely come back.",5,Leeds City Centre,2023-08-13 02:24:00.048415
"Great place for a quick bite, friendly staff.",5,Bristol Clifton,2023-08-13 02:24:00.048415
"Great place for a quick bite, friendly staff.",5,Birmingham Solihull,2023-08-13 02:24:00.048415
Fantastic food and great service!,5,London Canary Wharf,2023-08-13 02:24:00.048415
Terrible service and cold food.,2,Cardiff City Centre,2023-08-13 02:24:00.048415
"Decent place, but I've had better.",3,Edinburgh Old Town,2023-08-13 02:24:00.048415
"Amazing experience, highly recommend.",5,Birmingham Edgbaston,2023-08-14 02:24:00.048415
"Poor quality food, waste of money.",1,Bristol Clifton,2023-08-14 02:24:00.048415
"Great place for a quick bite, friendly staff.",4,Leeds City Centre,2023-08-14 02:24:00.048415
"Amazing experience, highly recommend.",5,Leeds City Centre,2023-08-14 02:24:00.048415
Delicious meals and very clean environment.,4,Glasgow West End,2023-08-14 02:24:00.048415
Delicious meals and very clean environment.,5,London Camden,2023-08-14 02:24:00.048415
"Great place for a quick bite, friendly staff.",5,Birmingham Edgbaston,2023-08-14 02:24:00.048415
Rude staff and long waiting times.,2,London Camden,2023-08-14 02:24:00.048415
Fantastic food and great service!,5,Cardiff Bay,2023-08-14 02:24:00.048415
Fantastic food and great service!,5,Cardiff City Centre,2023-08-14 02:24:00.048415
Fantastic food and great service!,5,London Canary Wharf,2023-08-14 02:24:00.048415
"Loved the burgers here, will definitely come back.",5,London Soho,2023-08-15 02:24:00.048415
"Decent place, but I've had better.",3,London Chelsea,2023-08-15 02:24:00.048415
"Great place for a quick bite, friendly staff.",5,Cardiff City Centre,2023-08-15 02:24:00.048415
Fantastic food and great service!,5,London Camden,2023-08-15 02:24:00.048415
Fantastic food and great service!,5,Edinburgh New Town,2023-08-15 02:24:00.048415
"Awful place, would not recommend.",2,Sheffield Ecclesall Road,2023-08-15 02:24:00.048415
"Loved the burgers here, will definitely come back.",5,Bristol City Centre,2023-08-15 02:24:00.048415
"Loved the burgers here, will definitely come back.",5,Glasgow West End,2023-08-15 02:24:00.048415
"Loved the burgers here, will definitely come back.",5,London Chelsea,2023-08-15 02:24:00.048415
"It was alright, the service could be better.",3,Birmingham Solihull,2023-08-15 02:24:00.048415
Fantastic food and great service!,5,Liverpool City Centre,2023-08-15 02:24:00.048415
"Very disappointing experience, will not return.",1,Birmingham City Centre,2023-08-15 02:24:00.048415
"Very disappointing experience, will not return.",1,Glasgow City Centre,2023-08-15 02:24:00.048415
"Loved the burgers here, will definitely come back.",4,Sheffield City Centre,2023-08-15 02:24:00.048415
"Very disappointing experience, will not return.",2,Liverpool City Centre,2023-08-16 02:24:00.048415
Fantastic food and great service!,4,Liverpool City Centre,2023-08-16 02:24:00.048415
Delicious meals and very clean environment.,4,Liverpool City Centre,2023-08-16 02:24:00.048415
Rude staff and long waiting times.,1,London Hackney,2023-08-16 02:24:00.048415
"Awful place, would not recommend.",2,Birmingham Solihull,2023-08-16 02:24:00.048415
Rude staff and long waiting times.,1,Edinburgh Old Town,2023-08-16 02:24:00.048415
Fantastic food and great service!,5,London Camden,2023-08-16 02:24:00.048415
"Average experience, not bad but not great.",3,Manchester Central,2023-08-16 02:24:00.048415
"Loved the burgers here, will definitely come back.",5,Glasgow City Centre,2023-08-16 02:24:00.048415
"Mediocre food, acceptable for a quick meal.",3,London Chelsea,2023-08-16 02:24:00.048415
"Amazing experience, highly recommend.",5,London Chelsea,2023-08-16 02:24:00.048415
Delicious meals and very clean environment.,5,Edinburgh New Town,2023-08-16 02:24:00.048415
Delicious meals and very clean environment.,4,London Camden,2023-08-16 02:24:00.048415
Delicious meals and very clean environment.,4,Glasgow City Centre,2023-08-16 02:24:00.048415
"Very disappointing experience, will not return.",1,Bristol City Centre,2023-08-17 02:24:00.048415
"Poor quality food, waste of money.",1,Edinburgh New Town,2023-08-17 02:24:00.048415
"Loved the burgers here, will definitely come back.",5,Manchester Central,2023-08-17 02:24:00.048415
Fantastic food and great service!,4,Edinburgh Old Town,2023-08-17 02:24:00.048415
"Loved the burgers here, will definitely come back.",5,London Soho,2023-08-17 02:24:00.048415
Fantastic food and great service!,4,Birmingham Solihull,2023-08-17 02:24:00.048415
"Great place for a quick bite, friendly staff.",4,London Chelsea,2023-08-17 02:24:00.048415
"Very disappointing experience, will not return.",1,London Chelsea,2023-08-17 02:24:00.048415
"It was alright, the service could be better.",3,Sheffield City Centre,2023-08-17 02:24:00.048415
Fantastic food and great service!,5,Manchester Central,2023-08-17 02:24:00.048415
"Very disappointing experience, will not return.",2,Birmingham City Centre,2023-08-17 02:24:00.048415
"Great place for a quick bite, friendly staff.",5,Cardiff City Centre,2023-08-17 02:24:00.048415
Fantastic food and great service!,4,London Chelsea,2023-08-17 02:24:00.048415
"Great place for a quick bite, friendly staff.",4,London Canary Wharf,2023-08-17 02:24:00.048415
"Food was okay, nothing special.",3,Liverpool City Centre,2023-08-17 02:24:00.048415
Fantastic food and great service!,4,London Soho,2023-08-17 02:24:00.048415
"Great place for a quick bite, friendly staff.",4,London Camden,2023-08-17 02:24:00.048415
"Very disappointing experience, will not return.",2,London Soho,2023-08-17 02:24:00.048415
Delicious meals and very clean environment.,4,London Hackney,2023-08-17 02:24:00.048415
Delicious meals and very clean environment.,4,London Canary Wharf,2023-08-17 02:24:00.048415
Fantastic food and great service!,4,Leeds City Centre,2023-08-18 02:24:00.048415
Fantastic food and great service!,5,London Canary Wharf,2023-08-18 02:24:00.048415
Fantastic food and great service!,5,Manchester Central,2023-08-18 02:24:00.048415
Delicious meals and very clean environment.,4,London Hackney,2023-08-18 02:24:00.048415
Fantastic food and great service!,5,London Camden,2023-08-18 02:24:00.048415
Delicious meals and very clean environment.,5,Leeds City Centre,2023-08-18 02:24:00.048415
Terrible service and cold food.,1,London Chelsea,2023-08-18 02:24:00.048415
"Great place for a quick bite, friendly staff.",4,Cardiff City Centre,2023-08-18 02:24:00.048415
"Loved the burgers here, will definitely come back.",5,London Soho,2023-08-18 02:24:00.048415
"Awful place, would not recommend.",1,Birmingham Edgbaston,2023-08-18 02:24:00.048415
"Mediocre food, acceptable for a quick meal.",3,London Hackney,2023-08-18 02:24:00.048415
Fantastic food and great service!,4,Manchester Central,2023-08-18 02:24:00.048415
"Great place for a quick bite, friendly staff.",5,Manchester Central,2023-08-18 02:24:00.048415
Fantastic food and great service!,4,Sheffield Ecclesall Road,2023-08-18 02:24:00.048415
"Amazing experience, highly recommend.",5,Manchester Central,2023-08-18 02:24:00.048415
Delicious meals and very clean environment.,4,London Camden,2023-08-19 02:24:00.048415
"Mediocre food, acceptable for a quick meal.",3,Manchester Didsbury,2023-08-19 02:24:00.048415
"Great place for a quick bite, friendly staff.",4,London Hackney,2023-08-19 02:24:00.048415
"Loved the burgers here, will definitely come back.",5,Manchester Salford,2023-08-19 02:24:00.048415
"Poor quality food, waste of money.",2,London Soho,2023-08-19 02:24:00.048415
Delicious meals and very clean environment.,5,Birmingham City Centre,2023-08-19 02:24:00.048415
"Very disappointing experience, will not return.",2,Birmingham Solihull,2023-08-19 02:24:00.048415
"Amazing experience, highly recommend.",4,London Hackney,2023-08-19 02:24:00.048415
"Amazing experience, highly recommend.",5,London Soho,2023-08-19 02:24:00.048415
"Loved the burgers here, will definitely come back.",5,London Chelsea,2023-08-19 02:24:00.048415
"Loved the burgers here, will definitely come back.",4,Liverpool Anfield,2023-08-19 02:24:00.048415
"Great place for a quick bite, friendly staff.",4,Sheffield City Centre,2023-08-19 02:24:00.048415
Fantastic food and great service!,5,Manchester Central,2023-08-19 02:24:00.048415
Fantastic food and great service!,4,Bristol City Centre,2023-08-19 02:24:00.048415
"Amazing experience, highly recommend.",5,Leeds Headingley,2023-08-19 02:24:00.048415
Delicious meals and very clean environment.,4,Sheffield City Centre,2023-08-20 02:24:00.048415
"Loved the burgers here, will definitely come back.",4,Leeds Headingley,2023-08-20 02:24:00.048415
"Poor quality food, waste of money.",1,Leeds Headingley,2023-08-20 02:24:00.048415
Fantastic food and great service!,4,London Chelsea,2023-08-20 02:24:00.048415
"Amazing experience, highly recommend.",4,London Canary Wharf,2023-08-20 02:24:00.048415
Fantastic food and great service!,5,Leeds Headingley,2023-08-20 02:24:00.048415
"Loved the burgers here, will definitely come back.",4,Liverpool City Centre,2023-08-20 02:24:00.048415
Fantastic food and great service!,5,London Chelsea,2023-08-20 02:24:00.048415
"Average experience, not bad but not great.",3,London Camden,2023-08-20 02:24:00.048415
Fantastic food and great service!,4,London Hackney,2023-08-20 02:24:00.048415
"Great place for a quick bite, friendly staff.",5,Manchester Didsbury,2023-08-20 02:24:00.048415
"Poor quality food, waste of money.",1,London Camden,2023-08-20 02:24:00.048415
"Great place for a quick bite, friendly staff.",5,Bristol City Centre,2023-08-20 02:24:00.048415
"Great place for a quick bite, friendly staff.",5,Birmingham Solihull,2023-08-20 02:24:00.048415
Terrible service and cold food.,2,Glasgow City Centre,2023-08-20 02:24:00.048415
"It was alright, the service could be better.",3,Sheffield Ecclesall Road,2023-08-20 02:24:00.048415
"Great place for a quick bite, friendly staff.",5,London Chelsea,2023-08-21 02:24:00.048415
"Great place for a quick bite, friendly staff.",4,London Canary Wharf,2023-08-21 02:24:00.048415
"Amazing experience, highly recommend.",5,Manchester Central,2023-08-21 02:24:00.048415
"Mediocre food, acceptable for a quick meal.",3,London Canary Wharf,2023-08-21 02:24:00.048415
"Great place for a quick bite, friendly staff.",4,Manchester Salford,2023-08-21 02:24:00.048415
Delicious meals and very clean environment.,5,Bristol City Centre,2023-08-21 02:24:00.048415
"Mediocre food, acceptable for a quick meal.",3,London Chelsea,2023-08-21 02:24:00.048415
"Loved the burgers here, will definitely come back.",4,London Hackney,2023-08-21 02:24:00.048415
"Decent place, but I've had better.",3,Cardiff Bay,2023-08-21 02:24:00.048415
Delicious meals and very clean environment.,5,Edinburgh New Town,2023-08-22 02:24:00.048415
Delicious meals and very clean environment.,4,Sheffield Ecclesall Road,2023-08-22 02:24:00.048415
Fantastic food and great service!,5,Liverpool City Centre,2023-08-22 02:24:00.048415
"Loved the burgers here, will definitely come back.",5,Cardiff City Centre,2023-08-22 02:24:00.048415
"Great place for a quick bite, friendly staff.",5,London Chelsea,2023-08-22 02:24:00.048415
"Average experience, not bad but not great.",3,Birmingham Solihull,2023-08-22 02:24:00.048415
"Mediocre food, acceptable for a quick meal.",3,Cardiff City Centre,2023-08-22 02:24:00.048415
"Amazing experience, highly recommend.",4,Birmingham City Centre,2023-08-22 02:24:00.048415
Delicious meals and very clean environment.,4,Birmingham Solihull,2023-08-22 02:24:00.048415
Rude staff and long waiting times.,2,Birmingham City Centre,2023-08-22 02:24:00.048415
Delicious meals and very clean environment.,5,London Camden,2023-08-22 02:24:00.048415
Delicious meals and very clean environment.,5,Glasgow West End,2023-08-22 02:24:00.048415
"Great place for a quick bite, friendly staff.",4,Leeds City Centre,2023-08-22 02:24:00.048415
"Loved the burgers here, will definitely come back.",4,Liverpool Anfield,2023-08-23 02:24:00.048415
"Awful place, would not recommend.",2,Birmingham Solihull,2023-08-23 02:24:00.048415
"Average experience, not bad but not great.",3,Edinburgh Old Town,2023-08-23 02:24:00.048415
"Loved the burgers here, will definitely come back.",4,Edinburgh Old Town,2023-08-23 02:24:00.048415
"Amazing experience, highly recommend.",5,Cardiff City Centre,2023-08-23 02:24:00.048415
"It was alright, the service could be better.",3,Manchester Salford,2023-08-23 02:24:00.048415
"Amazing experience, highly recommend.",5,London Camden,2023-08-23 02:24:00.048415
"Loved the burgers here, will definitely come back.",4,London Hackney,2023-08-23 02:24:00.048415
"Amazing experience, highly recommend.",5,London Camden,2023-08-23 02:24:00.048415
Delicious meals and very clean environment.,4,London Hackney,2023-08-23 02:24:00.048415
"Amazing experience, highly recommend.",4,Sheffield City Centre,2023-08-23 02:24:00.048415
"Very disappointing experience, will not return.",2,Birmingham Solihull,2023-08-23 02:24:00.048415
"Great place for a quick bite, friendly staff.",5,Leeds City Centre,2023-08-23 02:24:00.048415
"Poor quality food, waste of money.",2,Bristol Clifton,2023-08-23 02:24:00.048415
Fantastic food and great service!,5,Manchester Didsbury,2023-08-23 02:24:00.048415
"Amazing experience, highly recommend.",4,London Chelsea,2023-08-23 02:24:00.048415
"Amazing experience, highly recommend.",5,Manchester Central,2023-08-23 02:24:00.048415
"Loved the burgers here, will definitely come back.",4,Edinburgh New Town,2023-08-23 02:24:00.048415
"Amazing experience, highly recommend.",5,London Camden,2023-08-23 02:24:00.048415
"Amazing experience, highly recommend.",5,London Soho,2023-08-23 02:24:00.048415
"Loved the burgers here, will definitely come back.",5,London Camden,2023-08-24 02:24:00.048415
"Amazing experience, highly recommend.",5,Cardiff Bay,2023-08-24 02:24:00.048415
Delicious meals and very clean environment.,4,Cardiff Bay,2023-08-24 02:24:00.048415
Fantastic food and great service!,5,Manchester Central,2023-08-24 02:24:00.048415
Fantastic food and great service!,4,Glasgow City Centre,2023-08-24 02:24:00.048415
"Amazing experience, highly recommend.",5,London Soho,2023-08-24 02:24:00.048415
Fantastic food and great service!,4,Manchester Central,2023-08-24 02:24:00.048415
"Very disappointing experience, will not return.",1,London Soho,2023-08-24 02:24:00.048415
Terrible service and cold food.,1,London Chelsea,2023-08-24 02:24:00.048415
"Loved the burgers here, will definitely come back.",5,Cardiff Bay,2023-08-24 02:24:00.048415
"Loved the burgers here, will definitely come back.",4,Cardiff Bay,2023-08-24 02:24:00.048415
"Mediocre food, acceptable for a quick meal.",3,London Canary Wharf,2023-08-25 02:24:00.048415
"Great place for a quick bite, friendly staff.",4,Leeds City Centre,2023-08-25 02:24:00.048415
Delicious meals and very clean environment.,4,London Chelsea,2023-08-25 02:24:00.048415
"Great place for a quick bite, friendly staff.",5,Sheffield Ecclesall Road,2023-08-25 02:24:00.048415
"Poor quality food, waste of money.",1,London Soho,2023-08-25 02:24:00.048415
"Great place for a quick bite, friendly staff.",4,Edinburgh New Town,2023-08-25 02:24:00.048415
"Awful place, would not recommend.",1,London Hackney,2023-08-25 02:24:00.048415
"Loved the burgers here, will definitely come back.",5,London Chelsea,2023-08-25 02:24:00.048415
Rude staff and long waiting times.,1,Manchester Central,2023-08-25 02:24:00.048415
"Very disappointing experience, will not return.",2,London Chelsea,2023-08-25 02:24:00.048415
"Food was okay, nothing special.",3,Birmingham Solihull,2023-08-25 02:24:00.048415
"Great place for a quick bite, friendly staff.",5,Cardiff Bay,2023-08-25 02:24:00.048415
"Great place for a quick bite, friendly staff.",5,London Hackney,2023-08-25 02:24:00.048415
"Loved the burgers here, will definitely come back.",5,London Chelsea,2023-08-25 02:24:00.048415
"Great place for a quick bite, friendly staff.",4,Cardiff City Centre,2023-08-25 02:24:00.048415
"Amazing experience, highly recommend.",5,Birmingham Edgbaston,2023-08-25 02:24:00.048415
"Great place for a quick bite, friendly staff.",4,London Soho,2023-08-26 02:24:00.048415
Delicious meals and very clean environment.,5,Liverpool Anfield,2023-08-26 02:24:00.048415
"Average experience, not bad but not great.",3,Manchester Central,2023-08-26 02:24:00.048415
"Poor quality food, waste of money.",2,Bristol City Centre,2023-08-26 02:24:00.048415
"Loved the burgers here, will definitely come back.",4,London Hackney,2023-08-26 02:24:00.048415
"Decent place, but I've had better.",3,Sheffield City Centre,2023-08-26 02:24:00.048415
"Amazing experience, highly recommend.",4,London Camden,2023-08-26 02:24:00.048415
"Great place for a quick bite, friendly staff.",4,Birmingham Edgbaston,2023-08-26 02:24:00.048415
"Amazing experience, highly recommend.",5,Bristol City Centre,2023-08-26 02:24:00.048415
"Amazing experience, highly recommend.",5,London Canary Wharf,2023-08-26 02:24:00.048415
"Loved the burgers here, will definitely come back.",5,Manchester Didsbury,2023-08-26 02:24:00.048415
"Loved the burgers here, will definitely come back.",5,Cardiff Bay,2023-08-26 02:24:00.048415
"Loved the burgers here, will definitely come back.",4,Bristol Clifton,2023-08-26 02:24:00.048415
"Great place for a quick bite, friendly staff.",4,Manchester Salford,2023-08-26 02:24:00.048415
"Loved the burgers here, will definitely come back.",5,London Soho,2023-08-26 02:24:00.048415
"Loved the burgers here, will definitely come back.",5,Bristol City Centre,2023-08-26 02:24:00.048415
Terrible service and cold food.,1,London Chelsea,2023-08-26 02:24:00.048415
Delicious meals and very clean environment.,5,Manchester Salford,2023-08-26 02:24:00.048415
"Amazing experience, highly recommend.",5,London Hackney,2023-08-27 02:24:00.048415
Delicious meals and very clean environment.,5,Cardiff Bay,2023-08-27 02:24:00.048415
"Food was okay, nothing special.",3,London Hackney,2023-08-27 02:24:00.048415
"Awful place, would not recommend.",2,Cardiff City Centre,2023-08-27 02:24:00.048415
Delicious meals and very clean environment.,5,London Chelsea,2023-08-27 02:24:00.048415
"Poor quality food, waste of money.",1,Birmingham City Centre,2023-08-27 02:24:00.048415
"Loved the burgers here, will definitely come back.",5,Manchester Salford,2023-08-27 02:24:00.048415
"Poor quality food, waste of money.",2,London Canary Wharf,2023-08-27 02:24:00.048415
"Awful place, would not recommend.",1,Birmingham Edgbaston,2023-08-27 02:24:00.048415
"Great place for a quick bite, friendly staff.",5,Bristol City Centre,2023-08-27 02:24:00.048415
Fantastic food and great service!,5,Birmingham City Centre,2023-08-27 02:24:00.048415
Fantastic food and great service!,4,London Chelsea,2023-08-27 02:24:00.048415
"It was alright, the service could be better.",3,London Soho,2023-08-27 02:24:00.048415
Rude staff and long waiting times.,1,London Chelsea,2023-08-27 02:24:00.048415
"Loved the burgers here, will definitely come back.",5,Manchester Central,2023-08-28 02:24:00.048415
Delicious meals and very clean environment.,4,London Canary Wharf,2023-08-28 02:24:00.048415
Terrible service and cold food.,1,London Hackney,2023-08-28 02:24:00.048415
Delicious meals and very clean environment.,5,London Camden,2023-08-28 02:24:00.048415
"Great place for a quick bite, friendly staff.",5,Glasgow West End,2023-08-28 02:24:00.048415
"Food was okay, nothing special.",3,London Chelsea,2023-08-28 02:24:00.048415
"Great place for a quick bite, friendly staff.",4,London Hackney,2023-08-28 02:24:00.048415
Terrible service and cold food.,1,Manchester Salford,2023-08-28 02:24:00.048415
Delicious meals and very clean environment.,4,Leeds City Centre,2023-08-28 02:24:00.048415
Terrible service and cold food.,2,Birmingham Solihull,2023-08-28 02:24:00.048415
"Decent place, but I've had better.",3,London Hackney,2023-08-29 02:24:00.048415
"Food was okay, nothing special.",3,Birmingham Solihull,2023-08-29 02:24:00.048415
"Amazing experience, highly recommend.",5,Manchester Central,2023-08-29 02:24:00.048415
"Great place for a quick bite, friendly staff.",4,Bristol City Centre,2023-08-29 02:24:00.048415
Fantastic food and great service!,4,Glasgow West End,2023-08-29 02:24:00.048415
"Very disappointing experience, will not return.",1,Birmingham Solihull,2023-08-29 02:24:00.048415
"Awful place, would not recommend.",2,Leeds Headingley,2023-08-29 02:24:00.048415
"Great place for a quick bite, friendly staff.",4,London Hackney,2023-08-29 02:24:00.048415
"Great place for a quick bite, friendly staff.",5,Manchester Salford,2023-08-29 02:24:00.048415
Rude staff and long waiting times.,1,Glasgow West End,2023-08-29 02:24:00.048415
"Amazing experience, highly recommend.",5,London Camden,2023-08-29 02:24:00.048415
Fantastic food and great service!,5,Birmingham City Centre,2023-08-29 02:24:00.048415
"Loved the burgers here, will definitely come back.",4,London Canary Wharf,2023-08-29 02:24:00.048415
Fantastic food and great service!,5,Birmingham Solihull,2023-08-29 02:24:00.048415
Fantastic food and great service!,4,London Chelsea,2023-08-29 02:24:00.048415
"Very disappointing experience, will not return.",2,London Chelsea,2023-08-29 02:24:00.048415
"Great place for a quick bite, friendly staff.",5,London Chelsea,2023-08-29 02:24:00.048415
"Great place for a quick bite, friendly staff.",5,Manchester Central,2023-08-29 02:24:00.048415
"Loved the burgers here, will definitely come back.",4,London Chelsea,2023-08-29 02:24:00.048415
"Loved the burgers here, will definitely come back.",4,Glasgow City Centre,2023-08-29 02:24:00.048415
"Amazing experience, highly recommend.",5,London Soho,2023-08-30 02:24:00.048415
"Great place for a quick bite, friendly staff.",4,Liverpool Anfield,2023-08-30 02:24:00.048415
"Average experience, not bad but not great.",3,Bristol Clifton,2023-08-30 02:24:00.048415
Delicious meals and very clean environment.,5,Cardiff City Centre,2023-08-30 02:24:00.048415
Delicious meals and very clean environment.,5,Birmingham Solihull,2023-08-30 02:24:00.048415
"Great place for a quick bite, friendly staff.",5,London Soho,2023-08-30 02:24:00.048415
Delicious meals and very clean environment.,5,Birmingham City Centre,2023-08-30 02:24:00.048415
"Great place for a quick bite, friendly staff.",5,London Camden,2023-08-30 02:24:00.048415
Fantastic food and great service!,4,Birmingham Edgbaston,2023-08-30 02:24:00.048415
"Average experience, not bad but not great.",3,London Hackney,2023-08-30 02:24:00.048415
"Loved the burgers here, will definitely come back.",5,Manchester Didsbury,2023-08-30 02:24:00.048415
"Amazing experience, highly recommend.",5,Birmingham City Centre,2023-08-30 02:24:00.048415
Fantastic food and great service!,5,Bristol Clifton,2023-08-30 02:24:00.048415
"Very disappointing experience, will not return.",2,Leeds City Centre,2023-08-30 02:24:00.048415
Fantastic food and great service!,5,London Canary Wharf,2023-08-31 02:24:00.048415
Delicious meals and very clean environment.,4,London Hackney,2023-08-31 02:24:00.048415
"Amazing experience, highly recommend.",4,London Chelsea,2023-08-31 02:24:00.048415
"Great place for a quick bite, friendly staff.",4,London Hackney,2023-08-31 02:24:00.048415
"Poor quality food, waste of money.",2,Bristol City Centre,2023-08-31 02:24:00.048415
"Great place for a quick bite, friendly staff.",5,Manchester Central,2023-08-31 02:24:00.048415
Delicious meals and very clean environment.,4,London Chelsea,2023-08-31 02:24:00.048415
"Very disappointing experience, will not return.",1,London Hackney,2023-08-31 02:24:00.048415
"Amazing experience, highly recommend.",4,Leeds City Centre,2023-08-31 02:24:00.048415
"Poor quality food, waste of money.",2,Manchester Central,2023-08-31 02:24:00.048415
"Very disappointing experience, will not return.",1,London Canary Wharf,2023-08-31 02:24:00.048415
"Very disappointing experience, will not return.",2,Bristol Clifton,2023-09-01 02:24:00.048415
"Great place for a quick bite, friendly staff.",5,Edinburgh New Town,2023-09-01 02:24:00.048415
"Great place for a quick bite, friendly staff.",5,Leeds City Centre,2023-09-01 02:24:00.048415
"Amazing experience, highly recommend.",5,London Soho,2023-09-01 02:24:00.048415
"Amazing experience, highly recommend.",4,London Chelsea,2023-09-01 02:24:00.048415
Fantastic food and great service!,5,London Canary Wharf,2023-09-01 02:24:00.048415
"Poor quality food, waste of money.",1,Birmingham Edgbaston,2023-09-01 02:24:00.048415
"Loved the burgers here, will definitely come back.",5,Bristol Clifton,2023-09-01 02:24:00.048415
"Great place for a quick bite, friendly staff.",5,London Chelsea,2023-09-01 02:24:00.048415
"Awful place, would not recommend.",1,London Canary Wharf,2023-09-01 02:24:00.048415
"Loved the burgers here, will definitely come back.",5,London Chelsea,2023-09-01 02:24:00.048415
Rude staff and long waiting times.,1,London Hackney,2023-09-01 02:24:00.048415
"Amazing experience, highly recommend.",5,Bristol City Centre,2023-09-01 02:24:00.048415
"Mediocre food, acceptable for a quick meal.",3,London Canary Wharf,2023-09-01 02:24:00.048415
Delicious meals and very clean environment.,4,Liverpool City Centre,2023-09-01 02:24:00.048415
Delicious meals and very clean environment.,4,Cardiff City Centre,2023-09-01 02:24:00.048415
Delicious meals and very clean environment.,5,Manchester Central,2023-09-01 02:24:00.048415
Rude staff and long waiting times.,2,Manchester Central,2023-09-02 02:24:00.048415
"Great place for a quick bite, friendly staff.",5,Edinburgh Old Town,2023-09-02 02:24:00.048415
"Loved the burgers here, will definitely come back.",4,Liverpool City Centre,2023-09-02 02:24:00.048415
Delicious meals and very clean environment.,5,Manchester Didsbury,2023-09-02 02:24:00.048415
"Amazing experience, highly recommend.",4,Edinburgh New Town,2023-09-02 02:24:00.048415
Delicious meals and very clean environment.,5,Manchester Didsbury,2023-09-02 02:24:00.048415
"Amazing experience, highly recommend.",4,Manchester Central,2023-09-02 02:24:00.048415
Delicious meals and very clean environment.,4,London Hackney,2023-09-02 02:24:00.048415
"Great place for a quick bite, friendly staff.",5,Manchester Didsbury,2023-09-02 02:24:00.048415
"Mediocre food, acceptable for a quick meal.",3,Birmingham Solihull,2023-09-02 02:24:00.048415
"Loved the burgers here, will definitely come back.",5,London Canary Wharf,2023-09-02 02:24:00.048415
"Amazing experience, highly recommend.",5,Manchester Central,2023-09-02 02:24:00.048415
"Poor quality food, waste of money.",2,London Camden,2023-09-02 02:24:00.048415
"Great place for a quick bite, friendly staff.",4,Sheffield Ecclesall Road,2023-09-02 02:24:00.048415
Terrible service and cold food.,1,London Hackney,2023-09-02 02:24:00.048415
Terrible service and cold food.,1,Leeds Headingley,2023-09-02 02:24:00.048415
"Amazing experience, highly recommend.",5,Sheffield City Centre,2023-09-02 02:24:00.048415
Fantastic food and great service!,5,Liverpool Anfield,2023-09-02 02:24:00.048415
Fantastic food and great service!,4,Cardiff City Centre,2023-09-02 02:24:00.048415
"Loved the burgers here, will definitely come back.",4,Birmingham City Centre,2023-09-02 02:24:00.048415
"Amazing experience, highly recommend.",4,Glasgow West End,2023-09-02 02:24:00.048415
Rude staff and long waiting times.,2,London Canary Wharf,2023-09-02 02:24:00.048415
"Amazing experience, highly recommend.",4,London Canary Wharf,2023-09-02 02:24:00.048415
"Great place for a quick bite, friendly staff.",5,Edinburgh New Town,2023-09-02 02:24:00.048415
"Very disappointing experience, will not return.",1,London Soho,2023-09-02 02:24:00.048415
"Food was okay, nothing special.",3,Manchester Didsbury,2023-09-03 02:24:00.048415
"Poor quality food, waste of money.",1,Sheffield Ecclesall Road,2023-09-03 02:24:00.048415
"Amazing experience, highly recommend.",5,Edinburgh Old Town,2023-09-03 02:24:00.048415
"Loved the burgers here, will definitely come back.",4,Manchester Didsbury,2023-09-03 02:24:00.048415
"Great place for a quick bite, friendly staff.",5,Manchester Central,2023-09-03 02:24:00.048415
Fantastic food and great service!,4,London Hackney,2023-09-03 02:24:00.048415
"Amazing experience, highly recommend.",5,London Canary Wharf,2023-09-03 02:24:00.048415
Terrible service and cold food.,2,Birmingham Edgbaston,2023-09-03 02:24:00.048415
Terrible service and cold food.,2,Leeds City Centre,2023-09-03 02:24:00.048415
"Awful place, would not recommend.",2,Liverpool Anfield,2023-09-03 02:24:00.048415
"Great place for a quick bite, friendly staff.",5,Sheffield Ecclesall Road,2023-09-03 02:24:00.048415
Fantastic food and great service!,5,London Camden,2023-09-03 02:24:00.048415
"Loved the burgers here, will definitely come back.",4,Birmingham Edgbaston,2023-09-04 02:24:00.048415
"Very disappointing experience, will not return.",2,Bristol City Centre,2023-09-04 02:24:00.048415
"Amazing experience, highly recommend.",5,Liverpool Anfield,2023-09-04 02:24:00.048415
"Very disappointing experience, will not return.",2,London Chelsea,2023-09-04 02:24:00.048415
Rude staff and long waiting times.,2,London Chelsea,2023-09-04 02:24:00.048415
"Poor quality food, waste of money.",1,Birmingham City Centre,2023-09-04 02:24:00.048415
Rude staff and long waiting times.,2,Birmingham Solihull,2023-09-04 02:24:00.048415
"Very disappointing experience, will not return.",2,London Soho,2023-09-04 02:24:00.048415
"Amazing experience, highly recommend.",5,London Canary Wharf,2023-09-04 02:24:00.048415
"Amazing experience, highly recommend.",4,Leeds City Centre,2023-09-04 02:24:00.048415
"Loved the burgers here, will definitely come back.",4,Manchester Didsbury,2023-09-04 02:24:00.048415
"Loved the burgers here, will definitely come back.",4,London Soho,2023-09-04 02:24:00.048415
"Awful place, would not recommend.",2,London Chelsea,2023-09-04 02:24:00.048415
Delicious meals and very clean environment.,5,Edinburgh New Town,2023-09-04 02:24:00.048415
Fantastic food and great service!,5,London Soho,2023-09-04 02:24:00.048415
"Great place for a quick bite, friendly staff.",5,London Camden,2023-09-04 02:24:00.048415
"Great place for a quick bite, friendly staff.",4,Sheffield City Centre,2023-09-04 02:24:00.048415
"Great place for a quick bite, friendly staff.",5,London Hackney,2023-09-04 02:24:00.048415
Fantastic food and great service!,5,Birmingham Solihull,2023-09-04 02:24:00.048415
"Great place for a quick bite, friendly staff.",5,Glasgow West End,2023-09-05 02:24:00.048415
"Decent place, but I've had better.",3,London Camden,2023-09-05 02:24:00.048415
"Loved the burgers here, will definitely come back.",4,London Soho,2023-09-05 02:24:00.048415
"Amazing experience, highly recommend.",4,London Soho,2023-09-05 02:24:00.048415
Fantastic food and great service!,5,Leeds Headingley,2023-09-05 02:24:00.048415
"Great place for a quick bite, friendly staff.",5,Leeds City Centre,2023-09-05 02:24:00.048415
"Great place for a quick bite, friendly staff.",4,Manchester Central,2023-09-05 02:24:00.048415
Rude staff and long waiting times.,1,Leeds Headingley,2023-09-05 02:24:00.048415
"Great place for a quick bite, friendly staff.",5,Manchester Central,2023-09-05 02:24:00.048415
Fantastic food and great service!,5,London Chelsea,2023-09-05 02:24:00.048415
"Loved the burgers here, will definitely come back.",5,London Canary Wharf,2023-09-05 02:24:00.048415
Fantastic food and great service!,5,Birmingham Solihull,2023-09-05 02:24:00.048415
Fantastic food and great service!,4,Birmingham Solihull,2023-09-05 02:24:00.048415
Fantastic food and great service!,5,Manchester Salford,2023-09-05 02:24:00.048415
"Loved the burgers here, will definitely come back.",4,London Camden,2023-09-05 02:24:00.048415
"Amazing experience, highly recommend.",5,Manchester Didsbury,2023-09-05 02:24:00.048415
"Loved the burgers here, will definitely come back.",5,Birmingham Edgbaston,2023-09-05 02:24:00.048415
"Awful place, would not recommend.",1,Sheffield City Centre,2023-09-05 02:24:00.048415
"Very disappointing experience, will not return.",1,Birmingham City Centre,2023-09-05 02:24:00.048415
"Great place for a quick bite, friendly staff.",4,London Hackney,2023-09-05 02:24:00.048415
"Decent place, but I've had better.",3,Leeds Headingley,2023-09-05 02:24:00.048415
"Great place for a quick bite, friendly staff.",5,Bristol Clifton,2023-09-05 02:24:00.048415
"Mediocre food, acceptable for a quick meal.",3,Glasgow City Centre,2023-09-05 02:24:00.048415
Delicious meals and very clean environment.,4,London Canary Wharf,2023-09-06 02:24:00.048415
"Amazing experience, highly recommend.",5,London Soho,2023-09-06 02:24:00.048415
"Awful place, would not recommend.",1,Sheffield Ecclesall Road,2023-09-06 02:24:00.048415
"Great place for a quick bite, friendly staff.",5,London Hackney,2023-09-06 02:24:00.048415
"Loved the burgers here, will definitely come back.",5,Liverpool City Centre,2023-09-06 02:24:00.048415
"Amazing experience, highly recommend.",5,Leeds Headingley,2023-09-06 02:24:00.048415
Fantastic food and great service!,4,Manchester Central,2023-09-06 02:24:00.048415
"Loved the burgers here, will definitely come back.",5,Sheffield Ecclesall Road,2023-09-06 02:24:00.048415
"Loved the burgers here, will definitely come back.",5,Manchester Salford,2023-09-06 02:24:00.048415
"Loved the burgers here, will definitely come back.",4,London Hackney,2023-09-06 02:24:00.048415
Fantastic food and great service!,5,Leeds Headingley,2023-09-06 02:24:00.048415
"Loved the burgers here, will definitely come back.",5,Cardiff City Centre,2023-09-06 02:24:00.048415
"Amazing experience, highly recommend.",5,Manchester Didsbury,2023-09-06 02:24:00.048415
"Loved the burgers here, will definitely come back.",5,Liverpool City Centre,2023-09-06 02:24:00.048415
"Amazing experience, highly recommend.",4,Manchester Didsbury,2023-09-07 02:24:00.048415
"Amazing experience, highly recommend.",4,London Hackney,2023-09-07 02:24:00.048415
"Decent place, but I've had better.",3,London Canary Wharf,2023-09-07 02:24:00.048415
"It was alright, the service could be better.",3,London Chelsea,2023-09-07 02:24:00.048415
Fantastic food and great service!,5,Leeds Headingley,2023-09-07 02:24:00.048415
"Mediocre food, acceptable for a quick meal.",3,Cardiff Bay,2023-09-07 02:24:00.048415
"Very disappointing experience, will not return.",2,Leeds Headingley,2023-09-07 02:24:00.048415
Delicious meals and very clean environment.,5,Sheffield City Centre,2023-09-07 02:24:00.048415
Fantastic food and great service!,4,London Chelsea,2023-09-07 02:24:00.048415
"It was alright, the service could be better.",3,London Camden,2023-09-07 02:24:00.048415
Terrible service and cold food.,2,Sheffield City Centre,2023-09-07 02:24:00.048415
"Loved the burgers here, will definitely come back.",5,Glasgow West End,2023-09-07 02:24:00.048415
Fantastic food and great service!,4,Birmingham City Centre,2023-09-08 02:24:00.048415
"Loved the burgers here, will definitely come back.",4,London Soho,2023-09-08 02:24:00.048415
Delicious meals and very clean environment.,5,Manchester Central,2023-09-08 02:24:00.048415
Fantastic food and great service!,5,London Canary Wharf,2023-09-08 02:24:00.048415
Delicious meals and very clean environment.,5,Liverpool City Centre,2023-09-08 02:24:00.048415
"Loved the burgers here, will definitely come back.",5,London Hackney,2023-09-08 02:24:00.048415
"Awful place, would not recommend.",2,London Soho,2023-09-08 02:24:00.048415
"Loved the burgers here, will definitely come back.",5,London Chelsea,2023-09-08 02:24:00.048415
Terrible service and cold food.,2,Birmingham City Centre,2023-09-08 02:24:00.048415
Delicious meals and very clean environment.,5,Birmingham City Centre,2023-09-08 02:24:00.048415
"Loved the burgers here, will definitely come back.",4,London Canary Wharf,2023-09-08 02:24:00.048415
"Loved the burgers here, will definitely come back.",4,London Camden,2023-09-08 02:24:00.048415
"Loved the burgers here, will definitely come back.",5,London Camden,2023-09-08 02:24:00.048415
"Awful place, would not recommend.",2,Manchester Central,2023-09-08 02:24:00.048415
"Amazing experience, highly recommend.",5,London Soho,2023-09-08 02:24:00.048415
Fantastic food and great service!,5,Sheffield Ecclesall Road,2023-09-08 02:24:00.048415
Terrible service and cold food.,2,Manchester Salford,2023-09-08 02:24:00.048415
Rude staff and long waiting times.,2,London Soho,2023-09-09 02:24:00.048415
"Mediocre food, acceptable for a quick meal.",3,London Soho,2023-09-09 02:24:00.048415
Terrible service and cold food.,1,London Chelsea,2023-09-09 02:24:00.048415
Fantastic food and great service!,4,Cardiff City Centre,2023-09-09 02:24:00.048415
"Mediocre food, acceptable for a quick meal.",3,London Canary Wharf,2023-09-09 02:24:00.048415
"Loved the burgers here, will definitely come back.",5,Liverpool City Centre,2023-09-09 02:24:00.048415
"Loved the burgers here, will definitely come back.",5,Manchester Central,2023-09-09 02:24:00.048415
Rude staff and long waiting times.,1,Glasgow West End,2023-09-09 02:24:00.048415
"It was alright, the service could be better.",3,Glasgow City Centre,2023-09-09 02:24:00.048415
"Loved the burgers here, will definitely come back.",5,Edinburgh Old Town,2023-09-09 02:24:00.048415
"Loved the burgers here, will definitely come back.",5,London Soho,2023-09-09 02:24:00.048415
"Amazing experience, highly recommend.",5,Manchester Didsbury,2023-09-09 02:24:00.048415
"Loved the burgers here, will definitely come back.",5,Manchester Central,2023-09-09 02:24:00.048415
"Loved the burgers here, will definitely come back.",4,London Soho,2023-09-09 02:24:00.048415
"Loved the burgers here, will definitely come back.",5,London Hackney,2023-09-09 02:24:00.048415
"Loved the burgers here, will definitely come back.",5,Sheffield City Centre,2023-09-09 02:24:00.048415
"It was alright, the service could be better.",3,Cardiff City Centre,2023-09-10 02:24:00.048415
"Amazing experience, highly recommend.",5,Liverpool Anfield,2023-09-10 02:24:00.048415
Terrible service and cold food.,1,Edinburgh New Town,2023-09-10 02:24:00.048415
Fantastic food and great service!,4,Sheffield City Centre,2023-09-10 02:24:00.048415
"Loved the burgers here, will definitely come back.",5,Manchester Salford,2023-09-10 02:24:00.048415
Fantastic food and great service!,5,London Canary Wharf,2023-09-10 02:24:00.048415
Fantastic food and great service!,4,Manchester Salford,2023-09-10 02:24:00.048415
Fantastic food and great service!,4,Manchester Didsbury,2023-09-10 02:24:00.048415
"Loved the burgers here, will definitely come back.",5,London Hackney,2023-09-10 02:24:00.048415
"Loved the burgers here, will definitely come back.",5,London Soho,2023-09-10 02:24:00.048415
"Loved the burgers here, will definitely come back.",4,London Canary Wharf,2023-09-10 02:24:00.048415
Terrible service and cold food.,1,Bristol City Centre,2023-09-10 02:24:00.048415
Fantastic food and great service!,5,Manchester Didsbury,2023-09-10 02:24:00.048415
"Amazing experience, highly recommend.",4,London Soho,2023-09-10 02:24:00.048415
"Great place for a quick bite, friendly staff.",4,London Camden,2023-09-10 02:24:00.048415
Delicious meals and very clean environment.,5,Bristol Clifton,2023-09-11 02:24:00.048415
Rude staff and long waiting times.,2,Leeds Headingley,2023-09-11 02:24:00.048415
"Poor quality food, waste of money.",2,Liverpool City Centre,2023-09-11 02:24:00.048415
"Amazing experience, highly recommend.",5,London Camden,2023-09-11 02:24:00.048415
"Loved the burgers here, will definitely come back.",5,Birmingham Edgbaston,2023-09-11 02:24:00.048415
"Loved the burgers here, will definitely come back.",4,Edinburgh New Town,2023-09-11 02:24:00.048415
Fantastic food and great service!,5,Sheffield Ecclesall Road,2023-09-11 02:24:00.048415
"Awful place, would not recommend.",1,Manchester Central,2023-09-11 02:24:00.048415
"Poor quality food, waste of money.",1,Sheffield Ecclesall Road,2023-09-11 02:24:00.048415
Delicious meals and very clean environment.,4,Cardiff City Centre,2023-09-11 02:24:00.048415
Delicious meals and very clean environment.,5,Leeds Headingley,2023-09-11 02:24:00.048415
Fantastic food and great service!,5,Birmingham Solihull,2023-09-11 02:24:00.048415
"Great place for a quick bite, friendly staff.",4,London Hackney,2023-09-11 02:24:00.048415
"Poor quality food, waste of money.",1,Liverpool Anfield,2023-09-11 02:24:00.048415
Fantastic food and great service!,4,Liverpool City Centre,2023-09-11 02:24:00.048415
Rude staff and long waiting times.,1,Edinburgh New Town,2023-09-12 02:24:00.048415
"Great place for a quick bite, friendly staff.",5,Manchester Salford,2023-09-12 02:24:00.048415
"Loved the burgers here, will definitely come back.",4,London Chelsea,2023-09-12 02:24:00.048415
"Great place for a quick bite, friendly staff.",5,Manchester Salford,2023-09-12 02:24:00.048415
"Decent place, but I've had better.",3,Birmingham Solihull,2023-09-12 02:24:00.048415
Fantastic food and great service!,4,Cardiff City Centre,2023-09-12 02:24:00.048415
"Loved the burgers here, will definitely come back.",4,London Chelsea,2023-09-12 02:24:00.048415
"Very disappointing experience, will not return.",1,Liverpool City Centre,2023-09-12 02:24:00.048415
Delicious meals and very clean environment.,4,London Chelsea,2023-09-12 02:24:00.048415
Delicious meals and very clean environment.,4,Bristol City Centre,2023-09-12 02:24:00.048415
"Loved the burgers here, will definitely come back.",4,Birmingham Solihull,2023-09-12 02:24:00.048415
"Amazing experience, highly recommend.",4,Manchester Didsbury,2023-09-12 02:24:00.048415
"Mediocre food, acceptable for a quick meal.",3,Glasgow West End,2023-09-12 02:24:00.048415
"Mediocre food, acceptable for a quick meal.",3,Birmingham Solihull,2023-09-12 02:24:00.048415
Delicious meals and very clean environment.,5,Manchester Central,2023-09-12 02:24:00.048415
Fantastic food and great service!,4,Leeds City Centre,2023-09-12 02:24:00.048415
"It was alright, the service could be better.",3,Cardiff Bay,2023-09-12 02:24:00.048415
"Amazing experience, highly recommend.",5,Leeds Headingley,2023-09-12 02:24:00.048415
"Great place for a quick bite, friendly staff.",5,Manchester Didsbury,2023-09-12 02:24:00.048415
"Great place for a quick bite, friendly staff.",4,London Canary Wharf,2023-09-13 02:24:00.048415
"Amazing experience, highly recommend.",4,Sheffield Ecclesall Road,2023-09-13 02:24:00.048415
"Great place for a quick bite, friendly staff.",4,Birmingham City Centre,2023-09-13 02:24:00.048415
Fantastic food and great service!,5,Manchester Didsbury,2023-09-13 02:24:00.048415
Terrible service and cold food.,1,London Canary Wharf,2023-09-13 02:24:00.048415
Delicious meals and very clean environment.,4,Birmingham Edgbaston,2023-09-13 02:24:00.048415
"Amazing experience, highly recommend.",5,London Soho,2023-09-13 02:24:00.048415
"Amazing experience, highly recommend.",4,London Canary Wharf,2023-09-13 02:24:00.048415
"Amazing experience, highly recommend.",5,Manchester Salford,2023-09-13 02:24:00.048415
"Food was okay, nothing special.",3,Bristol Clifton,2023-09-13 02:24:00.048415
"Amazing experience, highly recommend.",5,London Chelsea,2023-09-13 02:24:00.048415
Terrible service and cold food.,2,Leeds City Centre,2023-09-13 02:24:00.048415
"Loved the burgers here, will definitely come back.",4,London Chelsea,2023-09-13 02:24:00.048415
Fantastic food and great service!,4,London Hackney,2023-09-13 02:24:00.048415
"Amazing experience, highly recommend.",5,Birmingham Solihull,2023-09-13 02:24:00.048415
"Mediocre food, acceptable for a quick meal.",3,Edinburgh New Town,2023-09-13 02:24:00.048415
Rude staff and long waiting times.,2,Bristol City Centre,2023-09-13 02:24:00.048415
"Decent place, but I've had better.",3,Sheffield City Centre,2023-09-14 02:24:00.048415
Fantastic food and great service!,4,Liverpool City Centre,2023-09-14 02:24:00.048415
"Great place for a quick bite, friendly staff.",5,Birmingham City Centre,2023-09-14 02:24:00.048415
"Loved the burgers here, will definitely come back.",5,Manchester Central,2023-09-14 02:24:00.048415
"Loved the burgers here, will definitely come back.",4,Bristol Clifton,2023-09-14 02:24:00.048415
"Loved the burgers here, will definitely come back.",4,Manchester Didsbury,2023-09-14 02:24:00.048415
"Poor quality food, waste of money.",1,Manchester Salford,2023-09-14 02:24:00.048415
Fantastic food and great service!,4,London Camden,2023-09-14 02:24:00.048415
Rude staff and long waiting times.,2,Manchester Salford,2023-09-14 02:24:00.048415
Rude staff and long waiting times.,1,London Soho,2023-09-14 02:24:00.048415
"Great place for a quick bite, friendly staff.",5,Liverpool Anfield,2023-09-14 02:24:00.048415
Delicious meals and very clean environment.,5,London Canary Wharf,2023-09-14 02:24:00.048415
Fantastic food and great service!,4,Manchester Salford,2023-09-14 02:24:00.048415
Delicious meals and very clean environment.,4,Manchester Central,2023-09-14 02:24:00.048415
"Mediocre food, acceptable for a quick meal.",3,Cardiff Bay,2023-09-14 02:24:00.048415
Fantastic food and great service!,4,Manchester Central,2023-09-14 02:24:00.048415
"Great place for a quick bite, friendly staff.",4,Birmingham Edgbaston,2023-09-14 02:24:00.048415
Fantastic food and great service!,4,London Soho,2023-09-14 02:24:00.048415
"Amazing experience, highly recommend.",4,Edinburgh New Town,2023-09-14 02:24:00.048415
"Loved the burgers here, will definitely come back.",4,Cardiff Bay,2023-09-15 02:24:00.048415
"Loved the burgers here, will definitely come back.",4,London Chelsea,2023-09-15 02:24:00.048415
"Great place for a quick bite, friendly staff.",5,London Chelsea,2023-09-15 02:24:00.048415
"Loved the burgers here, will definitely come back.",5,London Camden,2023-09-15 02:24:00.048415
"Amazing experience, highly recommend.",4,Leeds City Centre,2023-09-15 02:24:00.048415
"Food was okay, nothing special.",3,Bristol City Centre,2023-09-15 02:24:00.048415
Rude staff and long waiting times.,1,London Camden,2023-09-15 02:24:00.048415
"Very disappointing experience, will not return.",1,London Camden,2023-09-15 02:24:00.048415
"Mediocre food, acceptable for a quick meal.",3,London Soho,2023-09-15 02:24:00.048415
"Great place for a quick bite, friendly staff.",5,Liverpool Anfield,2023-09-15 02:24:00.048415
Delicious meals and very clean environment.,5,Birmingham City Centre,2023-09-15 02:24:00.048415
Fantastic food and great service!,5,London Canary Wharf,2023-09-15 02:24:00.048415
"Mediocre food, acceptable for a quick meal.",3,Manchester Salford,2023-09-15 02:24:00.048415
"Amazing experience, highly recommend.",5,Cardiff City Centre,2023-09-15 02:24:00.048415
Fantastic food and great service!,4,London Canary Wharf,2023-09-15 02:24:00.048415
"Amazing experience, highly recommend.",4,Leeds City Centre,2023-09-15 02:24:00.048415
Fantastic food and great service!,5,Birmingham Edgbaston,2023-09-16 02:24:00.048415
"Loved the burgers here, will definitely come back.",4,London Hackney,2023-09-16 02:24:00.048415
"Awful place, would not recommend.",1,London Chelsea,2023-09-16 02:24:00.048415
Rude staff and long waiting times.,1,London Hackney,2023-09-16 02:24:00.048415
Fantastic food and great service!,5,London Hackney,2023-09-16 02:24:00.048415
"Great place for a quick bite, friendly staff.",5,Manchester Central,2023-09-16 02:24:00.048415
Delicious meals and very clean environment.,5,London Soho,2023-09-16 02:24:00.048415
"Great place for a quick bite, friendly staff.",5,London Hackney,2023-09-16 02:24:00.048415
Fantastic food and great service!,4,London Hackney,2023-09-16 02:24:00.048415
Terrible service and cold food.,1,London Soho,2023-09-16 02:24:00.048415
"Loved the burgers here, will definitely come back.",5,Sheffield Ecclesall Road,2023-09-16 02:24:00.048415
Delicious meals and very clean environment.,5,London Soho,2023-09-16 02:24:00.048415
"Amazing experience, highly recommend.",5,Liverpool City Centre,2023-09-16 02:24:00.048415
"Poor quality food, waste of money.",1,Liverpool Anfield,2023-09-16 02:24:00.048415
Fantastic food and great service!,4,Bristol City Centre,2023-09-17 02:24:00.048415
Delicious meals and very clean environment.,5,London Camden,2023-09-17 02:24:00.048415
"Average experience, not bad but not great.",3,Sheffield City Centre,2023-09-17 02:24:00.048415
Fantastic food and great service!,5,Manchester Salford,2023-09-17 02:24:00.048415
Fantastic food and great service!,4,Birmingham Edgbaston,2023-09-17 02:24:00.048415
"Poor quality food, waste of money.",2,Liverpool Anfield,2023-09-17 02:24:00.048415
Rude staff and long waiting times.,2,Manchester Central,2023-09-17 02:24:00.048415
"Food was okay, nothing special.",3,Sheffield Ecclesall Road,2023-09-17 02:24:00.048415
"Great place for a quick bite, friendly staff.",4,Birmingham City Centre,2023-09-17 02:24:00.048415
"Amazing experience, highly recommend.",4,London Soho,2023-09-18 02:24:00.048415
Delicious meals and very clean environment.,4,London Chelsea,2023-09-18 02:24:00.048415
"Amazing experience, highly recommend.",5,London Hackney,2023-09-18 02:24:00.048415
"Loved the burgers here, will definitely come back.",5,London Canary Wharf,2023-09-18 02:24:00.048415
"Poor quality food, waste of money.",1,Glasgow West End,2023-09-18 02:24:00.048415
"Amazing experience, highly recommend.",5,London Soho,2023-09-18 02:24:00.048415
Terrible service and cold food.,2,London Hackney,2023-09-18 02:24:00.048415
Delicious meals and very clean environment.,4,Birmingham Edgbaston,2023-09-18 02:24:00.048415
"Awful place, would not recommend.",2,Bristol City Centre,2023-09-18 02:24:00.048415
"It was alright, the service could be better.",3,Sheffield Ecclesall Road,2023-09-18 02:24:00.048415
"Great place for a quick bite, friendly staff.",5,London Canary Wharf,2023-09-18 02:24:00.048415
Delicious meals and very clean environment.,5,Manchester Salford,2023-09-18 02:24:00.048415
Fantastic food and great service!,5,London Camden,2023-09-18 02:24:00.048415
Delicious meals and very clean environment.,4,Edinburgh New Town,2023-09-18 02:24:00.048415
"Very disappointing experience, will not return.",1,London Chelsea,2023-09-18 02:24:00.048415
"Great place for a quick bite, friendly staff.",4,Glasgow City Centre,2023-09-18 02:24:00.048415
Terrible service and cold food.,2,London Chelsea,2023-09-18 02:24:00.048415
"Very disappointing experience, will not return.",1,London Hackney,2023-09-18 02:24:00.048415
"Loved the burgers here, will definitely come back.",5,London Hackney,2023-09-18 02:24:00.048415
"Food was okay, nothing special.",3,London Camden,2023-09-19 02:24:00.048415
Rude staff and long waiting times.,2,Manchester Salford,2023-09-19 02:24:00.048415
"Very disappointing experience, will not return.",1,London Soho,2023-09-19 02:24:00.048415
"Awful place, would not recommend.",1,Manchester Salford,2023-09-19 02:24:00.048415
Terrible service and cold food.,1,Birmingham City Centre,2023-09-19 02:24:00.048415
"Amazing experience, highly recommend.",5,Sheffield City Centre,2023-09-19 02:24:00.048415
"Loved the burgers here, will definitely come back.",5,Cardiff Bay,2023-09-19 02:24:00.048415
"Poor quality food, waste of money.",2,Manchester Salford,2023-09-19 02:24:00.048415
Fantastic food and great service!,4,Glasgow West End,2023-09-19 02:24:00.048415
"Poor quality food, waste of money.",1,Glasgow City Centre,2023-09-19 02:24:00.048415
"Loved the burgers here, will definitely come back.",5,Edinburgh Old Town,2023-09-19 02:24:00.048415
Delicious meals and very clean environment.,5,London Camden,2023-09-19 02:24:00.048415
"Poor quality food, waste of money.",1,London Hackney,2023-09-19 02:24:00.048415
Delicious meals and very clean environment.,4,London Hackney,2023-09-19 02:24:00.048415
Delicious meals and very clean environment.,5,Manchester Didsbury,2023-09-19 02:24:00.048415
"Amazing experience, highly recommend.",5,Birmingham City Centre,2023-09-19 02:24:00.048415
Fantastic food and great service!,5,Sheffield City Centre,2023-09-19 02:24:00.048415
"Amazing experience, highly recommend.",4,Liverpool Anfield,2023-09-19 02:24:00.048415
"Amazing experience, highly recommend.",5,Leeds City Centre,2023-09-19 02:24:00.048415
"Amazing experience, highly recommend.",4,Manchester Didsbury,2023-09-19 02:24:00.048415
Fantastic food and great service!,5,Cardiff Bay,2023-09-20 02:24:00.048415
"Amazing experience, highly recommend.",5,Edinburgh New Town,2023-09-20 02:24:00.048415
Delicious meals and very clean environment.,4,London Soho,2023-09-20 02:24:00.048415
"Decent place, but I've had better.",3,Cardiff City Centre,2023-09-20 02:24:00.048415
"Loved the burgers here, will definitely come back.",4,Edinburgh Old Town,2023-09-20 02:24:00.048415
Fantastic food and great service!,4,Birmingham City Centre,2023-09-20 02:24:00.048415
"Very disappointing experience, will not return.",2,Birmingham Edgbaston,2023-09-20 02:24:00.048415
Delicious meals and very clean environment.,4,Birmingham Edgbaston,2023-09-20 02:24:00.048415
"Mediocre food, acceptable for a quick meal.",3,Manchester Central,2023-09-20 02:24:00.048415
Rude staff and long waiting times.,2,Birmingham City Centre,2023-09-20 02:24:00.048415
"Loved the burgers here, will definitely come back.",5,Manchester Central,2023-09-20 02:24:00.048415
"Average experience, not bad but not great.",3,Manchester Central,2023-09-20 02:24:00.048415
Delicious meals and very clean environment.,5,Manchester Didsbury,2023-09-20 02:24:00.048415
Delicious meals and very clean environment.,5,Birmingham Edgbaston,2023-09-20 02:24:00.048415
"Very disappointing experience, will not return.",2,Birmingham City Centre,2023-09-20 02:24:00.048415
Fantastic food and great service!,5,Manchester Central,2023-09-20 02:24:00.048415
"Poor quality food, waste of money.",2,London Canary Wharf,2023-09-21 02:24:00.048415
"Loved the burgers here, will definitely come back.",5,Manchester Salford,2023-09-21 02:24:00.048415
Rude staff and long waiting times.,1,London Hackney,2023-09-21 02:24:00.048415
"Loved the burgers here, will definitely come back.",5,London Canary Wharf,2023-09-21 02:24:00.048415
"Loved the burgers here, will definitely come back.",4,London Chelsea,2023-09-21 02:24:00.048415
"Very disappointing experience, will not return.",2,Leeds Headingley,2023-09-21 02:24:00.048415
"Loved the burgers here, will definitely come back.",4,Edinburgh Old Town,2023-09-21 02:24:00.048415
"Awful place, would not recommend.",1,London Chelsea,2023-09-21 02:24:00.048415
Rude staff and long waiting times.,2,London Hackney,2023-09-21 02:24:00.048415
"Loved the burgers here, will definitely come back.",4,London Canary Wharf,2023-09-21 02:24:00.048415
Delicious meals and very clean environment.,4,London Chelsea,2023-09-21 02:24:00.048415
"Great place for a quick bite, friendly staff.",5,Birmingham City Centre,2023-09-21 02:24:00.048415
Delicious meals and very clean environment.,5,London Canary Wharf,2023-09-21 02:24:00.048415
"Poor quality food, waste of money.",2,Birmingham Solihull,2023-09-21 02:24:00.048415
"Loved the burgers here, will definitely come back.",5,London Camden,2023-09-21 02:24:00.048415
"Great place for a quick bite, friendly staff.",4,London Soho,2023-09-22 02:24:00.048415
Fantastic food and great service!,5,Manchester Didsbury,2023-09-22 02:24:00.048415
Delicious meals and very clean environment.,5,London Canary Wharf,2023-09-22 02:24:00.048415
Fantastic food and great service!,5,Glasgow West End,2023-09-22 02:24:00.048415
Fantastic food and great service!,5,Manchester Central,2023-09-22 02:24:00.048415
"Great place for a quick bite, friendly staff.",5,Sheffield Ecclesall Road,2023-09-22 02:24:00.048415
Fantastic food and great service!,5,Manchester Didsbury,2023-09-22 02:24:00.048415
"Loved the burgers here, will definitely come back.",5,Birmingham City Centre,2023-09-22 02:24:00.048415
"Great place for a quick bite, friendly staff.",5,Glasgow West End,2023-09-22 02:24:00.048415
"Poor quality food, waste of money.",2,Birmingham Solihull,2023-09-22 02:24:00.048415
Fantastic food and great service!,5,Leeds City Centre,2023-09-23 02:24:00.048415
"Food was okay, nothing special.",3,Birmingham Solihull,2023-09-23 02:24:00.048415
Fantastic food and great service!,5,London Chelsea,2023-09-23 02:24:00.048415
Fantastic food and great service!,4,London Chelsea,2023-09-23 02:24:00.048415
"Loved the burgers here, will definitely come back.",4,Glasgow West End,2023-09-23 02:24:00.048415
Delicious meals and very clean environment.,4,Manchester Didsbury,2023-09-23 02:24:00.048415
"Mediocre food, acceptable for a quick meal.",3,Birmingham Solihull,2023-09-23 02:24:00.048415
Rude staff and long waiting times.,2,Manchester Didsbury,2023-09-23 02:24:00.048415
"Loved the burgers here, will definitely come back.",4,Glasgow City Centre,2023-09-23 02:24:00.048415
"Great place for a quick bite, friendly staff.",5,London Hackney,2023-09-23 02:24:00.048415
Fantastic food and great service!,5,London Camden,2023-09-23 02:24:00.048415
Delicious meals and very clean environment.,5,London Chelsea,2023-09-23 02:24:00.048415
"Average experience, not bad but not great.",3,Edinburgh Old Town,2023-09-24 02:24:00.048415
"Amazing experience, highly recommend.",5,London Soho,2023-09-24 02:24:00.048415
"Decent place, but I've had better.",3,Cardiff Bay,2023-09-24 02:24:00.048415
Rude staff and long waiting times.,2,Birmingham Edgbaston,2023-09-24 02:24:00.048415
"Amazing experience, highly recommend.",4,Edinburgh Old Town,2023-09-24 02:24:00.048415
Delicious meals and very clean environment.,4,London Canary Wharf,2023-09-24 02:24:00.048415
"Loved the burgers here, will definitely come back.",5,Leeds City Centre,2023-09-24 02:24:00.048415
Delicious meals and very clean environment.,5,London Chelsea,2023-09-24 02:24:00.048415
Delicious meals and very clean environment.,5,Liverpool City Centre,2023-09-24 02:24:00.048415
Fantastic food and great service!,5,Liverpool City Centre,2023-09-24 02:24:00.048415
"Great place for a quick bite, friendly staff.",5,Edinburgh Old Town,2023-09-24 02:24:00.048415
Fantastic food and great service!,4,Leeds Headingley,2023-09-24 02:24:00.048415
Terrible service and cold food.,1,Liverpool City Centre,2023-09-24 02:24:00.048415
Delicious meals and very clean environment.,4,London Camden,2023-09-24 02:24:00.048415
"Loved the burgers here, will definitely come back.",4,Birmingham Solihull,2023-09-24 02:24:00.048415
"Great place for a quick bite, friendly staff.",4,Manchester Didsbury,2023-09-24 02:24:00.048415
Delicious meals and very clean environment.,5,London Hackney,2023-09-24 02:24:00.048415
"Amazing experience, highly recommend.",5,London Camden,2023-09-25 02:24:00.048415
"Decent place, but I've had better.",3,London Chelsea,2023-09-25 02:24:00.048415
Delicious meals and very clean environment.,5,London Camden,2023-09-25 02:24:00.048415
"Great place for a quick bite, friendly staff.",4,Liverpool City Centre,2023-09-25 02:24:00.048415
Rude staff and long waiting times.,2,Leeds City Centre,2023-09-25 02:24:00.048415
"Awful place, would not recommend.",2,London Chelsea,2023-09-25 02:24:00.048415
"Decent place, but I've had better.",3,Leeds City Centre,2023-09-25 02:24:00.048415
Fantastic food and great service!,4,London Chelsea,2023-09-25 02:24:00.048415
"Decent place, but I've had better.",3,London Camden,2023-09-25 02:24:00.048415
Delicious meals and very clean environment.,4,Manchester Didsbury,2023-09-25 02:24:00.048415
Fantastic food and great service!,5,London Chelsea,2023-09-25 02:24:00.048415
"Loved the burgers here, will definitely come back.",5,Glasgow West End,2023-09-25 02:24:00.048415
Rude staff and long waiting times.,1,Glasgow City Centre,2023-09-25 02:24:00.048415
"Loved the burgers here, will definitely come back.",5,London Hackney,2023-09-25 02:24:00.048415
"It was alright, the service could be better.",3,Sheffield Ecclesall Road,2023-09-25 02:24:00.048415
"Great place for a quick bite, friendly staff.",5,London Chelsea,2023-09-26 02:24:00.048415
"Loved the burgers here, will definitely come back.",5,London Soho,2023-09-26 02:24:00.048415
Delicious meals and very clean environment.,5,London Hackney,2023-09-26 02:24:00.048415
"Very disappointing experience, will not return.",1,Manchester Didsbury,2023-09-26 02:24:00.048415
Delicious meals and very clean environment.,5,Liverpool Anfield,2023-09-26 02:24:00.048415
Fantastic food and great service!,5,London Hackney,2023-09-26 02:24:00.048415
"Decent place, but I've had better.",3,Cardiff Bay,2023-09-26 02:24:00.048415
Fantastic food and great service!,4,Birmingham Solihull,2023-09-26 02:24:00.048415
"Average experience, not bad but not great.",3,Sheffield City Centre,2023-09-26 02:24:00.048415
"Average experience, not bad but not great.",3,Birmingham Edgbaston,2023-09-26 02:24:00.048415
"Poor quality food, waste of money.",1,Sheffield City Centre,2023-09-26 02:24:00.048415
Fantastic food and great service!,5,Sheffield City Centre,2023-09-26 02:24:00.048415
"Poor quality food, waste of money.",1,Manchester Salford,2023-09-26 02:24:00.048415
Delicious meals and very clean environment.,4,London Soho,2023-09-26 02:24:00.048415
Fantastic food and great service!,4,London Hackney,2023-09-27 02:24:00.048415
"Poor quality food, waste of money.",1,Bristol City Centre,2023-09-27 02:24:00.048415
"Amazing experience, highly recommend.",5,Manchester Salford,2023-09-27 02:24:00.048415
Delicious meals and very clean environment.,5,Liverpool Anfield,2023-09-27 02:24:00.048415
"Great place for a quick bite, friendly staff.",4,Birmingham Edgbaston,2023-09-27 02:24:00.048415
"Amazing experience, highly recommend.",5,Leeds City Centre,2023-09-27 02:24:00.048415
Rude staff and long waiting times.,2,London Hackney,2023-09-27 02:24:00.048415
"Great place for a quick bite, friendly staff.",5,Birmingham Edgbaston,2023-09-27 02:24:00.048415
Fantastic food and great service!,5,Manchester Didsbury,2023-09-27 02:24:00.048415
Delicious meals and very clean environment.,4,London Soho,2023-09-27 02:24:00.048415
"Amazing experience, highly recommend.",4,Bristol Clifton,2023-09-27 02:24:00.048415
"Loved the burgers here, will definitely come back.",4,London Camden,2023-09-27 02:24:00.048415
"It was alright, the service could be better.",3,Edinburgh Old Town,2023-09-27 02:24:00.048415
"Loved the burgers here, will definitely come back.",4,Sheffield Ecclesall Road,2023-09-28 02:24:00.048415
"Amazing experience, highly recommend.",5,London Soho,2023-09-28 02:24:00.048415
"Great place for a quick bite, friendly staff.",5,London Hackney,2023-09-28 02:24:00.048415
Fantastic food and great service!,4,Cardiff Bay,2023-09-28 02:24:00.048415
"Poor quality food, waste of money.",2,Liverpool Anfield,2023-09-28 02:24:00.048415
"Loved the burgers here, will definitely come back.",5,Liverpool City Centre,2023-09-28 02:24:00.048415
Fantastic food and great service!,4,London Soho,2023-09-28 02:24:00.048415
Fantastic food and great service!,5,Bristol City Centre,2023-09-28 02:24:00.048415
Fantastic food and great service!,4,London Chelsea,2023-09-28 02:24:00.048415
"Amazing experience, highly recommend.",5,London Soho,2023-09-28 02:24:00.048415
"Loved the burgers here, will definitely come back.",4,Liverpool City Centre,2023-09-28 02:24:00.048415
"Amazing experience, highly recommend.",5,London Chelsea,2023-09-28 02:24:00.048415
Terrible service and cold food.,2,Manchester Didsbury,2023-09-28 02:24:00.048415
"Very disappointing experience, will not return.",2,London Canary Wharf,2023-09-28 02:24:00.048415
"Amazing experience, highly recommend.",5,London Chelsea,2023-09-29 02:24:00.048415
"Great place for a quick bite, friendly staff.",4,Birmingham City Centre,2023-09-29 02:24:00.048415
"Great place for a quick bite, friendly staff.",4,Liverpool City Centre,2023-09-29 02:24:00.048415
Fantastic food and great service!,5,Sheffield City Centre,2023-09-29 02:24:00.048415
Delicious meals and very clean environment.,4,Birmingham Solihull,2023-09-29 02:24:00.048415
"Loved the burgers here, will definitely come back.",5,Sheffield Ecclesall Road,2023-09-29 02:24:00.048415
Rude staff and long waiting times.,2,London Hackney,2023-09-29 02:24:00.048415
Rude staff and long waiting times.,1,Sheffield City Centre,2023-09-29 02:24:00.048415
Fantastic food and great service!,4,Manchester Central,2023-09-29 02:24:00.048415
"Great place for a quick bite, friendly staff.",4,Birmingham Edgbaston,2023-09-29 02:24:00.048415
"Great place for a quick bite, friendly staff.",5,Edinburgh New Town,2023-09-29 02:24:00.048415
"Amazing experience, highly recommend.",5,London Chelsea,2023-09-29 02:24:00.048415
Fantastic food and great service!,5,Manchester Central,2023-09-29 02:24:00.048415
Terrible service and cold food.,1,London Chelsea,2023-09-29 02:24:00.048415
"It was alright, the service could be better.",3,London Canary Wharf,2023-09-29 02:24:00.048415
"Amazing experience, highly recommend.",5,London Hackney,2023-09-30 02:24:00.048415
"Great place for a quick bite, friendly staff.",5,Manchester Didsbury,2023-09-30 02:24:00.048415
"Poor quality food, waste of money.",2,Leeds City Centre,2023-09-30 02:24:00.048415
"Very disappointing experience, will not return.",2,Glasgow City Centre,2023-09-30 02:24:00.048415
"Amazing experience, highly recommend.",5,Manchester Salford,2023-09-30 02:24:00.048415
"Poor quality food, waste of money.",2,London Camden,2023-09-30 02:24:00.048415
"Average experience, not bad but not great.",3,London Camden,2023-09-30 02:24:00.048415
"Amazing experience, highly recommend.",5,Manchester Salford,2023-09-30 02:24:00.048415
Fantastic food and great service!,4,London Soho,2023-09-30 02:24:00.048415
Fantastic food and great service!,4,London Canary Wharf,2023-09-30 02:24:00.048415
"Decent place, but I've had better.",3,London Hackney,2023-10-01 02:24:00.048415
Fantastic food and great service!,4,Birmingham Solihull,2023-10-01 02:24:00.048415
"Loved the burgers here, will definitely come back.",5,London Canary Wharf,2023-10-01 02:24:00.048415
"Loved the burgers here, will definitely come back.",5,Manchester Salford,2023-10-01 02:24:00.048415
"Decent place, but I've had better.",3,Birmingham Solihull,2023-10-01 02:24:00.048415
"Loved the burgers here, will definitely come back.",5,Manchester Salford,2023-10-01 02:24:00.048415
Delicious meals and very clean environment.,4,Glasgow West End,2023-10-01 02:24:00.048415
"Average experience, not bad but not great.",3,Sheffield Ecclesall Road,2023-10-01 02:24:00.048415
"Loved the burgers here, will definitely come back.",5,London Canary Wharf,2023-10-01 02:24:00.048415
"Very disappointing experience, will not return.",2,Glasgow City Centre,2023-10-01 02:24:00.048415
"Amazing experience, highly recommend.",4,Manchester Central,2023-10-01 02:24:00.048415
"Poor quality food, waste of money.",2,London Camden,2023-10-01 02:24:00.048415
"Amazing experience, highly recommend.",4,Edinburgh New Town,2023-10-01 02:24:00.048415
Fantastic food and great service!,5,Birmingham Edgbaston,2023-10-01 02:24:00.048415
"Poor quality food, waste of money.",1,Leeds Headingley,2023-10-01 02:24:00.048415
Terrible service and cold food.,1,London Canary Wharf,2023-10-01 02:24:00.048415
"Loved the burgers here, will definitely come back.",5,Manchester Central,2023-10-01 02:24:00.048415
"Loved the burgers here, will definitely come back.",5,Bristol City Centre,2023-10-01 02:24:00.048415
"Great place for a quick bite, friendly staff.",5,Leeds Headingley,2023-10-02 02:24:00.048415
Delicious meals and very clean environment.,5,Glasgow City Centre,2023-10-02 02:24:00.048415
"Poor quality food, waste of money.",2,Cardiff Bay,2023-10-02 02:24:00.048415
"Great place for a quick bite, friendly staff.",5,London Canary Wharf,2023-10-02 02:24:00.048415
"Poor quality food, waste of money.",1,Birmingham City Centre,2023-10-02 02:24:00.048415
Fantastic food and great service!,5,Edinburgh New Town,2023-10-02 02:24:00.048415
"Food was okay, nothing special.",3,Manchester Salford,2023-10-02 02:24:00.048415
"Awful place, would not recommend.",2,Glasgow City Centre,2023-10-02 02:24:00.048415
"Amazing experience, highly recommend.",5,London Camden,2023-10-02 02:24:00.048415
"Great place for a quick bite, friendly staff.",5,Liverpool City Centre,2023-10-02 02:24:00.048415
"Amazing experience, highly recommend.",4,London Chelsea,2023-10-02 02:24:00.048415
Rude staff and long waiting times.,1,Birmingham Edgbaston,2023-10-02 02:24:00.048415
"Great place for a quick bite, friendly staff.",4,Liverpool City Centre,2023-10-03 02:24:00.048415
Rude staff and long waiting times.,2,Leeds Headingley,2023-10-03 02:24:00.048415
"Loved the burgers here, will definitely come back.",4,Birmingham Solihull,2023-10-03 02:24:00.048415
"Great place for a quick bite, friendly staff.",4,Birmingham Solihull,2023-10-03 02:24:00.048415
"Loved the burgers here, will definitely come back.",5,Liverpool Anfield,2023-10-03 02:24:00.048415
"Food was okay, nothing special.",3,Edinburgh New Town,2023-10-03 02:24:00.048415
Delicious meals and very clean environment.,4,Glasgow City Centre,2023-10-03 02:24:00.048415
"Very disappointing experience, will not return.",2,Manchester Salford,2023-10-03 02:24:00.048415
Rude staff and long waiting times.,2,Manchester Central,2023-10-03 02:24:00.048415
"Great place for a quick bite, friendly staff.",5,Cardiff City Centre,2023-10-03 02:24:00.048415
"Mediocre food, acceptable for a quick meal.",3,Liverpool City Centre,2023-10-03 02:24:00.048415
"Amazing experience, highly recommend.",4,Manchester Salford,2023-10-03 02:24:00.048415
"Loved the burgers here, will definitely come back.",5,London Chelsea,2023-10-03 02:24:00.048415
"Great place for a quick bite, friendly staff.",5,Sheffield City Centre,2023-10-03 02:24:00.048415
"Great place for a quick bite, friendly staff.",4,Birmingham Edgbaston,2023-10-04 02:24:00.048415
"Great place for a quick bite, friendly staff.",5,Birmingham Edgbaston,2023-10-04 02:24:00.048415
"Very disappointing experience, will not return.",2,Cardiff Bay,2023-10-04 02:24:00.048415
Terrible service and cold food.,1,London Canary Wharf,2023-10-04 02:24:00.048415
"Amazing experience, highly recommend.",4,London Camden,2023-10-04 02:24:00.048415
"Very disappointing experience, will not return.",1,Glasgow City Centre,2023-10-04 02:24:00.048415
Delicious meals and very clean environment.,4,Cardiff City Centre,2023-10-04 02:24:00.048415
"Poor quality food, waste of money.",2,Bristol Clifton,2023-10-04 02:24:00.048415
Rude staff and long waiting times.,1,Edinburgh New Town,2023-10-04 02:24:00.048415
"Average experience, not bad but not great.",3,Leeds Headingley,2023-10-04 02:24:00.048415
"Loved the burgers here, will definitely come back.",4,Glasgow West End,2023-10-04 02:24:00.048415
Fantastic food and great service!,5,Liverpool City Centre,2023-10-04 02:24:00.048415
"Very disappointing experience, will not return.",1,London Camden,2023-10-04 02:24:00.048415
"Food was okay, nothing special.",3,London Camden,2023-10-04 02:24:00.048415
"Great place for a quick bite, friendly staff.",4,London Soho,2023-10-04 02:24:00.048415
"Awful place, would not recommend.",1,Birmingham Edgbaston,2023-10-05 02:24:00.048415
Fantastic food and great service!,4,Manchester Didsbury,2023-10-05 02:24:00.048415
Delicious meals and very clean environment.,5,London Canary Wharf,2023-10-05 02:24:00.048415
"Loved the burgers here, will definitely come back.",5,Manchester Central,2023-10-05 02:24:00.048415
Delicious meals and very clean environment.,5,Glasgow City Centre,2023-10-05 02:24:00.048415
"Loved the burgers here, will definitely come back.",5,Cardiff Bay,2023-10-05 02:24:00.048415
"Loved the burgers here, will definitely come back.",4,Birmingham Solihull,2023-10-05 02:24:00.048415
"It was alright, the service could be better.",3,Manchester Salford,2023-10-05 02:24:00.048415
"Loved the burgers here, will definitely come back.",4,London Chelsea,2023-10-05 02:24:00.048415
"Great place for a quick bite, friendly staff.",5,London Soho,2023-10-05 02:24:00.048415
"Loved the burgers here, will definitely come back.",4,Manchester Didsbury,2023-10-05 02:24:00.048415
"Great place for a quick bite, friendly staff.",5,Glasgow City Centre,2023-10-05 02:24:00.048415
"Amazing experience, highly recommend.",5,London Chelsea,2023-10-05 02:24:00.048415
"Decent place, but I've had better.",3,Glasgow West End,2023-10-05 02:24:00.048415
"Food was okay, nothing special.",3,Edinburgh New Town,2023-10-05 02:24:00.048415
Delicious meals and very clean environment.,4,Birmingham City Centre,2023-10-06 02:24:00.048415
"Decent place, but I've had better.",3,London Chelsea,2023-10-06 02:24:00.048415
Delicious meals and very clean environment.,4,Cardiff Bay,2023-10-06 02:24:00.048415
"Decent place, but I've had better.",3,Manchester Salford,2023-10-06 02:24:00.048415
"Great place for a quick bite, friendly staff.",4,Leeds Headingley,2023-10-06 02:24:00.048415
Delicious meals and very clean environment.,4,Birmingham Edgbaston,2023-10-06 02:24:00.048415
Terrible service and cold food.,2,London Hackney,2023-10-06 02:24:00.048415
"Amazing experience, highly recommend.",5,Manchester Central,2023-10-06 02:24:00.048415
"Poor quality food, waste of money.",2,London Hackney,2023-10-06 02:24:00.048415
"Loved the burgers here, will definitely come back.",5,Leeds Headingley,2023-10-06 02:24:00.048415
"Loved the burgers here, will definitely come back.",5,London Canary Wharf,2023-10-06 02:24:00.048415
Delicious meals and very clean environment.,4,London Camden,2023-10-06 02:24:00.048415
"Loved the burgers here, will definitely come back.",5,Bristol Clifton,2023-10-06 02:24:00.048415
Fantastic food and great service!,4,Leeds City Centre,2023-10-06 02:24:00.048415
"Great place for a quick bite, friendly staff.",4,London Chelsea,2023-10-06 02:24:00.048415
"Amazing experience, highly recommend.",5,Leeds Headingley,2023-10-06 02:24:00.048415
Delicious meals and very clean environment.,5,London Chelsea,2023-10-06 02:24:00.048415
"Loved the burgers here, will definitely come back.",4,Manchester Didsbury,2023-10-06 02:24:00.048415
"Great place for a quick bite, friendly staff.",5,London Chelsea,2023-10-07 02:24:00.048415
"Amazing experience, highly recommend.",4,London Hackney,2023-10-07 02:24:00.048415
"Decent place, but I've had better.",3,London Chelsea,2023-10-07 02:24:00.048415
Delicious meals and very clean environment.,5,Edinburgh New Town,2023-10-07 02:24:00.048415
Fantastic food and great service!,4,London Camden,2023-10-07 02:24:00.048415
Fantastic food and great service!,5,Glasgow City Centre,2023-10-07 02:24:00.048415
"Amazing experience, highly recommend.",5,London Chelsea,2023-10-07 02:24:00.048415
Fantastic food and great service!,5,London Camden,2023-10-07 02:24:00.048415
"Average experience, not bad but not great.",3,London Hackney,2023-10-07 02:24:00.048415
"Great place for a quick bite, friendly staff.",5,Cardiff City Centre,2023-10-08 02:24:00.048415
Fantastic food and great service!,5,Birmingham City Centre,2023-10-08 02:24:00.048415
"Amazing experience, highly recommend.",4,Manchester Didsbury,2023-10-08 02:24:00.048415
"Amazing experience, highly recommend.",5,Birmingham Solihull,2023-10-08 02:24:00.048415
Delicious meals and very clean environment.,5,Manchester Central,2023-10-08 02:24:00.048415
"Loved the burgers here, will definitely come back.",5,London Chelsea,2023-10-08 02:24:00.048415
Fantastic food and great service!,5,Sheffield City Centre,2023-10-08 02:24:00.048415
"Mediocre food, acceptable for a quick meal.",3,Manchester Salford,2023-10-08 02:24:00.048415
"Loved the burgers here, will definitely come back.",5,Edinburgh New Town,2023-10-08 02:24:00.048415
Delicious meals and very clean environment.,5,Leeds City Centre,2023-10-08 02:24:00.048415
"Amazing experience, highly recommend.",4,London Hackney,2023-10-08 02:24:00.048415
"Great place for a quick bite, friendly staff.",4,Leeds City Centre,2023-10-08 02:24:00.048415
Delicious meals and very clean environment.,4,Birmingham City Centre,2023-10-08 02:24:00.048415
Fantastic food and great service!,5,London Hackney,2023-10-08 02:24:00.048415
"Great place for a quick bite, friendly staff.",5,Cardiff Bay,2023-10-09 02:24:00.048415
"Amazing experience, highly recommend.",5,London Camden,2023-10-09 02:24:00.048415
"Mediocre food, acceptable for a quick meal.",3,London Camden,2023-10-09 02:24:00.048415
"Great place for a quick bite, friendly staff.",5,London Soho,2023-10-09 02:24:00.048415
"Average experience, not bad but not great.",3,Birmingham Edgbaston,2023-10-09 02:24:00.048415
"Amazing experience, highly recommend.",4,Liverpool City Centre,2023-10-09 02:24:00.048415
Terrible service and cold food.,2,Birmingham Edgbaston,2023-10-09 02:24:00.048415
"Loved the burgers here, will definitely come back.",5,Birmingham Solihull,2023-10-09 02:24:00.048415
Fantastic food and great service!,4,Cardiff City Centre,2023-10-09 02:24:00.048415
Delicious meals and very clean environment.,5,Birmingham City Centre,2023-10-09 02:24:00.048415
"Loved the burgers here, will definitely come back.",5,Bristol City Centre,2023-10-09 02:24:00.048415
Fantastic food and great service!,5,Birmingham City Centre,2023-10-09 02:24:00.048415
Delicious meals and very clean environment.,4,Cardiff Bay,2023-10-09 02:24:00.048415
"Great place for a quick bite, friendly staff.",4,Liverpool Anfield,2023-10-09 02:24:00.048415
"Amazing experience, highly recommend.",4,London Chelsea,2023-10-09 02:24:00.048415
"Amazing experience, highly recommend.",5,London Soho,2023-10-09 02:24:00.048415
"Amazing experience, highly recommend.",4,Glasgow City Centre,2023-10-09 02:24:00.048415
"Poor quality food, waste of money.",2,Sheffield City Centre,2023-10-09 02:24:00.048415
"Great place for a quick bite, friendly staff.",5,Glasgow City Centre,2023-10-09 02:24:00.048415
Delicious meals and very clean environment.,5,Birmingham Solihull,2023-10-09 02:24:00.048415
Fantastic food and great service!,5,Cardiff Bay,2023-10-09 02:24:00.048415
"Food was okay, nothing special.",3,Birmingham Solihull,2023-10-09 02:24:00.048415
Fantastic food and great service!,5,Sheffield Ecclesall Road,2023-10-09 02:24:00.048415
Fantastic food and great service!,5,London Soho,2023-10-09 02:24:00.048415
Delicious meals and very clean environment.,5,Birmingham City Centre,2023-10-10 02:24:00.048415
"Awful place, would not recommend.",2,Birmingham Edgbaston,2023-10-10 02:24:00.048415
"Mediocre food, acceptable for a quick meal.",3,Manchester Salford,2023-10-10 02:24:00.048415
"Very disappointing experience, will not return.",2,London Canary Wharf,2023-10-10 02:24:00.048415
Fantastic food and great service!,4,London Hackney,2023-10-10 02:24:00.048415
Fantastic food and great service!,4,London Canary Wharf,2023-10-10 02:24:00.048415
Delicious meals and very clean environment.,5,Birmingham City Centre,2023-10-10 02:24:00.048415
Rude staff and long waiting times.,2,Birmingham Solihull,2023-10-10 02:24:00.048415
Terrible service and cold food.,1,Manchester Salford,2023-10-10 02:24:00.048415
"Great place for a quick bite, friendly staff.",4,Cardiff City Centre,2023-10-10 02:24:00.048415
"Average experience, not bad but not great.",3,London Soho,2023-10-10 02:24:00.048415
Delicious meals and very clean environment.,5,Manchester Central,2023-10-10 02:24:00.048415
"Amazing experience, highly recommend.",5,London Hackney,2023-10-10 02:24:00.048415
Delicious meals and very clean environment.,5,London Canary Wharf,2023-10-10 02:24:00.048415
Fantastic food and great service!,4,Birmingham Solihull,2023-10-10 02:24:00.048415
Fantastic food and great service!,5,London Soho,2023-10-10 02:24:00.048415
"Very disappointing experience, will not return.",2,London Soho,2023-10-10 02:24:00.048415
Fantastic food and great service!,5,Manchester Didsbury,2023-10-10 02:24:00.048415
"Amazing experience, highly recommend.",5,Liverpool City Centre,2023-10-11 02:24:00.048415
"Loved the burgers here, will definitely come back.",4,Bristol City Centre,2023-10-11 02:24:00.048415
Fantastic food and great service!,4,London Soho,2023-10-11 02:24:00.048415
"Great place for a quick bite, friendly staff.",5,Birmingham Solihull,2023-10-11 02:24:00.048415
Rude staff and long waiting times.,1,London Camden,2023-10-11 02:24:00.048415
"Very disappointing experience, will not return.",2,Cardiff Bay,2023-10-11 02:24:00.048415
Rude staff and long waiting times.,1,Liverpool City Centre,2023-10-11 02:24:00.048415
"Very disappointing experience, will not return.",2,Liverpool City Centre,2023-10-11 02:24:00.048415
"Decent place, but I've had better.",3,Edinburgh New Town,2023-10-11 02:24:00.048415
Delicious meals and very clean environment.,5,Manchester Central,2023-10-11 02:24:00.048415
Terrible service and cold food.,1,Birmingham Edgbaston,2023-10-11 02:24:00.048415
Fantastic food and great service!,5,Birmingham Solihull,2023-10-12 02:24:00.048415
"Loved the burgers here, will definitely come back.",5,London Canary Wharf,2023-10-12 02:24:00.048415
"Average experience, not bad but not great.",3,Edinburgh New Town,2023-10-12 02:24:00.048415
Terrible service and cold food.,1,Birmingham Edgbaston,2023-10-12 02:24:00.048415
Delicious meals and very clean environment.,5,Bristol City Centre,2023-10-12 02:24:00.048415
"Decent place, but I've had better.",3,Birmingham City Centre,2023-10-12 02:24:00.048415
"It was alright, the service could be better.",3,London Camden,2023-10-12 02:24:00.048415
"Awful place, would not recommend.",2,Birmingham Edgbaston,2023-10-12 02:24:00.048415
"Amazing experience, highly recommend.",4,London Canary Wharf,2023-10-12 02:24:00.048415
"Very disappointing experience, will not return.",1,Manchester Salford,2023-10-12 02:24:00.048415
"Amazing experience, highly recommend.",5,Manchester Central,2023-10-12 02:24:00.048415
"Great place for a quick bite, friendly staff.",4,Leeds City Centre,2023-10-12 02:24:00.048415
"It was alright, the service could be better.",3,Liverpool Anfield,2023-10-12 02:24:00.048415
Fantastic food and great service!,4,Bristol Clifton,2023-10-12 02:24:00.048415
Rude staff and long waiting times.,2,Manchester Didsbury,2023-10-12 02:24:00.048415
"Poor quality food, waste of money.",1,London Chelsea,2023-10-12 02:24:00.048415
Rude staff and long waiting times.,1,Birmingham Solihull,2023-10-12 02:24:00.048415
Rude staff and long waiting times.,1,Sheffield City Centre,2023-10-12 02:24:00.048415
Rude staff and long waiting times.,2,Manchester Central,2023-10-12 02:24:00.048415
"Amazing experience, highly recommend.",4,Manchester Central,2023-10-12 02:24:00.048415
"Amazing experience, highly recommend.",5,London Canary Wharf,2023-10-13 02:24:00.048415
"Loved the burgers here, will definitely come back.",4,Glasgow West End,2023-10-13 02:24:00.048415
Delicious meals and very clean environment.,5,Sheffield City Centre,2023-10-13 02:24:00.048415
Delicious meals and very clean environment.,4,Manchester Didsbury,2023-10-13 02:24:00.048415
"Awful place, would not recommend.",1,London Chelsea,2023-10-13 02:24:00.048415
"Great place for a quick bite, friendly staff.",4,London Hackney,2023-10-13 02:24:00.048415
"Amazing experience, highly recommend.",4,London Chelsea,2023-10-13 02:24:00.048415
"Loved the burgers here, will definitely come back.",5,Edinburgh New Town,2023-10-13 02:24:00.048415
"Amazing experience, highly recommend.",5,Birmingham Edgbaston,2023-10-13 02:24:00.048415
Terrible service and cold food.,1,Manchester Salford,2023-10-13 02:24:00.048415
"Amazing experience, highly recommend.",4,Manchester Didsbury,2023-10-13 02:24:00.048415
"Loved the burgers here, will definitely come back.",4,London Hackney,2023-10-13 02:24:00.048415
"Loved the burgers here, will definitely come back.",5,Edinburgh New Town,2023-10-13 02:24:00.048415
Fantastic food and great service!,5,Birmingham City Centre,2023-10-14 02:24:00.048415
Fantastic food and great service!,5,Manchester Salford,2023-10-14 02:24:00.048415
"Very disappointing experience, will not return.",1,London Chelsea,2023-10-14 02:24:00.048415
Delicious meals and very clean environment.,5,Birmingham Solihull,2023-10-14 02:24:00.048415
"Great place for a quick bite, friendly staff.",4,London Camden,2023-10-14 02:24:00.048415
"Awful place, would not recommend.",1,London Chelsea,2023-10-14 02:24:00.048415
"Great place for a quick bite, friendly staff.",4,London Chelsea,2023-10-14 02:24:00.048415
Delicious meals and very clean environment.,5,Bristol City Centre,2023-10-14 02:24:00.048415
"Great place for a quick bite, friendly staff.",4,London Camden,2023-10-14 02:24:00.048415
"Amazing experience, highly recommend.",4,London Chelsea,2023-10-14 02:24:00.048415
Terrible service and cold food.,1,London Hackney,2023-10-14 02:24:00.048415
Delicious meals and very clean environment.,4,Leeds City Centre,2023-10-14 02:24:00.048415
Terrible service and cold food.,2,London Canary Wharf,2023-10-14 02:24:00.048415
Delicious meals and very clean environment.,5,London Canary Wharf,2023-10-15 02:24:00.048415
"Loved the burgers here, will definitely come back.",4,London Hackney,2023-10-15 02:24:00.048415
"Great place for a quick bite, friendly staff.",5,London Camden,2023-10-15 02:24:00.048415
Fantastic food and great service!,5,Manchester Didsbury,2023-10-15 02:24:00.048415
"Poor quality food, waste of money.",2,London Canary Wharf,2023-10-15 02:24:00.048415
"Amazing experience, highly recommend.",4,London Chelsea,2023-10-15 02:24:00.048415
"Loved the burgers here, will definitely come back.",4,Manchester Central,2023-10-15 02:24:00.048415
"Amazing experience, highly recommend.",5,Glasgow West End,2023-10-15 02:24:00.048415
"Very disappointing experience, will not return.",2,Bristol Clifton,2023-10-15 02:24:00.048415
"Mediocre food, acceptable for a quick meal.",3,Manchester Salford,2023-10-15 02:24:00.048415
"Poor quality food, waste of money.",2,Birmingham Solihull,2023-10-15 02:24:00.048415
"Decent place, but I've had better.",3,London Soho,2023-10-15 02:24:00.048415
Delicious meals and very clean environment.,4,London Chelsea,2023-10-15 02:24:00.048415
"Great place for a quick bite, friendly staff.",4,Birmingham Solihull,2023-10-15 02:24:00.048415
"Amazing experience, highly recommend.",4,Manchester Central,2023-10-15 02:24:00.048415
Fantastic food and great service!,5,Manchester Salford,2023-10-15 02:24:00.048415
"Loved the burgers here, will definitely come back.",5,Manchester Central,2023-10-15 02:24:00.048415
"Great place for a quick bite, friendly staff.",4,Birmingham City Centre,2023-10-15 02:24:00.048415
Rude staff and long waiting times.,2,Birmingham City Centre,2023-10-15 02:24:00.048415
"Loved the burgers here, will definitely come back.",5,London Soho,2023-10-16 02:24:00.048415
Delicious meals and very clean environment.,5,Manchester Central,2023-10-16 02:24:00.048415
"Awful place, would not recommend.",2,London Camden,2023-10-16 02:24:00.048415
"Average experience, not bad but not great.",3,Bristol Clifton,2023-10-16 02:24:00.048415
"It was alright, the service could be better.",3,Cardiff City Centre,2023-10-16 02:24:00.048415
"Great place for a quick bite, friendly staff.",5,Liverpool Anfield,2023-10-16 02:24:00.048415
Fantastic food and great service!,5,London Soho,2023-10-16 02:24:00.048415
Terrible service and cold food.,2,London Canary Wharf,2023-10-16 02:24:00.048415
Delicious meals and very clean environment.,4,London Camden,2023-10-16 02:24:00.048415
Fantastic food and great service!,5,London Camden,2023-10-16 02:24:00.048415
"Amazing experience, highly recommend.",4,London Canary Wharf,2023-10-16 02:24:00.048415
"Mediocre food, acceptable for a quick meal.",3,Birmingham City Centre,2023-10-16 02:24:00.048415
"Very disappointing experience, will not return.",1,Bristol Clifton,2023-10-16 02:24:00.048415
"Amazing experience, highly recommend.",5,Bristol Clifton,2023-10-16 02:24:00.048415
Fantastic food and great service!,4,Bristol Clifton,2023-10-16 02:24:00.048415
"Loved the burgers here, will definitely come back.",4,Glasgow City Centre,2023-10-16 02:24:00.048415
"Great place for a quick bite, friendly staff.",5,Bristol Clifton,2023-10-16 02:24:00.048415
"Loved the burgers here, will definitely come back.",5,Sheffield Ecclesall Road,2023-10-16 02:24:00.048415
"Very disappointing experience, will not return.",1,London Canary Wharf,2023-10-17 02:24:00.048415
"Mediocre food, acceptable for a quick meal.",3,Glasgow City Centre,2023-10-17 02:24:00.048415
Rude staff and long waiting times.,1,Birmingham Edgbaston,2023-10-17 02:24:00.048415
"Awful place, would not recommend.",1,London Soho,2023-10-17 02:24:00.048415
"Loved the burgers here, will definitely come back.",4,Manchester Didsbury,2023-10-17 02:24:00.048415
Fantastic food and great service!,5,Liverpool Anfield,2023-10-17 02:24:00.048415
Delicious meals and very clean environment.,5,Manchester Central,2023-10-17 02:24:00.048415
"Awful place, would not recommend.",2,Glasgow City Centre,2023-10-17 02:24:00.048415
"Awful place, would not recommend.",1,London Canary Wharf,2023-10-17 02:24:00.048415
Delicious meals and very clean environment.,5,London Soho,2023-10-17 02:24:00.048415
"Great place for a quick bite, friendly staff.",5,Glasgow City Centre,2023-10-17 02:24:00.048415
Fantastic food and great service!,4,London Camden,2023-10-17 02:24:00.048415
"Very disappointing experience, will not return.",2,Manchester Central,2023-10-17 02:24:00.048415
Delicious meals and very clean environment.,5,London Chelsea,2023-10-17 02:24:00.048415
"Mediocre food, acceptable for a quick meal.",3,Birmingham City Centre,2023-10-17 02:24:00.048415
"Loved the burgers here, will definitely come back.",5,Manchester Central,2023-10-18 02:24:00.048415
Delicious meals and very clean environment.,4,London Camden,2023-10-18 02:24:00.048415
"Amazing experience, highly recommend.",4,Birmingham Solihull,2023-10-18 02:24:00.048415
"Amazing experience, highly recommend.",5,Leeds Headingley,2023-10-18 02:24:00.048415
Delicious meals and very clean environment.,4,London Hackney,2023-10-18 02:24:00.048415
Delicious meals and very clean environment.,5,London Canary Wharf,2023-10-18 02:24:00.048415
"Poor quality food, waste of money.",2,London Soho,2023-10-18 02:24:00.048415
"Amazing experience, highly recommend.",4,Glasgow City Centre,2023-10-18 02:24:00.048415
Rude staff and long waiting times.,1,London Chelsea,2023-10-18 02:24:00.048415
"Awful place, would not recommend.",2,London Chelsea,2023-10-18 02:24:00.048415
"Very disappointing experience, will not return.",2,Cardiff Bay,2023-10-18 02:24:00.048415
"Loved the burgers here, will definitely come back.",4,Birmingham Solihull,2023-10-18 02:24:00.048415
Fantastic food and great service!,5,Glasgow City Centre,2023-10-18 02:24:00.048415
Rude staff and long waiting times.,1,Cardiff City Centre,2023-10-18 02:24:00.048415
"Great place for a quick bite, friendly staff.",5,Cardiff Bay,2023-10-19 02:24:00.048415
"Amazing experience, highly recommend.",5,London Canary Wharf,2023-10-19 02:24:00.048415
"Poor quality food, waste of money.",2,Leeds Headingley,2023-10-19 02:24:00.048415
Delicious meals and very clean environment.,5,London Camden,2023-10-19 02:24:00.048415
"Mediocre food, acceptable for a quick meal.",3,Sheffield Ecclesall Road,2023-10-19 02:24:00.048415
"Loved the burgers here, will definitely come back.",5,Manchester Salford,2023-10-19 02:24:00.048415
Delicious meals and very clean environment.,4,Birmingham Edgbaston,2023-10-19 02:24:00.048415
Fantastic food and great service!,5,London Canary Wharf,2023-10-19 02:24:00.048415
"Amazing experience, highly recommend.",4,London Camden,2023-10-19 02:24:00.048415
"Loved the burgers here, will definitely come back.",5,Edinburgh New Town,2023-10-19 02:24:00.048415
"Loved the burgers here, will definitely come back.",5,London Canary Wharf,2023-10-19 02:24:00.048415
"Great place for a quick bite, friendly staff.",5,Bristol Clifton,2023-10-19 02:24:00.048415
"Poor quality food, waste of money.",1,Edinburgh New Town,2023-10-19 02:24:00.048415
"Great place for a quick bite, friendly staff.",5,Liverpool City Centre,2023-10-19 02:24:00.048415
"Loved the burgers here, will definitely come back.",5,Birmingham Edgbaston,2023-10-19 02:24:00.048415
Fantastic food and great service!,5,London Canary Wharf,2023-10-19 02:24:00.048415
Delicious meals and very clean environment.,5,Sheffield Ecclesall Road,2023-10-19 02:24:00.048415
Terrible service and cold food.,1,Edinburgh Old Town,2023-10-19 02:24:00.048415
"Mediocre food, acceptable for a quick meal.",3,Manchester Salford,2023-10-20 02:24:00.048415
"Mediocre food, acceptable for a quick meal.",3,Sheffield Ecclesall Road,2023-10-20 02:24:00.048415
"Amazing experience, highly recommend.",4,London Camden,2023-10-20 02:24:00.048415
"Amazing experience, highly recommend.",4,Birmingham Edgbaston,2023-10-20 02:24:00.048415
"Great place for a quick bite, friendly staff.",5,Liverpool Anfield,2023-10-20 02:24:00.048415
"Amazing experience, highly recommend.",5,Liverpool City Centre,2023-10-20 02:24:00.048415
"It was alright, the service could be better.",3,Glasgow City Centre,2023-10-20 02:24:00.048415
"Amazing experience, highly recommend.",4,Sheffield City Centre,2023-10-20 02:24:00.048415
Fantastic food and great service!,5,Bristol Clifton,2023-10-20 02:24:00.048415
Fantastic food and great service!,5,London Soho,2023-10-20 02:24:00.048415
"Loved the burgers here, will definitely come back.",4,Cardiff Bay,2023-10-20 02:24:00.048415
"Very disappointing experience, will not return.",2,Manchester Central,2023-10-20 02:24:00.048415
"Amazing experience, highly recommend.",4,Leeds Headingley,2023-10-20 02:24:00.048415
Delicious meals and very clean environment.,5,Sheffield Ecclesall Road,2023-10-20 02:24:00.048415
"Loved the burgers here, will definitely come back.",4,Manchester Salford,2023-10-20 02:24:00.048415
"Loved the burgers here, will definitely come back.",5,Bristol City Centre,2023-10-21 02:24:00.048415
"Amazing experience, highly recommend.",5,Sheffield City Centre,2023-10-21 02:24:00.048415
Fantastic food and great service!,5,Leeds Headingley,2023-10-21 02:24:00.048415
"Very disappointing experience, will not return.",2,Manchester Salford,2023-10-21 02:24:00.048415
Fantastic food and great service!,5,London Soho,2023-10-21 02:24:00.048415
"Loved the burgers here, will definitely come back.",4,Manchester Didsbury,2023-10-21 02:24:00.048415
"Poor quality food, waste of money.",2,London Canary Wharf,2023-10-21 02:24:00.048415
"Amazing experience, highly recommend.",4,Birmingham Solihull,2023-10-21 02:24:00.048415
Delicious meals and very clean environment.,5,London Soho,2023-10-21 02:24:00.048415
Fantastic food and great service!,4,London Hackney,2023-10-21 02:24:00.048415
Fantastic food and great service!,5,London Camden,2023-10-21 02:24:00.048415
"It was alright, the service could be better.",3,London Soho,2023-10-21 02:24:00.048415
Delicious meals and very clean environment.,4,Birmingham Solihull,2023-10-21 02:24:00.048415
Terrible service and cold food.,1,Manchester Didsbury,2023-10-21 02:24:00.048415
"Loved the burgers here, will definitely come back.",5,London Soho,2023-10-21 02:24:00.048415
"Awful place, would not recommend.",2,London Camden,2023-10-21 02:24:00.048415
"Loved the burgers here, will definitely come back.",5,London Camden,2023-10-21 02:24:00.048415
"Mediocre food, acceptable for a quick meal.",3,Leeds City Centre,2023-10-21 02:24:00.048415
Fantastic food and great service!,4,London Chelsea,2023-10-21 02:24:00.048415
"Great place for a quick bite, friendly staff.",4,Sheffield Ecclesall Road,2023-10-22 02:24:00.048415
"Very disappointing experience, will not return.",2,Birmingham Edgbaston,2023-10-22 02:24:00.048415
Fantastic food and great service!,5,Liverpool City Centre,2023-10-22 02:24:00.048415
"Awful place, would not recommend.",1,Bristol Clifton,2023-10-22 02:24:00.048415
Fantastic food and great service!,5,Liverpool City Centre,2023-10-22 02:24:00.048415
"Awful place, would not recommend.",2,Bristol City Centre,2023-10-22 02:24:00.048415
Fantastic food and great service!,5,Manchester Central,2023-10-22 02:24:00.048415
Fantastic food and great service!,4,London Chelsea,2023-10-22 02:24:00.048415
"Amazing experience, highly recommend.",5,London Canary Wharf,2023-10-22 02:24:00.048415
Delicious meals and very clean environment.,4,Manchester Central,2023-10-22 02:24:00.048415
"Loved the burgers here, will definitely come back.",4,London Chelsea,2023-10-22 02:24:00.048415
Terrible service and cold food.,1,London Chelsea,2023-10-22 02:24:00.048415
"Loved the burgers here, will definitely come back.",5,London Hackney,2023-10-22 02:24:00.048415
Delicious meals and very clean environment.,5,Birmingham Edgbaston,2023-10-22 02:24:00.048415
"Loved the burgers here, will definitely come back.",4,London Hackney,2023-10-22 02:24:00.048415
"Loved the burgers here, will definitely come back.",4,London Canary Wharf,2023-10-22 02:24:00.048415
"Amazing experience, highly recommend.",5,Liverpool Anfield,2023-10-22 02:24:00.048415
"Loved the burgers here, will definitely come back.",4,Glasgow City Centre,2023-10-22 02:24:00.048415
"Loved the burgers here, will definitely come back.",4,Cardiff City Centre,2023-10-22 02:24:00.048415
"Very disappointing experience, will not return.",2,London Canary Wharf,2023-10-23 02:24:00.048415
"Loved the burgers here, will definitely come back.",5,London Canary Wharf,2023-10-23 02:24:00.048415
Fantastic food and great service!,5,Manchester Salford,2023-10-23 02:24:00.048415
"Amazing experience, highly recommend.",4,Birmingham Solihull,2023-10-23 02:24:00.048415
Fantastic food and great service!,4,Birmingham Solihull,2023-10-23 02:24:00.048415
"Food was okay, nothing special.",3,Birmingham City Centre,2023-10-23 02:24:00.048415
"Loved the burgers here, will definitely come back.",5,Manchester Salford,2023-10-23 02:24:00.048415
Fantastic food and great service!,5,London Camden,2023-10-23 02:24:00.048415
"Great place for a quick bite, friendly staff.",4,London Hackney,2023-10-23 02:24:00.048415
"Amazing experience, highly recommend.",5,Edinburgh Old Town,2023-10-23 02:24:00.048415
"Great place for a quick bite, friendly staff.",4,Manchester Central,2023-10-23 02:24:00.048415
"Awful place, would not recommend.",2,Edinburgh Old Town,2023-10-23 02:24:00.048415
Delicious meals and very clean environment.,5,Leeds Headingley,2023-10-23 02:24:00.048415
Fantastic food and great service!,5,London Camden,2023-10-23 02:24:00.048415
"Great place for a quick bite, friendly staff.",4,Manchester Salford,2023-10-23 02:24:00.048415
"Decent place, but I've had better.",3,Cardiff Bay,2023-10-23 02:24:00.048415
"Loved the burgers here, will definitely come back.",4,Manchester Didsbury,2023-10-23 02:24:00.048415
"Amazing experience, highly recommend.",4,Birmingham City Centre,2023-10-24 02:24:00.048415
Terrible service and cold food.,2,London Camden,2023-10-24 02:24:00.048415
"Poor quality food, waste of money.",2,Manchester Didsbury,2023-10-24 02:24:00.048415
"Loved the burgers here, will definitely come back.",4,London Camden,2023-10-24 02:24:00.048415
"Great place for a quick bite, friendly staff.",5,Manchester Salford,2023-10-24 02:24:00.048415
Fantastic food and great service!,5,Birmingham Solihull,2023-10-24 02:24:00.048415
"Awful place, would not recommend.",1,Manchester Central,2023-10-24 02:24:00.048415
"It was alright, the service could be better.",3,London Hackney,2023-10-24 02:24:00.048415
"It was alright, the service could be better.",3,Birmingham Edgbaston,2023-10-24 02:24:00.048415
"Food was okay, nothing special.",3,London Camden,2023-10-24 02:24:00.048415
Delicious meals and very clean environment.,4,Liverpool Anfield,2023-10-24 02:24:00.048415
Delicious meals and very clean environment.,5,Manchester Central,2023-10-24 02:24:00.048415
Delicious meals and very clean environment.,5,Sheffield City Centre,2023-10-24 02:24:00.048415
"Average experience, not bad but not great.",3,London Camden,2023-10-24 02:24:00.048415
"Loved the burgers here, will definitely come back.",5,Cardiff Bay,2023-10-24 02:24:00.048415
"Average experience, not bad but not great.",3,Manchester Salford,2023-10-24 02:24:00.048415
"Amazing experience, highly recommend.",5,London Camden,2023-10-24 02:24:00.048415
"Great place for a quick bite, friendly staff.",5,Sheffield Ecclesall Road,2023-10-24 02:24:00.048415
Terrible service and cold food.,1,Liverpool City Centre,2023-10-25 02:24:00.048415
"Amazing experience, highly recommend.",5,London Chelsea,2023-10-25 02:24:00.048415
Fantastic food and great service!,5,Birmingham Edgbaston,2023-10-25 02:24:00.048415
Delicious meals and very clean environment.,5,Bristol Clifton,2023-10-25 02:24:00.048415
Delicious meals and very clean environment.,5,Manchester Salford,2023-10-25 02:24:00.048415
"Decent place, but I've had better.",3,Birmingham City Centre,2023-10-25 02:24:00.048415
"Loved the burgers here, will definitely come back.",5,Glasgow City Centre,2023-10-25 02:24:00.048415
Delicious meals and very clean environment.,5,Liverpool City Centre,2023-10-25 02:24:00.048415
"Mediocre food, acceptable for a quick meal.",3,Birmingham Solihull,2023-10-25 02:24:00.048415
"Amazing experience, highly recommend.",5,Bristol City Centre,2023-10-25 02:24:00.048415
Delicious meals and very clean environment.,5,London Canary Wharf,2023-10-26 02:24:00.048415
Delicious meals and very clean environment.,5,London Soho,2023-10-26 02:24:00.048415
"Loved the burgers here, will definitely come back.",4,Manchester Didsbury,2023-10-26 02:24:00.048415
Fantastic food and great service!,4,London Hackney,2023-10-26 02:24:00.048415
"Awful place, would not recommend.",2,Birmingham Solihull,2023-10-26 02:24:00.048415
Fantastic food and great service!,4,London Chelsea,2023-10-26 02:24:00.048415
Terrible service and cold food.,2,Manchester Didsbury,2023-10-26 02:24:00.048415
Delicious meals and very clean environment.,5,London Camden,2023-10-26 02:24:00.048415
"Average experience, not bad but not great.",3,Leeds Headingley,2023-10-26 02:24:00.048415
"Very disappointing experience, will not return.",1,London Canary Wharf,2023-10-26 02:24:00.048415
Fantastic food and great service!,5,Sheffield City Centre,2023-10-26 02:24:00.048415
"Amazing experience, highly recommend.",5,Leeds Headingley,2023-10-27 02:24:00.048415
"Great place for a quick bite, friendly staff.",5,London Camden,2023-10-27 02:24:00.048415
Fantastic food and great service!,5,Glasgow City Centre,2023-10-27 02:24:00.048415
"Loved the burgers here, will definitely come back.",4,Sheffield City Centre,2023-10-27 02:24:00.048415
"Loved the burgers here, will definitely come back.",4,Manchester Central,2023-10-27 02:24:00.048415
"Amazing experience, highly recommend.",5,London Canary Wharf,2023-10-27 02:24:00.048415
"Amazing experience, highly recommend.",5,Bristol Clifton,2023-10-27 02:24:00.048415
"Loved the burgers here, will definitely come back.",4,London Camden,2023-10-27 02:24:00.048415
"Average experience, not bad but not great.",3,Edinburgh New Town,2023-10-27 02:24:00.048415
Terrible service and cold food.,2,Birmingham Solihull,2023-10-27 02:24:00.048415
Fantastic food and great service!,5,Sheffield City Centre,2023-10-27 02:24:00.048415
"Very disappointing experience, will not return.",2,Glasgow City Centre,2023-10-27 02:24:00.048415
Delicious meals and very clean environment.,4,London Soho,2023-10-27 02:24:00.048415
Fantastic food and great service!,5,Bristol City Centre,2023-10-27 02:24:00.048415
"Very disappointing experience, will not return.",2,Bristol Clifton,2023-10-27 02:24:00.048415
Fantastic food and great service!,4,Manchester Didsbury,2023-10-27 02:24:00.048415
"Great place for a quick bite, friendly staff.",4,Birmingham City Centre,2023-10-27 02:24:00.048415
Delicious meals and very clean environment.,4,London Hackney,2023-10-27 02:24:00.048415
"Great place for a quick bite, friendly staff.",5,London Camden,2023-10-28 02:24:00.048415
Fantastic food and great service!,5,Bristol City Centre,2023-10-28 02:24:00.048415
Fantastic food and great service!,5,Manchester Salford,2023-10-28 02:24:00.048415
"Amazing experience, highly recommend.",5,Cardiff Bay,2023-10-28 02:24:00.048415
"Very disappointing experience, will not return.",2,London Soho,2023-10-28 02:24:00.048415
"Very disappointing experience, will not return.",2,Manchester Salford,2023-10-28 02:24:00.048415
"Great place for a quick bite, friendly staff.",5,Sheffield City Centre,2023-10-28 02:24:00.048415
Fantastic food and great service!,4,Edinburgh New Town,2023-10-28 02:24:00.048415
"Very disappointing experience, will not return.",1,London Chelsea,2023-10-28 02:24:00.048415
Fantastic food and great service!,4,Birmingham City Centre,2023-10-28 02:24:00.048415
Delicious meals and very clean environment.,5,London Camden,2023-10-28 02:24:00.048415
"Awful place, would not recommend.",2,Glasgow West End,2023-10-28 02:24:00.048415
"Poor quality food, waste of money.",1,Liverpool City Centre,2023-10-28 02:24:00.048415
"Amazing experience, highly recommend.",4,London Soho,2023-10-28 02:24:00.048415
"Amazing experience, highly recommend.",5,London Canary Wharf,2023-10-28 02:24:00.048415
"Great place for a quick bite, friendly staff.",4,Leeds City Centre,2023-10-28 02:24:00.048415
"Great place for a quick bite, friendly staff.",4,London Soho,2023-10-29 02:24:00.048415
"Mediocre food, acceptable for a quick meal.",3,London Hackney,2023-10-29 02:24:00.048415
"Amazing experience, highly recommend.",4,London Soho,2023-10-29 02:24:00.048415
Fantastic food and great service!,4,Birmingham Edgbaston,2023-10-29 02:24:00.048415
"Poor quality food, waste of money.",2,Bristol Clifton,2023-10-29 02:24:00.048415
Delicious meals and very clean environment.,4,Liverpool Anfield,2023-10-29 02:24:00.048415
"Loved the burgers here, will definitely come back.",4,Sheffield Ecclesall Road,2023-10-29 02:24:00.048415
Rude staff and long waiting times.,2,London Canary Wharf,2023-10-29 02:24:00.048415
"Loved the burgers here, will definitely come back.",5,Manchester Salford,2023-10-29 02:24:00.048415
"Amazing experience, highly recommend.",4,Manchester Didsbury,2023-10-29 02:24:00.048415
Fantastic food and great service!,5,Cardiff City Centre,2023-10-29 02:24:00.048415
Rude staff and long waiting times.,1,London Soho,2023-10-29 02:24:00.048415
"Amazing experience, highly recommend.",5,London Chelsea,2023-10-29 02:24:00.048415
"Great place for a quick bite, friendly staff.",4,London Camden,2023-10-29 02:24:00.048415
"Amazing experience, highly recommend.",4,Glasgow West End,2023-10-29 02:24:00.048415
"Awful place, would not recommend.",2,Edinburgh Old Town,2023-10-29 02:24:00.048415
Fantastic food and great service!,5,London Soho,2023-10-29 02:24:00.048415
"Loved the burgers here, will definitely come back.",4,Birmingham Solihull,2023-10-29 02:24:00.048415
Terrible service and cold food.,2,Manchester Salford,2023-10-29 02:24:00.048415
"Great place for a quick bite, friendly staff.",4,Birmingham Edgbaston,2023-10-29 02:24:00.048415
"It was alright, the service could be better.",3,Birmingham Solihull,2023-10-29 02:24:00.048415
Fantastic food and great service!,5,London Soho,2023-10-29 02:24:00.048415
"Mediocre food, acceptable for a quick meal.",3,Birmingham Edgbaston,2023-10-29 02:24:00.048415
"Amazing experience, highly recommend.",4,London Chelsea,2023-10-29 02:24:00.048415
"Great place for a quick bite, friendly staff.",4,London Camden,2023-10-29 02:24:00.048415
"Great place for a quick bite, friendly staff.",4,London Hackney,2023-10-29 02:24:00.048415
"Food was okay, nothing special.",3,London Camden,2023-10-29 02:24:00.048415
"Amazing experience, highly recommend.",4,Manchester Salford,2023-10-29 02:24:00.048415
"Loved the burgers here, will definitely come back.",5,Bristol Clifton,2023-10-29 02:24:00.048415
Delicious meals and very clean environment.,4,Birmingham City Centre,2023-10-29 02:24:00.048415
Terrible service and cold food.,1,Bristol City Centre,2023-10-29 02:24:00.048415
"Amazing experience, highly recommend.",5,Glasgow West End,2023-10-29 02:24:00.048415
"Great place for a quick bite, friendly staff.",5,Sheffield Ecclesall Road,2023-10-29 02:24:00.048415
"Great place for a quick bite, friendly staff.",5,Manchester Salford,2023-10-29 02:24:00.048415
"Great place for a quick bite, friendly staff.",4,Manchester Central,2023-10-29 02:24:00.048415
"Awful place, would not recommend.",1,Bristol Clifton,2023-10-29 02:24:00.048415
"Food was okay, nothing special.",3,Birmingham Edgbaston,2023-10-29 02:24:00.048415
Fantastic food and great service!,4,London Chelsea,2023-10-29 02:24:00.048415
"Average experience, not bad but not great.",3,Manchester Didsbury,2023-10-29 02:24:00.048415
"Great place for a quick bite, friendly staff.",5,London Chelsea,2023-10-29 02:24:00.048415
Delicious meals and very clean environment.,4,London Chelsea,2023-10-29 02:24:00.048415
Fantastic food and great service!,5,Cardiff Bay,2023-10-29 02:24:00.048415
"Amazing experience, highly recommend.",4,London Chelsea,2023-10-29 02:24:00.048415
"Very disappointing experience, will not return.",1,London Chelsea,2023-10-29 02:24:00.048415
"Loved the burgers here, will definitely come back.",5,London Hackney,2023-10-29 02:24:00.048415
"Poor quality food, waste of money.",2,London Canary Wharf,2023-10-29 02:24:00.048415
"Loved the burgers here, will definitely come back.",5,London Camden,2023-10-29 02:24:00.048415
"Awful place, would not recommend.",2,Manchester Salford,2023-10-29 02:24:00.048415
"Amazing experience, highly recommend.",5,London Chelsea,2023-10-29 02:24:00.048415
"Loved the burgers here, will definitely come back.",5,Manchester Central,2023-10-29 02:24:00.048415
"Great place for a quick bite, friendly staff.",5,Edinburgh New Town,2023-10-29 02:24:00.048415
Delicious meals and very clean environment.,5,London Canary Wharf,2023-10-29 02:24:00.048415
Rude staff and long waiting times.,1,London Canary Wharf,2023-10-29 02:24:00.048415
"Loved the burgers here, will definitely come back.",5,Liverpool City Centre,2023-10-29 02:24:00.048415
"Amazing experience, highly recommend.",4,Manchester Central,2023-10-29 02:24:00.048415
"Great place for a quick bite, friendly staff.",4,London Hackney,2023-10-29 02:24:00.048415
"Very disappointing experience, will not return.",2,Manchester Central,2023-10-29 02:24:00.048415
"It was alright, the service could be better.",3,London Canary Wharf,2023-10-29 02:24:00.048415
"Loved the burgers here, will definitely come back.",5,London Hackney,2023-10-29 02:24:00.048415
"Awful place, would not recommend.",2,Cardiff City Centre,2023-10-29 02:24:00.048415
"Very disappointing experience, will not return.",1,Glasgow West End,2023-10-29 02:24:00.048415
"Decent place, but I've had better.",3,Bristol Clifton,2023-10-29 02:24:00.048415
"Amazing experience, highly recommend.",5,Edinburgh Old Town,2023-10-29 02:24:00.048415
"Great place for a quick bite, friendly staff.",5,Birmingham City Centre,2023-10-29 02:24:00.048415
"Loved the burgers here, will definitely come back.",4,Cardiff Bay,2023-10-29 02:24:00.048415
"Amazing experience, highly recommend.",4,London Canary Wharf,2023-10-29 02:24:00.048415
"Amazing experience, highly recommend.",5,Birmingham Solihull,2023-10-29 02:24:00.048415
"Great place for a quick bite, friendly staff.",4,Liverpool Anfield,2023-10-29 02:24:00.048415
Delicious meals and very clean environment.,4,London Chelsea,2023-10-29 02:24:00.048415
"Amazing experience, highly recommend.",4,Manchester Salford,2023-10-29 02:24:00.048415
Delicious meals and very clean environment.,4,Birmingham Solihull,2023-10-29 02:24:00.048415
Rude staff and long waiting times.,1,London Hackney,2023-10-29 02:24:00.048415
Delicious meals and very clean environment.,5,Birmingham Solihull,2023-10-29 02:24:00.048415
"Great place for a quick bite, friendly staff.",5,London Hackney,2023-10-29 02:24:00.048415
"Loved the burgers here, will definitely come back.",4,Glasgow City Centre,2023-10-29 02:24:00.048415
"Average experience, not bad but not great.",3,Cardiff City Centre,2023-10-29 02:24:00.048415
"Amazing experience, highly recommend.",4,Bristol City Centre,2023-10-29 02:24:00.048415
"Loved the burgers here, will definitely come back.",4,Manchester Central,2023-10-29 02:24:00.048415
"Decent place, but I've had better.",3,Leeds Headingley,2023-10-29 02:24:00.048415
"Amazing experience, highly recommend.",5,Manchester Didsbury,2023-10-29 02:24:00.048415
"Great place for a quick bite, friendly staff.",4,Leeds City Centre,2023-10-29 02:24:00.048415
"Loved the burgers here, will definitely come back.",5,London Chelsea,2023-10-29 02:24:00.048415
Fantastic food and great service!,4,Leeds City Centre,2023-10-29 02:24:00.048415
"Loved the burgers here, will definitely come back.",5,Leeds City Centre,2023-10-29 02:24:00.048415
"Loved the burgers here, will definitely come back.",5,Manchester Salford,2023-10-30 02:24:00.048415
"Great place for a quick bite, friendly staff.",5,Glasgow West End,2023-10-30 02:24:00.048415
"Great place for a quick bite, friendly staff.",4,Birmingham City Centre,2023-10-30 02:24:00.048415
"Loved the burgers here, will definitely come back.",5,London Hackney,2023-10-30 02:24:00.048415
"Great place for a quick bite, friendly staff.",5,London Hackney,2023-10-30 02:24:00.048415
"Loved the burgers here, will definitely come back.",5,Manchester Salford,2023-10-30 02:24:00.048415
Fantastic food and great service!,5,Manchester Salford,2023-10-30 02:24:00.048415
Delicious meals and very clean environment.,4,London Camden,2023-10-30 02:24:00.048415
"Amazing experience, highly recommend.",5,Bristol Clifton,2023-10-30 02:24:00.048415
Delicious meals and very clean environment.,5,London Camden,2023-10-30 02:24:00.048415
"Amazing experience, highly recommend.",4,Manchester Didsbury,2023-10-30 02:24:00.048415
"Loved the burgers here, will definitely come back.",4,Birmingham Solihull,2023-10-30 02:24:00.048415
"Loved the burgers here, will definitely come back.",5,Birmingham Solihull,2023-10-30 02:24:00.048415
"Loved the burgers here, will definitely come back.",4,Manchester Central,2023-10-30 02:24:00.048415
"Loved the burgers here, will definitely come back.",5,Manchester Salford,2023-10-30 02:24:00.048415
"Amazing experience, highly recommend.",4,Leeds City Centre,2023-10-31 02:24:00.048415
"Amazing experience, highly recommend.",5,London Soho,2023-10-31 02:24:00.048415
"Awful place, would not recommend.",2,Birmingham City Centre,2023-10-31 02:24:00.048415
"Amazing experience, highly recommend.",4,Cardiff Bay,2023-10-31 02:24:00.048415
"Awful place, would not recommend.",2,Birmingham Edgbaston,2023-10-31 02:24:00.048415
"It was alright, the service could be better.",3,London Chelsea,2023-10-31 02:24:00.048415
"Mediocre food, acceptable for a quick meal.",3,London Soho,2023-10-31 02:24:00.048415
"Poor quality food, waste of money.",2,Sheffield City Centre,2023-10-31 02:24:00.048415
Delicious meals and very clean environment.,4,Sheffield City Centre,2023-10-31 02:24:00.048415
"Loved the burgers here, will definitely come back.",4,London Hackney,2023-10-31 02:24:00.048415
"Very disappointing experience, will not return.",1,London Camden,2023-10-31 02:24:00.048415
"Great place for a quick bite, friendly staff.",5,Birmingham Solihull,2023-11-01 02:24:00.048415
Fantastic food and great service!,5,Edinburgh Old Town,2023-11-01 02:24:00.048415
"Great place for a quick bite, friendly staff.",5,Manchester Salford,2023-11-01 02:24:00.048415
"Amazing experience, highly recommend.",4,Edinburgh New Town,2023-11-01 02:24:00.048415
Fantastic food and great service!,4,London Chelsea,2023-11-01 02:24:00.048415
Fantastic food and great service!,5,Sheffield City Centre,2023-11-01 02:24:00.048415
Delicious meals and very clean environment.,5,Leeds City Centre,2023-11-01 02:24:00.048415
Fantastic food and great service!,4,Liverpool City Centre,2023-11-01 02:24:00.048415
Fantastic food and great service!,4,London Chelsea,2023-11-01 02:24:00.048415
Delicious meals and very clean environment.,5,London Hackney,2023-11-01 02:24:00.048415
Terrible service and cold food.,1,Liverpool Anfield,2023-11-01 02:24:00.048415
"Amazing experience, highly recommend.",5,London Hackney,2023-11-01 02:24:00.048415
Fantastic food and great service!,4,London Hackney,2023-11-01 02:24:00.048415
Fantastic food and great service!,4,London Canary Wharf,2023-11-01 02:24:00.048415
"Amazing experience, highly recommend.",4,Sheffield City Centre,2023-11-02 02:24:00.048415
"Loved the burgers here, will definitely come back.",4,Liverpool City Centre,2023-11-02 02:24:00.048415
Rude staff and long waiting times.,1,Liverpool City Centre,2023-11-02 02:24:00.048415
Fantastic food and great service!,4,Cardiff Bay,2023-11-02 02:24:00.048415
"Amazing experience, highly recommend.",5,London Soho,2023-11-02 02:24:00.048415
"Loved the burgers here, will definitely come back.",5,London Soho,2023-11-02 02:24:00.048415
"Food was okay, nothing special.",3,London Soho,2023-11-02 02:24:00.048415
"Loved the burgers here, will definitely come back.",5,London Chelsea,2023-11-02 02:24:00.048415
"Loved the burgers here, will definitely come back.",5,London Chelsea,2023-11-02 02:24:00.048415
"Awful place, would not recommend.",2,Bristol City Centre,2023-11-02 02:24:00.048415
"Amazing experience, highly recommend.",5,Birmingham Edgbaston,2023-11-02 02:24:00.048415
"Loved the burgers here, will definitely come back.",4,Liverpool City Centre,2023-11-02 02:24:00.048415
"It was alright, the service could be better.",3,Manchester Central,2023-11-02 02:24:00.048415
Delicious meals and very clean environment.,4,Glasgow City Centre,2023-11-02 02:24:00.048415
"Amazing experience, highly recommend.",4,Liverpool City Centre,2023-11-02 02:24:00.048415
"Amazing experience, highly recommend.",5,London Camden,2023-11-02 02:24:00.048415
"Loved the burgers here, will definitely come back.",5,London Soho,2023-11-02 02:24:00.048415
Fantastic food and great service!,4,Cardiff City Centre,2023-11-02 02:24:00.048415
"Great place for a quick bite, friendly staff.",5,Birmingham City Centre,2023-11-02 02:24:00.048415
"Awful place, would not recommend.",2,Leeds Headingley,2023-11-02 02:24:00.048415
Fantastic food and great service!,4,Bristol City Centre,2023-11-02 02:24:00.048415
"Amazing experience, highly recommend.",4,London Camden,2023-11-03 02:24:00.048415
Delicious meals and very clean environment.,5,Manchester Salford,2023-11-03 02:24:00.048415
Fantastic food and great service!,5,Bristol City Centre,2023-11-03 02:24:00.048415
Delicious meals and very clean environment.,4,Birmingham Solihull,2023-11-03 02:24:00.048415
"Great place for a quick bite, friendly staff.",5,London Canary Wharf,2023-11-03 02:24:00.048415
"Great place for a quick bite, friendly staff.",5,Birmingham Edgbaston,2023-11-03 02:24:00.048415
"Loved the burgers here, will definitely come back.",5,Glasgow West End,2023-11-03 02:24:00.048415
"Poor quality food, waste of money.",1,Edinburgh Old Town,2023-11-03 02:24:00.048415
"Great place for a quick bite, friendly staff.",5,Edinburgh Old Town,2023-11-03 02:24:00.048415
"Loved the burgers here, will definitely come back.",5,Leeds City Centre,2023-11-03 02:24:00.048415
Delicious meals and very clean environment.,4,London Hackney,2023-11-03 02:24:00.048415
"Food was okay, nothing special.",3,London Chelsea,2023-11-03 02:24:00.048415
"Loved the burgers here, will definitely come back.",4,London Hackney,2023-11-03 02:24:00.048415
"Great place for a quick bite, friendly staff.",5,London Chelsea,2023-11-03 02:24:00.048415
"Amazing experience, highly recommend.",5,Sheffield City Centre,2023-11-03 02:24:00.048415
"Amazing experience, highly recommend.",4,London Hackney,2023-11-03 02:24:00.048415
"Loved the burgers here, will definitely come back.",4,Cardiff City Centre,2023-11-03 02:24:00.048415
Delicious meals and very clean environment.,5,Birmingham City Centre,2023-11-03 02:24:00.048415
"Awful place, would not recommend.",2,Edinburgh Old Town,2023-11-03 02:24:00.048415
"Awful place, would not recommend.",1,London Chelsea,2023-11-03 02:24:00.048415
"Loved the burgers here, will definitely come back.",5,London Canary Wharf,2023-11-03 02:24:00.048415
"Loved the burgers here, will definitely come back.",4,Sheffield City Centre,2023-11-04 02:24:00.048415
"Amazing experience, highly recommend.",4,Leeds City Centre,2023-11-04 02:24:00.048415
Rude staff and long waiting times.,2,London Canary Wharf,2023-11-04 02:24:00.048415
"Mediocre food, acceptable for a quick meal.",3,Cardiff City Centre,2023-11-04 02:24:00.048415
"Amazing experience, highly recommend.",5,Glasgow West End,2023-11-04 02:24:00.048415
"It was alright, the service could be better.",3,Leeds Headingley,2023-11-04 02:24:00.048415
Fantastic food and great service!,5,London Soho,2023-11-04 02:24:00.048415
"Amazing experience, highly recommend.",4,Manchester Didsbury,2023-11-04 02:24:00.048415
"Amazing experience, highly recommend.",5,Manchester Didsbury,2023-11-04 02:24:00.048415
"Loved the burgers here, will definitely come back.",4,Liverpool Anfield,2023-11-04 02:24:00.048415
Rude staff and long waiting times.,2,Liverpool City Centre,2023-11-04 02:24:00.048415
"Loved the burgers here, will definitely come back.",4,Edinburgh Old Town,2023-11-04 02:24:00.048415
Rude staff and long waiting times.,1,London Hackney,2023-11-04 02:24:00.048415
Fantastic food and great service!,4,London Hackney,2023-11-04 02:24:00.048415
Terrible service and cold food.,1,Liverpool City Centre,2023-11-04 02:24:00.048415
Delicious meals and very clean environment.,5,Manchester Didsbury,2023-11-05 02:24:00.048415
"It was alright, the service could be better.",3,Birmingham Edgbaston,2023-11-05 02:24:00.048415
"Loved the burgers here, will definitely come back.",5,Leeds City Centre,2023-11-05 02:24:00.048415
Fantastic food and great service!,5,Birmingham City Centre,2023-11-05 02:24:00.048415
"Great place for a quick bite, friendly staff.",5,London Chelsea,2023-11-05 02:24:00.048415
Fantastic food and great service!,4,Leeds City Centre,2023-11-05 02:24:00.048415
"Amazing experience, highly recommend.",5,Cardiff City Centre,2023-11-05 02:24:00.048415
Fantastic food and great service!,5,London Canary Wharf,2023-11-05 02:24:00.048415
"Amazing experience, highly recommend.",5,London Camden,2023-11-05 02:24:00.048415
Fantastic food and great service!,4,Cardiff Bay,2023-11-05 02:24:00.048415
"Amazing experience, highly recommend.",5,London Canary Wharf,2023-11-05 02:24:00.048415
Rude staff and long waiting times.,1,Liverpool Anfield,2023-11-05 02:24:00.048415
Fantastic food and great service!,5,London Chelsea,2023-11-05 02:24:00.048415
Delicious meals and very clean environment.,4,Manchester Salford,2023-11-05 02:24:00.048415
"Very disappointing experience, will not return.",2,London Canary Wharf,2023-11-05 02:24:00.048415
Delicious meals and very clean environment.,4,Manchester Central,2023-11-05 02:24:00.048415
Fantastic food and great service!,4,Leeds City Centre,2023-11-05 02:24:00.048415
Delicious meals and very clean environment.,5,Leeds Headingley,2023-11-05 02:24:00.048415
Delicious meals and very clean environment.,5,Manchester Salford,2023-11-05 02:24:00.048415
"Mediocre food, acceptable for a quick meal.",3,Liverpool Anfield,2023-11-05 02:24:00.048415
"Great place for a quick bite, friendly staff.",4,Edinburgh New Town,2023-11-06 02:24:00.048415
"Awful place, would not recommend.",2,Glasgow City Centre,2023-11-06 02:24:00.048415
Fantastic food and great service!,4,Edinburgh New Town,2023-11-06 02:24:00.048415
"It was alright, the service could be better.",3,London Camden,2023-11-06 02:24:00.048415
"Loved the burgers here, will definitely come back.",4,London Camden,2023-11-06 02:24:00.048415
Fantastic food and great service!,5,Birmingham Solihull,2023-11-06 02:24:00.048415
Delicious meals and very clean environment.,5,London Chelsea,2023-11-06 02:24:00.048415
Delicious meals and very clean environment.,5,London Camden,2023-11-06 02:24:00.048415
"Poor quality food, waste of money.",1,Birmingham Edgbaston,2023-11-06 02:24:00.048415
Terrible service and cold food.,1,London Canary Wharf,2023-11-06 02:24:00.048415
"Loved the burgers here, will definitely come back.",5,Bristol Clifton,2023-11-06 02:24:00.048415
Delicious meals and very clean environment.,4,Manchester Didsbury,2023-11-06 02:24:00.048415
"Great place for a quick bite, friendly staff.",4,Leeds City Centre,2023-11-06 02:24:00.048415
"Amazing experience, highly recommend.",5,Leeds City Centre,2023-11-06 02:24:00.048415
"Awful place, would not recommend.",2,Edinburgh New Town,2023-11-06 02:24:00.048415
"Great place for a quick bite, friendly staff.",5,Manchester Salford,2023-11-06 02:24:00.048415
"Amazing experience, highly recommend.",4,London Camden,2023-11-06 02:24:00.048415
Terrible service and cold food.,1,Birmingham Solihull,2023-11-06 02:24:00.048415
"Amazing experience, highly recommend.",5,Cardiff Bay,2023-11-07 02:24:00.048415
Delicious meals and very clean environment.,5,London Camden,2023-11-07 02:24:00.048415
"Great place for a quick bite, friendly staff.",4,Birmingham City Centre,2023-11-07 02:24:00.048415
"Amazing experience, highly recommend.",4,London Chelsea,2023-11-07 02:24:00.048415
Fantastic food and great service!,5,Birmingham City Centre,2023-11-07 02:24:00.048415
"Great place for a quick bite, friendly staff.",5,London Camden,2023-11-07 02:24:00.048415
Fantastic food and great service!,5,London Hackney,2023-11-07 02:24:00.048415
"Amazing experience, highly recommend.",5,Manchester Central,2023-11-07 02:24:00.048415
"Great place for a quick bite, friendly staff.",4,London Hackney,2023-11-07 02:24:00.048415
Fantastic food and great service!,5,London Camden,2023-11-07 02:24:00.048415
"Great place for a quick bite, friendly staff.",5,Bristol Clifton,2023-11-08 02:24:00.048415
Delicious meals and very clean environment.,4,London Canary Wharf,2023-11-08 02:24:00.048415
Delicious meals and very clean environment.,4,London Soho,2023-11-08 02:24:00.048415
"Very disappointing experience, will not return.",1,Cardiff City Centre,2023-11-08 02:24:00.048415
Fantastic food and great service!,5,Birmingham Edgbaston,2023-11-08 02:24:00.048415
Fantastic food and great service!,5,London Chelsea,2023-11-08 02:24:00.048415
Fantastic food and great service!,5,London Soho,2023-11-08 02:24:00.048415
"Amazing experience, highly recommend.",4,Glasgow West End,2023-11-08 02:24:00.048415
"Loved the burgers here, will definitely come back.",5,London Soho,2023-11-08 02:24:00.048415
"Poor quality food, waste of money.",2,London Soho,2023-11-08 02:24:00.048415
Delicious meals and very clean environment.,5,Manchester Salford,2023-11-08 02:24:00.048415
Fantastic food and great service!,5,London Hackney,2023-11-08 02:24:00.048415
"Poor quality food, waste of money.",2,Cardiff City Centre,2023-11-08 02:24:00.048415
"Great place for a quick bite, friendly staff.",4,London Hackney,2023-11-08 02:24:00.048415
"Poor quality food, waste of money.",1,London Camden,2023-11-08 02:24:00.048415
"Loved the burgers here, will definitely come back.",5,London Camden,2023-11-08 02:24:00.048415
Fantastic food and great service!,5,Manchester Didsbury,2023-11-08 02:24:00.048415
"Very disappointing experience, will not return.",1,London Camden,2023-11-08 02:24:00.048415
Fantastic food and great service!,5,Glasgow West End,2023-11-08 02:24:00.048415
"Loved the burgers here, will definitely come back.",5,Birmingham Edgbaston,2023-11-08 02:24:00.048415
Fantastic food and great service!,4,Leeds City Centre,2023-11-08 02:24:00.048415
"Amazing experience, highly recommend.",4,Leeds Headingley,2023-11-08 02:24:00.048415
Fantastic food and great service!,5,London Canary Wharf,2023-11-08 02:24:00.048415
"Amazing experience, highly recommend.",5,Sheffield Ecclesall Road,2023-11-08 02:24:00.048415
"Awful place, would not recommend.",1,Manchester Didsbury,2023-11-08 02:24:00.048415
"Loved the burgers here, will definitely come back.",5,Cardiff Bay,2023-11-08 02:24:00.048415
"Loved the burgers here, will definitely come back.",5,Edinburgh Old Town,2023-11-08 02:24:00.048415
"Awful place, would not recommend.",1,London Hackney,2023-11-08 02:24:00.048415
"Poor quality food, waste of money.",1,Bristol City Centre,2023-11-08 02:24:00.048415
"Loved the burgers here, will definitely come back.",5,Manchester Salford,2023-11-08 02:24:00.048415
"Awful place, would not recommend.",1,London Camden,2023-11-08 02:24:00.048415
"Amazing experience, highly recommend.",5,London Chelsea,2023-11-08 02:24:00.048415
"Great place for a quick bite, friendly staff.",5,London Chelsea,2023-11-08 02:24:00.048415
Rude staff and long waiting times.,1,Birmingham Solihull,2023-11-08 02:24:00.048415
Delicious meals and very clean environment.,5,London Soho,2023-11-08 02:24:00.048415
"Amazing experience, highly recommend.",5,Edinburgh Old Town,2023-11-08 02:24:00.048415
"Great place for a quick bite, friendly staff.",5,London Canary Wharf,2023-11-08 02:24:00.048415
Delicious meals and very clean environment.,5,London Canary Wharf,2023-11-08 02:24:00.048415
"Loved the burgers here, will definitely come back.",4,Cardiff City Centre,2023-11-08 02:24:00.048415
"Great place for a quick bite, friendly staff.",4,Sheffield Ecclesall Road,2023-11-08 02:24:00.048415
"Loved the burgers here, will definitely come back.",5,Bristol Clifton,2023-11-08 02:24:00.048415
Delicious meals and very clean environment.,4,Manchester Didsbury,2023-11-08 02:24:00.048415
Fantastic food and great service!,5,Birmingham Solihull,2023-11-08 02:24:00.048415
Delicious meals and very clean environment.,4,London Camden,2023-11-08 02:24:00.048415
"Amazing experience, highly recommend.",5,Edinburgh Old Town,2023-11-08 02:24:00.048415
Delicious meals and very clean environment.,4,Manchester Didsbury,2023-11-08 02:24:00.048415
Rude staff and long waiting times.,2,London Hackney,2023-11-08 02:24:00.048415
"Loved the burgers here, will definitely come back.",4,Liverpool Anfield,2023-11-08 02:24:00.048415
"Loved the burgers here, will definitely come back.",4,Birmingham Solihull,2023-11-08 02:24:00.048415
Fantastic food and great service!,5,Birmingham City Centre,2023-11-08 02:24:00.048415
"Loved the burgers here, will definitely come back.",5,London Hackney,2023-11-08 02:24:00.048415
"Awful place, would not recommend.",2,Birmingham Edgbaston,2023-11-08 02:24:00.048415
"Amazing experience, highly recommend.",4,Glasgow West End,2023-11-08 02:24:00.048415
Terrible service and cold food.,1,Edinburgh New Town,2023-11-08 02:24:00.048415
"Amazing experience, highly recommend.",5,London Canary Wharf,2023-11-08 02:24:00.048415
"Amazing experience, highly recommend.",5,London Canary Wharf,2023-11-08 02:24:00.048415
Rude staff and long waiting times.,2,Bristol City Centre,2023-11-08 02:24:00.048415
Fantastic food and great service!,5,Manchester Didsbury,2023-11-08 02:24:00.048415
Terrible service and cold food.,1,Birmingham Solihull,2023-11-08 02:24:00.048415
Fantastic food and great service!,5,Edinburgh Old Town,2023-11-08 02:24:00.048415
"Amazing experience, highly recommend.",5,Edinburgh New Town,2023-11-08 02:24:00.048415
Fantastic food and great service!,5,Birmingham Edgbaston,2023-11-08 02:24:00.048415
Delicious meals and very clean environment.,5,Sheffield Ecclesall Road,2023-11-08 02:24:00.048415
"Poor quality food, waste of money.",1,Manchester Didsbury,2023-11-08 02:24:00.048415
Rude staff and long waiting times.,1,Glasgow City Centre,2023-11-08 02:24:00.048415
Fantastic food and great service!,4,Birmingham City Centre,2023-11-08 02:24:00.048415
"Amazing experience, highly recommend.",4,Birmingham City Centre,2023-11-08 02:24:00.048415
Fantastic food and great service!,4,Birmingham Edgbaston,2023-11-08 02:24:00.048415
"It was alright, the service could be better.",3,Glasgow West End,2023-11-08 02:24:00.048415
"Amazing experience, highly recommend.",5,Manchester Salford,2023-11-08 02:24:00.048415
"Amazing experience, highly recommend.",5,London Canary Wharf,2023-11-08 02:24:00.048415
"Great place for a quick bite, friendly staff.",4,Liverpool City Centre,2023-11-08 02:24:00.048415
Fantastic food and great service!,4,Manchester Central,2023-11-08 02:24:00.048415
Fantastic food and great service!,4,Bristol Clifton,2023-11-08 02:24:00.048415
"Amazing experience, highly recommend.",5,Birmingham Edgbaston,2023-11-08 02:24:00.048415
Delicious meals and very clean environment.,5,Manchester Didsbury,2023-11-08 02:24:00.048415
"Very disappointing experience, will not return.",1,London Camden,2023-11-08 02:24:00.048415
"Loved the burgers here, will definitely come back.",4,London Camden,2023-11-08 02:24:00.048415
"Great place for a quick bite, friendly staff.",5,London Soho,2023-11-08 02:24:00.048415
"It was alright, the service could be better.",3,Birmingham Edgbaston,2023-11-08 02:24:00.048415
"Poor quality food, waste of money.",1,London Chelsea,2023-11-08 02:24:00.048415
Delicious meals and very clean environment.,5,Birmingham Edgbaston,2023-11-08 02:24:00.048415
Fantastic food and great service!,5,London Camden,2023-11-08 02:24:00.048415
"Loved the burgers here, will definitely come back.",4,London Chelsea,2023-11-08 02:24:00.048415
"Amazing experience, highly recommend.",4,London Canary Wharf,2023-11-08 02:24:00.048415
Delicious meals and very clean environment.,5,Manchester Didsbury,2023-11-08 02:24:00.048415
Terrible service and cold food.,2,Birmingham City Centre,2023-11-09 02:24:00.048415
"Very disappointing experience, will not return.",1,London Camden,2023-11-09 02:24:00.048415
Rude staff and long waiting times.,2,Edinburgh New Town,2023-11-09 02:24:00.048415
"Food was okay, nothing special.",3,Manchester Didsbury,2023-11-09 02:24:00.048415
"Loved the burgers here, will definitely come back.",5,London Camden,2023-11-09 02:24:00.048415
Fantastic food and great service!,5,Manchester Didsbury,2023-11-09 02:24:00.048415
Fantastic food and great service!,4,Manchester Salford,2023-11-09 02:24:00.048415
"Awful place, would not recommend.",1,Glasgow City Centre,2023-11-09 02:24:00.048415
"Great place for a quick bite, friendly staff.",4,London Canary Wharf,2023-11-09 02:24:00.048415
"Great place for a quick bite, friendly staff.",4,Cardiff City Centre,2023-11-10 02:24:00.048415
Fantastic food and great service!,5,Birmingham City Centre,2023-11-10 02:24:00.048415
"Awful place, would not recommend.",1,London Chelsea,2023-11-10 02:24:00.048415
"Loved the burgers here, will definitely come back.",5,Bristol City Centre,2023-11-10 02:24:00.048415
"Average experience, not bad but not great.",3,London Hackney,2023-11-10 02:24:00.048415
Delicious meals and very clean environment.,4,London Camden,2023-11-10 02:24:00.048415
Rude staff and long waiting times.,1,London Hackney,2023-11-10 02:24:00.048415
"Awful place, would not recommend.",2,Manchester Didsbury,2023-11-10 02:24:00.048415
"Awful place, would not recommend.",2,Birmingham Solihull,2023-11-10 02:24:00.048415
Fantastic food and great service!,4,Sheffield City Centre,2023-11-10 02:24:00.048415
Delicious meals and very clean environment.,4,Manchester Salford,2023-11-10 02:24:00.048415
"Food was okay, nothing special.",3,London Camden,2023-11-10 02:24:00.048415
"Poor quality food, waste of money.",1,Birmingham Solihull,2023-11-10 02:24:00.048415
"Loved the burgers here, will definitely come back.",4,London Soho,2023-11-10 02:24:00.048415
"Amazing experience, highly recommend.",4,Leeds City Centre,2023-11-10 02:24:00.048415
"It was alright, the service could be better.",3,Cardiff Bay,2023-11-10 02:24:00.048415
"Decent place, but I've had better.",3,Bristol City Centre,2023-11-11 02:24:00.048415
"Great place for a quick bite, friendly staff.",5,London Hackney,2023-11-11 02:24:00.048415
"Loved the burgers here, will definitely come back.",4,Birmingham Edgbaston,2023-11-11 02:24:00.048415
Delicious meals and very clean environment.,5,London Chelsea,2023-11-11 02:24:00.048415
"Amazing experience, highly recommend.",4,London Canary Wharf,2023-11-11 02:24:00.048415
"Amazing experience, highly recommend.",4,London Chelsea,2023-11-11 02:24:00.048415
"Amazing experience, highly recommend.",4,London Hackney,2023-11-11 02:24:00.048415
Fantastic food and great service!,4,London Chelsea,2023-11-11 02:24:00.048415
Delicious meals and very clean environment.,4,London Chelsea,2023-11-11 02:24:00.048415
Terrible service and cold food.,1,Liverpool Anfield,2023-11-11 02:24:00.048415
"It was alright, the service could be better.",3,Edinburgh New Town,2023-11-11 02:24:00.048415
"Food was okay, nothing special.",3,Birmingham City Centre,2023-11-11 02:24:00.048415
Terrible service and cold food.,1,Leeds Headingley,2023-11-12 02:24:00.048415
Fantastic food and great service!,5,London Chelsea,2023-11-12 02:24:00.048415
"Amazing experience, highly recommend.",4,London Camden,2023-11-12 02:24:00.048415
"Great place for a quick bite, friendly staff.",5,Sheffield City Centre,2023-11-12 02:24:00.048415
"Great place for a quick bite, friendly staff.",4,London Soho,2023-11-12 02:24:00.048415
Fantastic food and great service!,4,London Canary Wharf,2023-11-12 02:24:00.048415
"Great place for a quick bite, friendly staff.",4,Manchester Salford,2023-11-12 02:24:00.048415
"Great place for a quick bite, friendly staff.",4,Birmingham City Centre,2023-11-12 02:24:00.048415
"Amazing experience, highly recommend.",5,Manchester Didsbury,2023-11-12 02:24:00.048415
Delicious meals and very clean environment.,5,Birmingham Edgbaston,2023-11-12 02:24:00.048415
Terrible service and cold food.,2,Manchester Didsbury,2023-11-12 02:24:00.048415
"Awful place, would not recommend.",1,Birmingham Edgbaston,2023-11-12 02:24:00.048415
Rude staff and long waiting times.,1,Bristol City Centre,2023-11-12 02:24:00.048415
"Amazing experience, highly recommend.",5,Leeds City Centre,2023-11-12 02:24:00.048415
Fantastic food and great service!,4,London Camden,2023-11-12 02:24:00.048415
"Loved the burgers here, will definitely come back.",4,London Hackney,2023-11-12 02:24:00.048415
"Very disappointing experience, will not return.",1,London Hackney,2023-11-12 02:24:00.048415
Delicious meals and very clean environment.,4,Liverpool Anfield,2023-11-12 02:24:00.048415
"Poor quality food, waste of money.",1,Manchester Central,2023-11-12 02:24:00.048415
Fantastic food and great service!,4,Glasgow West End,2023-11-12 02:24:00.048415
"It was alright, the service could be better.",3,Sheffield City Centre,2023-11-12 02:24:00.048415
"Loved the burgers here, will definitely come back.",4,Birmingham Solihull,2023-11-13 02:24:00.048415
"Poor quality food, waste of money.",1,Manchester Salford,2023-11-13 02:24:00.048415
"Very disappointing experience, will not return.",1,Glasgow West End,2023-11-13 02:24:00.048415
"Great place for a quick bite, friendly staff.",4,Birmingham Edgbaston,2023-11-13 02:24:00.048415
"Amazing experience, highly recommend.",5,Birmingham Edgbaston,2023-11-13 02:24:00.048415
"Poor quality food, waste of money.",2,Edinburgh Old Town,2023-11-13 02:24:00.048415
"Great place for a quick bite, friendly staff.",5,Manchester Didsbury,2023-11-13 02:24:00.048415
"Amazing experience, highly recommend.",4,London Canary Wharf,2023-11-13 02:24:00.048415
"Great place for a quick bite, friendly staff.",4,Manchester Didsbury,2023-11-13 02:24:00.048415
"Loved the burgers here, will definitely come back.",5,London Chelsea,2023-11-13 02:24:00.048415
"Great place for a quick bite, friendly staff.",5,Birmingham Edgbaston,2023-11-13 02:24:00.048415
"Amazing experience, highly recommend.",5,London Hackney,2023-11-13 02:24:00.048415
"Great place for a quick bite, friendly staff.",4,London Camden,2023-11-13 02:24:00.048415
"Loved the burgers here, will definitely come back.",4,Liverpool Anfield,2023-11-13 02:24:00.048415
"Loved the burgers here, will definitely come back.",4,Liverpool Anfield,2023-11-13 02:24:00.048415
Delicious meals and very clean environment.,5,Liverpool City Centre,2023-11-13 02:24:00.048415
"Amazing experience, highly recommend.",4,Liverpool City Centre,2023-11-13 02:24:00.048415
"Very disappointing experience, will not return.",2,Birmingham City Centre,2023-11-14 02:24:00.048415
"Amazing experience, highly recommend.",5,Liverpool City Centre,2023-11-14 02:24:00.048415
"Poor quality food, waste of money.",2,Birmingham Solihull,2023-11-14 02:24:00.048415
"Decent place, but I've had better.",3,Sheffield Ecclesall Road,2023-11-14 02:24:00.048415
"Decent place, but I've had better.",3,Leeds Headingley,2023-11-14 02:24:00.048415
"Amazing experience, highly recommend.",5,Cardiff Bay,2023-11-14 02:24:00.048415
"Amazing experience, highly recommend.",4,Birmingham Edgbaston,2023-11-14 02:24:00.048415
"Great place for a quick bite, friendly staff.",4,Birmingham City Centre,2023-11-14 02:24:00.048415
"Great place for a quick bite, friendly staff.",5,Sheffield Ecclesall Road,2023-11-14 02:24:00.048415
"Great place for a quick bite, friendly staff.",4,Cardiff Bay,2023-11-14 02:24:00.048415
"Decent place, but I've had better.",3,Cardiff City Centre,2023-11-14 02:24:00.048415
"Loved the burgers here, will definitely come back.",5,London Canary Wharf,2023-11-14 02:24:00.048415
"Amazing experience, highly recommend.",5,Sheffield Ecclesall Road,2023-11-14 02:24:00.048415
Terrible service and cold food.,2,Manchester Central,2023-11-14 02:24:00.048415
Fantastic food and great service!,4,Glasgow City Centre,2023-11-14 02:24:00.048415
Fantastic food and great service!,5,London Camden,2023-11-14 02:24:00.048415
"Great place for a quick bite, friendly staff.",5,London Hackney,2023-11-15 02:24:00.048415
"Amazing experience, highly recommend.",4,Manchester Salford,2023-11-15 02:24:00.048415
Fantastic food and great service!,5,London Soho,2023-11-15 02:24:00.048415
"Great place for a quick bite, friendly staff.",4,Bristol City Centre,2023-11-15 02:24:00.048415
"Loved the burgers here, will definitely come back.",5,Manchester Central,2023-11-15 02:24:00.048415
"Amazing experience, highly recommend.",4,London Hackney,2023-11-15 02:24:00.048415
Fantastic food and great service!,5,Manchester Didsbury,2023-11-15 02:24:00.048415
"Loved the burgers here, will definitely come back.",5,Cardiff City Centre,2023-11-15 02:24:00.048415
Fantastic food and great service!,5,Glasgow West End,2023-11-15 02:24:00.048415
Delicious meals and very clean environment.,4,Sheffield City Centre,2023-11-15 02:24:00.048415
"Loved the burgers here, will definitely come back.",5,Leeds Headingley,2023-11-15 02:24:00.048415
"Average experience, not bad but not great.",3,Birmingham Solihull,2023-11-15 02:24:00.048415
Fantastic food and great service!,5,Birmingham City Centre,2023-11-15 02:24:00.048415
"Loved the burgers here, will definitely come back.",5,Cardiff Bay,2023-11-15 02:24:00.048415
"Great place for a quick bite, friendly staff.",5,Glasgow West End,2023-11-15 02:24:00.048415
Fantastic food and great service!,5,London Chelsea,2023-11-15 02:24:00.048415
"Awful place, would not recommend.",2,Bristol City Centre,2023-11-15 02:24:00.048415
"Decent place, but I've had better.",3,Edinburgh Old Town,2023-11-15 02:24:00.048415
"Awful place, would not recommend.",1,London Soho,2023-11-15 02:24:00.048415
Delicious meals and very clean environment.,4,Birmingham City Centre,2023-11-16 02:24:00.048415
"Loved the burgers here, will definitely come back.",5,Glasgow West End,2023-11-16 02:24:00.048415
"Great place for a quick bite, friendly staff.",4,Manchester Didsbury,2023-11-16 02:24:00.048415
"Amazing experience, highly recommend.",4,Liverpool Anfield,2023-11-16 02:24:00.048415
"Amazing experience, highly recommend.",4,Liverpool City Centre,2023-11-16 02:24:00.048415
"Great place for a quick bite, friendly staff.",5,Glasgow City Centre,2023-11-16 02:24:00.048415
"Amazing experience, highly recommend.",5,Sheffield Ecclesall Road,2023-11-16 02:24:00.048415
"Great place for a quick bite, friendly staff.",4,Birmingham Edgbaston,2023-11-16 02:24:00.048415
Delicious meals and very clean environment.,4,Leeds City Centre,2023-11-16 02:24:00.048415
"Food was okay, nothing special.",3,London Camden,2023-11-16 02:24:00.048415
"Awful place, would not recommend.",1,Cardiff Bay,2023-11-16 02:24:00.048415
"Poor quality food, waste of money.",1,Manchester Salford,2023-11-16 02:24:00.048415
Delicious meals and very clean environment.,4,Liverpool City Centre,2023-11-16 02:24:00.048415
"Mediocre food, acceptable for a quick meal.",3,Liverpool Anfield,2023-11-16 02:24:00.048415
Delicious meals and very clean environment.,4,London Soho,2023-11-16 02:24:00.048415
"Amazing experience, highly recommend.",5,London Camden,2023-11-17 02:24:00.048415
"Great place for a quick bite, friendly staff.",5,Cardiff Bay,2023-11-17 02:24:00.048415
Fantastic food and great service!,5,Edinburgh New Town,2023-11-17 02:24:00.048415
"Mediocre food, acceptable for a quick meal.",3,London Chelsea,2023-11-17 02:24:00.048415
"Decent place, but I've had better.",3,London Camden,2023-11-17 02:24:00.048415
"Average experience, not bad but not great.",3,London Canary Wharf,2023-11-17 02:24:00.048415
"Poor quality food, waste of money.",2,London Camden,2023-11-17 02:24:00.048415
Terrible service and cold food.,1,London Chelsea,2023-11-17 02:24:00.048415
"Amazing experience, highly recommend.",5,Birmingham City Centre,2023-11-17 02:24:00.048415
"Food was okay, nothing special.",3,Birmingham City Centre,2023-11-17 02:24:00.048415
"Average experience, not bad but not great.",3,London Canary Wharf,2023-11-17 02:24:00.048415
Terrible service and cold food.,1,Leeds Headingley,2023-11-17 02:24:00.048415
"Loved the burgers here, will definitely come back.",5,Glasgow West End,2023-11-17 02:24:00.048415
"Average experience, not bad but not great.",3,London Soho,2023-11-17 02:24:00.048415
"Loved the burgers here, will definitely come back.",5,Birmingham Solihull,2023-11-17 02:24:00.048415
"Very disappointing experience, will not return.",2,London Hackney,2023-11-17 02:24:00.048415
"Loved the burgers here, will definitely come back.",5,Manchester Didsbury,2023-11-17 02:24:00.048415
"Food was okay, nothing special.",3,Manchester Salford,2023-11-17 02:24:00.048415
"Amazing experience, highly recommend.",5,Manchester Central,2023-11-17 02:24:00.048415
"Average experience, not bad but not great.",3,London Hackney,2023-11-17 02:24:00.048415
"Great place for a quick bite, friendly staff.",5,Edinburgh New Town,2023-11-17 02:24:00.048415
"Awful place, would not recommend.",2,London Chelsea,2023-11-17 02:24:00.048415
"Great place for a quick bite, friendly staff.",4,London Hackney,2023-11-18 02:24:00.048415
"Great place for a quick bite, friendly staff.",5,Edinburgh Old Town,2023-11-18 02:24:00.048415
Fantastic food and great service!,5,Manchester Salford,2023-11-18 02:24:00.048415
"Great place for a quick bite, friendly staff.",4,London Canary Wharf,2023-11-18 02:24:00.048415
Delicious meals and very clean environment.,5,Sheffield Ecclesall Road,2023-11-18 02:24:00.048415
"Poor quality food, waste of money.",2,London Soho,2023-11-18 02:24:00.048415
"Amazing experience, highly recommend.",5,Birmingham Edgbaston,2023-11-18 02:24:00.048415
"Awful place, would not recommend.",1,Manchester Didsbury,2023-11-18 02:24:00.048415
"Amazing experience, highly recommend.",4,Glasgow West End,2023-11-18 02:24:00.048415
"Loved the burgers here, will definitely come back.",4,Edinburgh Old Town,2023-11-18 02:24:00.048415
Delicious meals and very clean environment.,4,Bristol City Centre,2023-11-18 02:24:00.048415
"Mediocre food, acceptable for a quick meal.",3,Leeds City Centre,2023-11-18 02:24:00.048415
"Amazing experience, highly recommend.",4,Leeds City Centre,2023-11-18 02:24:00.048415
"Food was okay, nothing special.",3,Liverpool Anfield,2023-11-18 02:24:00.048415
"Amazing experience, highly recommend.",4,London Soho,2023-11-18 02:24:00.048415
Fantastic food and great service!,5,Bristol Clifton,2023-11-18 02:24:00.048415
Fantastic food and great service!,5,London Canary Wharf,2023-11-19 02:24:00.048415
"Great place for a quick bite, friendly staff.",5,Bristol City Centre,2023-11-19 02:24:00.048415
"Mediocre food, acceptable for a quick meal.",3,Edinburgh Old Town,2023-11-19 02:24:00.048415
Terrible service and cold food.,2,London Canary Wharf,2023-11-19 02:24:00.048415
Fantastic food and great service!,4,Glasgow City Centre,2023-11-19 02:24:00.048415
Fantastic food and great service!,4,London Chelsea,2023-11-19 02:24:00.048415
Terrible service and cold food.,1,Cardiff Bay,2023-11-19 02:24:00.048415
Delicious meals and very clean environment.,4,London Camden,2023-11-19 02:24:00.048415
"Amazing experience, highly recommend.",5,London Chelsea,2023-11-19 02:24:00.048415
"Great place for a quick bite, friendly staff.",5,Leeds City Centre,2023-11-19 02:24:00.048415
"Loved the burgers here, will definitely come back.",5,Cardiff City Centre,2023-11-19 02:24:00.048415
Terrible service and cold food.,1,London Chelsea,2023-11-19 02:24:00.048415
"Mediocre food, acceptable for a quick meal.",3,London Canary Wharf,2023-11-19 02:24:00.048415
Fantastic food and great service!,4,Birmingham City Centre,2023-11-19 02:24:00.048415
Rude staff and long waiting times.,1,Bristol City Centre,2023-11-19 02:24:00.048415
Rude staff and long waiting times.,2,Bristol Clifton,2023-11-19 02:24:00.048415
"Loved the burgers here, will definitely come back.",5,Glasgow City Centre,2023-11-19 02:24:00.048415
"Mediocre food, acceptable for a quick meal.",3,Manchester Central,2023-11-19 02:24:00.048415
"Awful place, would not recommend.",2,Cardiff City Centre,2023-11-19 02:24:00.048415
Delicious meals and very clean environment.,5,Birmingham Solihull,2023-11-19 02:24:00.048415
"Loved the burgers here, will definitely come back.",5,London Soho,2023-11-19 02:24:00.048415
"It was alright, the service could be better.",3,Leeds City Centre,2023-11-20 02:24:00.048415
"Amazing experience, highly recommend.",4,London Hackney,2023-11-20 02:24:00.048415
"Poor quality food, waste of money.",2,Manchester Didsbury,2023-11-20 02:24:00.048415
"Great place for a quick bite, friendly staff.",4,Liverpool Anfield,2023-11-20 02:24:00.048415
"Great place for a quick bite, friendly staff.",4,Birmingham City Centre,2023-11-20 02:24:00.048415
"Great place for a quick bite, friendly staff.",5,London Canary Wharf,2023-11-20 02:24:00.048415
Terrible service and cold food.,1,Manchester Central,2023-11-20 02:24:00.048415
"Poor quality food, waste of money.",1,London Hackney,2023-11-20 02:24:00.048415
Delicious meals and very clean environment.,4,Glasgow City Centre,2023-11-20 02:24:00.048415
"Amazing experience, highly recommend.",4,London Chelsea,2023-11-20 02:24:00.048415
"Poor quality food, waste of money.",1,Bristol Clifton,2023-11-20 02:24:00.048415
"Poor quality food, waste of money.",1,Sheffield Ecclesall Road,2023-11-20 02:24:00.048415
Delicious meals and very clean environment.,5,Birmingham City Centre,2023-11-20 02:24:00.048415
Terrible service and cold food.,1,Leeds Headingley,2023-11-20 02:24:00.048415
Delicious meals and very clean environment.,5,London Hackney,2023-11-20 02:24:00.048415
Delicious meals and very clean environment.,5,Birmingham Solihull,2023-11-20 02:24:00.048415
"Amazing experience, highly recommend.",4,London Hackney,2023-11-20 02:24:00.048415
Terrible service and cold food.,2,Birmingham City Centre,2023-11-21 02:24:00.048415
Fantastic food and great service!,5,London Chelsea,2023-11-21 02:24:00.048415
Rude staff and long waiting times.,2,Birmingham City Centre,2023-11-21 02:24:00.048415
Fantastic food and great service!,4,Edinburgh Old Town,2023-11-21 02:24:00.048415
"Amazing experience, highly recommend.",5,London Hackney,2023-11-21 02:24:00.048415
"Food was okay, nothing special.",3,Birmingham Solihull,2023-11-21 02:24:00.048415
"Great place for a quick bite, friendly staff.",5,Leeds City Centre,2023-11-21 02:24:00.048415
"Mediocre food, acceptable for a quick meal.",3,Birmingham City Centre,2023-11-21 02:24:00.048415
Fantastic food and great service!,4,London Canary Wharf,2023-11-21 02:24:00.048415
Fantastic food and great service!,4,Bristol Clifton,2023-11-21 02:24:00.048415
"Amazing experience, highly recommend.",4,Birmingham Edgbaston,2023-11-21 02:24:00.048415
Delicious meals and very clean environment.,4,Manchester Central,2023-11-21 02:24:00.048415
Delicious meals and very clean environment.,4,Bristol City Centre,2023-11-21 02:24:00.048415
Delicious meals and very clean environment.,5,Sheffield City Centre,2023-11-22 02:24:00.048415
"Amazing experience, highly recommend.",4,Manchester Central,2023-11-22 02:24:00.048415
Delicious meals and very clean environment.,5,Birmingham City Centre,2023-11-22 02:24:00.048415
"Amazing experience, highly recommend.",5,Birmingham Edgbaston,2023-11-22 02:24:00.048415
"Loved the burgers here, will definitely come back.",5,Manchester Salford,2023-11-22 02:24:00.048415
Delicious meals and very clean environment.,5,Birmingham Solihull,2023-11-22 02:24:00.048415
"Poor quality food, waste of money.",2,Leeds City Centre,2023-11-22 02:24:00.048415
"Loved the burgers here, will definitely come back.",4,Manchester Salford,2023-11-22 02:24:00.048415
"Amazing experience, highly recommend.",5,London Hackney,2023-11-22 02:24:00.048415
"Great place for a quick bite, friendly staff.",4,London Canary Wharf,2023-11-22 02:24:00.048415
Terrible service and cold food.,2,Glasgow West End,2023-11-22 02:24:00.048415
"Great place for a quick bite, friendly staff.",5,London Canary Wharf,2023-11-22 02:24:00.048415
"Great place for a quick bite, friendly staff.",4,Manchester Salford,2023-11-22 02:24:00.048415
Terrible service and cold food.,2,London Camden,2023-11-23 02:24:00.048415
"Great place for a quick bite, friendly staff.",4,London Hackney,2023-11-23 02:24:00.048415
"Very disappointing experience, will not return.",1,London Canary Wharf,2023-11-23 02:24:00.048415
"Great place for a quick bite, friendly staff.",5,Sheffield Ecclesall Road,2023-11-23 02:24:00.048415
Fantastic food and great service!,4,London Camden,2023-11-23 02:24:00.048415
"Average experience, not bad but not great.",3,Manchester Central,2023-11-23 02:24:00.048415
"Decent place, but I've had better.",3,London Hackney,2023-11-23 02:24:00.048415
Rude staff and long waiting times.,1,Edinburgh Old Town,2023-11-23 02:24:00.048415
"Awful place, would not recommend.",1,Manchester Salford,2023-11-23 02:24:00.048415
"Great place for a quick bite, friendly staff.",4,Birmingham City Centre,2023-11-23 02:24:00.048415
Delicious meals and very clean environment.,5,London Canary Wharf,2023-11-23 02:24:00.048415
"Loved the burgers here, will definitely come back.",4,London Chelsea,2023-11-23 02:24:00.048415
Terrible service and cold food.,2,Birmingham City Centre,2023-11-23 02:24:00.048415
Fantastic food and great service!,5,London Camden,2023-11-23 02:24:00.048415
"Amazing experience, highly recommend.",5,Birmingham Edgbaston,2023-11-23 02:24:00.048415
Fantastic food and great service!,4,London Soho,2023-11-23 02:24:00.048415
"Poor quality food, waste of money.",1,London Chelsea,2023-11-23 02:24:00.048415
"Average experience, not bad but not great.",3,Glasgow City Centre,2023-11-23 02:24:00.048415
"Very disappointing experience, will not return.",1,London Camden,2023-11-24 02:24:00.048415
"Loved the burgers here, will definitely come back.",5,Bristol City Centre,2023-11-24 02:24:00.048415
"Average experience, not bad but not great.",3,Leeds City Centre,2023-11-24 02:24:00.048415
"Loved the burgers here, will definitely come back.",4,Sheffield Ecclesall Road,2023-11-24 02:24:00.048415
"Poor quality food, waste of money.",2,Edinburgh New Town,2023-11-24 02:24:00.048415
"Loved the burgers here, will definitely come back.",4,Bristol City Centre,2023-11-24 02:24:00.048415
Delicious meals and very clean environment.,4,Birmingham Solihull,2023-11-24 02:24:00.048415
"Amazing experience, highly recommend.",5,London Chelsea,2023-11-24 02:24:00.048415
Fantastic food and great service!,5,London Hackney,2023-11-24 02:24:00.048415
Terrible service and cold food.,2,London Camden,2023-11-24 02:24:00.048415
"Great place for a quick bite, friendly staff.",4,London Camden,2023-11-25 02:24:00.048415
"Amazing experience, highly recommend.",5,Manchester Salford,2023-11-25 02:24:00.048415
Fantastic food and great service!,4,Leeds City Centre,2023-11-25 02:24:00.048415
Terrible service and cold food.,1,Leeds City Centre,2023-11-25 02:24:00.048415
Delicious meals and very clean environment.,4,London Soho,2023-11-25 02:24:00.048415
"Amazing experience, highly recommend.",5,Birmingham City Centre,2023-11-25 02:24:00.048415
Delicious meals and very clean environment.,5,London Hackney,2023-11-25 02:24:00.048415
"Awful place, would not recommend.",1,London Soho,2023-11-25 02:24:00.048415
"Great place for a quick bite, friendly staff.",5,London Hackney,2023-11-25 02:24:00.048415
"Amazing experience, highly recommend.",5,Glasgow West End,2023-11-25 02:24:00.048415
Delicious meals and very clean environment.,5,London Soho,2023-11-25 02:24:00.048415
"Poor quality food, waste of money.",1,Birmingham City Centre,2023-11-25 02:24:00.048415
Terrible service and cold food.,1,Leeds City Centre,2023-11-25 02:24:00.048415
"Poor quality food, waste of money.",1,Birmingham Edgbaston,2023-11-26 02:24:00.048415
Fantastic food and great service!,5,Leeds City Centre,2023-11-26 02:24:00.048415
"Amazing experience, highly recommend.",4,London Soho,2023-11-26 02:24:00.048415
Delicious meals and very clean environment.,4,Bristol City Centre,2023-11-26 02:24:00.048415
"Great place for a quick bite, friendly staff.",4,London Canary Wharf,2023-11-26 02:24:00.048415
"Great place for a quick bite, friendly staff.",4,London Soho,2023-11-26 02:24:00.048415
Delicious meals and very clean environment.,4,Manchester Didsbury,2023-11-26 02:24:00.048415
"It was alright, the service could be better.",3,London Hackney,2023-11-26 02:24:00.048415
Rude staff and long waiting times.,2,Leeds Headingley,2023-11-26 02:24:00.048415
"Amazing experience, highly recommend.",4,Manchester Central,2023-11-27 02:24:00.048415
"Awful place, would not recommend.",2,London Hackney,2023-11-27 02:24:00.048415
Rude staff and long waiting times.,2,Manchester Central,2023-11-27 02:24:00.048415
"Loved the burgers here, will definitely come back.",4,Edinburgh Old Town,2023-11-27 02:24:00.048415
"Great place for a quick bite, friendly staff.",5,London Camden,2023-11-27 02:24:00.048415
"Amazing experience, highly recommend.",5,Cardiff Bay,2023-11-27 02:24:00.048415
"Great place for a quick bite, friendly staff.",5,Cardiff Bay,2023-11-27 02:24:00.048415
"Awful place, would not recommend.",2,London Camden,2023-11-27 02:24:00.048415
"Mediocre food, acceptable for a quick meal.",3,London Hackney,2023-11-27 02:24:00.048415
"Loved the burgers here, will definitely come back.",5,Manchester Salford,2023-11-27 02:24:00.048415
"Great place for a quick bite, friendly staff.",5,Birmingham Edgbaston,2023-11-27 02:24:00.048415
Delicious meals and very clean environment.,4,Birmingham Solihull,2023-11-27 02:24:00.048415
"Loved the burgers here, will definitely come back.",5,Manchester Salford,2023-11-27 02:24:00.048415
"Great place for a quick bite, friendly staff.",5,Glasgow City Centre,2023-11-28 02:24:00.048415
"Amazing experience, highly recommend.",5,London Canary Wharf,2023-11-28 02:24:00.048415
"Amazing experience, highly recommend.",5,Manchester Salford,2023-11-28 02:24:00.048415
"Amazing experience, highly recommend.",4,Manchester Salford,2023-11-28 02:24:00.048415
Fantastic food and great service!,5,London Canary Wharf,2023-11-28 02:24:00.048415
Delicious meals and very clean environment.,4,Manchester Salford,2023-11-28 02:24:00.048415
"It was alright, the service could be better.",3,London Canary Wharf,2023-11-28 02:24:00.048415
Delicious meals and very clean environment.,4,Leeds City Centre,2023-11-28 02:24:00.048415
"Food was okay, nothing special.",3,Leeds Headingley,2023-11-28 02:24:00.048415
Delicious meals and very clean environment.,4,London Camden,2023-11-28 02:24:00.048415
Fantastic food and great service!,5,Edinburgh Old Town,2023-11-28 02:24:00.048415
Fantastic food and great service!,4,Manchester Salford,2023-11-28 02:24:00.048415
"Decent place, but I've had better.",3,London Canary Wharf,2023-11-28 02:24:00.048415
"Great place for a quick bite, friendly staff.",4,Leeds Headingley,2023-11-28 02:24:00.048415
"Great place for a quick bite, friendly staff.",5,London Hackney,2023-11-28 02:24:00.048415
Delicious meals and very clean environment.,5,Glasgow City Centre,2023-11-29 02:24:00.048415
"Decent place, but I've had better.",3,London Chelsea,2023-11-29 02:24:00.048415
Fantastic food and great service!,5,Birmingham Solihull,2023-11-29 02:24:00.048415
"Loved the burgers here, will definitely come back.",4,London Chelsea,2023-11-29 02:24:00.048415
"Loved the burgers here, will definitely come back.",4,Cardiff City Centre,2023-11-29 02:24:00.048415
"Awful place, would not recommend.",2,Manchester Salford,2023-11-29 02:24:00.048415
"Awful place, would not recommend.",2,London Chelsea,2023-11-29 02:24:00.048415
"Awful place, would not recommend.",2,Birmingham Edgbaston,2023-11-29 02:24:00.048415
"It was alright, the service could be better.",3,Glasgow City Centre,2023-11-29 02:24:00.048415
Fantastic food and great service!,4,Manchester Salford,2023-11-29 02:24:00.048415
Fantastic food and great service!,5,London Soho,2023-11-29 02:24:00.048415
Terrible service and cold food.,1,Birmingham Edgbaston,2023-11-29 02:24:00.048415
"Great place for a quick bite, friendly staff.",5,Manchester Didsbury,2023-11-29 02:24:00.048415
"Great place for a quick bite, friendly staff.",4,Birmingham City Centre,2023-11-29 02:24:00.048415
"Poor quality food, waste of money.",2,Glasgow City Centre,2023-11-29 02:24:00.048415
"Poor quality food, waste of money.",2,London Canary Wharf,2023-11-29 02:24:00.048415
"Great place for a quick bite, friendly staff.",5,London Canary Wharf,2023-11-29 02:24:00.048415
Delicious meals and very clean environment.,4,Glasgow West End,2023-11-29 02:24:00.048415
"It was alright, the service could be better.",3,Cardiff Bay,2023-11-29 02:24:00.048415
"Great place for a quick bite, friendly staff.",4,Manchester Salford,2023-11-29 02:24:00.048415
"Food was okay, nothing special.",3,Leeds City Centre,2023-11-29 02:24:00.048415
Delicious meals and very clean environment.,4,Leeds City Centre,2023-11-30 02:24:00.048415
"Great place for a quick bite, friendly staff.",5,Liverpool Anfield,2023-11-30 02:24:00.048415
Delicious meals and very clean environment.,5,London Camden,2023-11-30 02:24:00.048415
"Amazing experience, highly recommend.",5,London Soho,2023-11-30 02:24:00.048415
Terrible service and cold food.,1,Birmingham Solihull,2023-11-30 02:24:00.048415
Rude staff and long waiting times.,1,London Canary Wharf,2023-11-30 02:24:00.048415
Delicious meals and very clean environment.,4,Sheffield City Centre,2023-11-30 02:24:00.048415
Terrible service and cold food.,1,Liverpool City Centre,2023-11-30 02:24:00.048415
Fantastic food and great service!,4,Sheffield City Centre,2023-11-30 02:24:00.048415
"Very disappointing experience, will not return.",1,London Hackney,2023-11-30 02:24:00.048415
"Great place for a quick bite, friendly staff.",4,London Camden,2023-11-30 02:24:00.048415
Terrible service and cold food.,2,London Hackney,2023-11-30 02:24:00.048415
"Amazing experience, highly recommend.",4,Birmingham City Centre,2023-12-01 02:24:00.048415
"Loved the burgers here, will definitely come back.",5,Edinburgh New Town,2023-12-01 02:24:00.048415
Rude staff and long waiting times.,1,London Chelsea,2023-12-01 02:24:00.048415
"Loved the burgers here, will definitely come back.",4,Liverpool City Centre,2023-12-01 02:24:00.048415
"Loved the burgers here, will definitely come back.",4,London Soho,2023-12-01 02:24:00.048415
Terrible service and cold food.,1,Leeds Headingley,2023-12-01 02:24:00.048415
Terrible service and cold food.,1,Manchester Central,2023-12-01 02:24:00.048415
"Amazing experience, highly recommend.",5,Birmingham Solihull,2023-12-01 02:24:00.048415
Terrible service and cold food.,2,London Hackney,2023-12-01 02:24:00.048415
Terrible service and cold food.,2,Liverpool Anfield,2023-12-01 02:24:00.048415
Fantastic food and great service!,5,Birmingham Solihull,2023-12-01 02:24:00.048415
"Average experience, not bad but not great.",3,Birmingham City Centre,2023-12-01 02:24:00.048415
"Poor quality food, waste of money.",1,Bristol Clifton,2023-12-01 02:24:00.048415
Delicious meals and very clean environment.,4,London Soho,2023-12-01 02:24:00.048415
"Poor quality food, waste of money.",2,Manchester Didsbury,2023-12-02 02:24:00.048415
"Very disappointing experience, will not return.",1,Cardiff City Centre,2023-12-02 02:24:00.048415
Delicious meals and very clean environment.,5,London Soho,2023-12-02 02:24:00.048415
Delicious meals and very clean environment.,5,London Chelsea,2023-12-02 02:24:00.048415
"Loved the burgers here, will definitely come back.",5,Leeds Headingley,2023-12-02 02:24:00.048415
"Awful place, would not recommend.",1,Cardiff Bay,2023-12-02 02:24:00.048415
Fantastic food and great service!,5,Birmingham City Centre,2023-12-02 02:24:00.048415
"Poor quality food, waste of money.",2,London Chelsea,2023-12-02 02:24:00.048415
Fantastic food and great service!,4,Birmingham City Centre,2023-12-02 02:24:00.048415
Delicious meals and very clean environment.,5,Sheffield Ecclesall Road,2023-12-02 02:24:00.048415
"Loved the burgers here, will definitely come back.",5,Manchester Central,2023-12-02 02:24:00.048415
"Great place for a quick bite, friendly staff.",4,Edinburgh New Town,2023-12-03 02:24:00.048415
"Great place for a quick bite, friendly staff.",4,Liverpool City Centre,2023-12-03 02:24:00.048415
"Mediocre food, acceptable for a quick meal.",3,London Canary Wharf,2023-12-03 02:24:00.048415
Delicious meals and very clean environment.,5,Manchester Central,2023-12-03 02:24:00.048415
"Loved the burgers here, will definitely come back.",5,Manchester Salford,2023-12-03 02:24:00.048415
"It was alright, the service could be better.",3,London Chelsea,2023-12-03 02:24:00.048415
Terrible service and cold food.,2,Manchester Central,2023-12-03 02:24:00.048415
"Loved the burgers here, will definitely come back.",4,London Canary Wharf,2023-12-03 02:24:00.048415
"Great place for a quick bite, friendly staff.",4,Birmingham City Centre,2023-12-03 02:24:00.048415
"Amazing experience, highly recommend.",5,Birmingham Edgbaston,2023-12-03 02:24:00.048415
"Decent place, but I've had better.",3,Manchester Central,2023-12-03 02:24:00.048415
"Decent place, but I've had better.",3,Bristol Clifton,2023-12-04 02:24:00.048415
Fantastic food and great service!,5,Birmingham Edgbaston,2023-12-04 02:24:00.048415
"Food was okay, nothing special.",3,London Soho,2023-12-04 02:24:00.048415
Delicious meals and very clean environment.,5,Edinburgh New Town,2023-12-04 02:24:00.048415
"Loved the burgers here, will definitely come back.",5,London Canary Wharf,2023-12-04 02:24:00.048415
"It was alright, the service could be better.",3,London Camden,2023-12-04 02:24:00.048415
"Loved the burgers here, will definitely come back.",5,Leeds Headingley,2023-12-04 02:24:00.048415
Fantastic food and great service!,4,Birmingham Solihull,2023-12-04 02:24:00.048415
Fantastic food and great service!,5,Edinburgh New Town,2023-12-04 02:24:00.048415
"Awful place, would not recommend.",1,Edinburgh Old Town,2023-12-04 02:24:00.048415
"Very disappointing experience, will not return.",1,Birmingham Solihull,2023-12-04 02:24:00.048415
"Loved the burgers here, will definitely come back.",5,Cardiff Bay,2023-12-04 02:24:00.048415
"Average experience, not bad but not great.",3,Edinburgh Old Town,2023-12-04 02:24:00.048415
Delicious meals and very clean environment.,5,Birmingham Edgbaston,2023-12-04 02:24:00.048415
Fantastic food and great service!,4,London Hackney,2023-12-04 02:24:00.048415
"Great place for a quick bite, friendly staff.",5,Bristol Clifton,2023-12-04 02:24:00.048415
Fantastic food and great service!,5,Manchester Didsbury,2023-12-04 02:24:00.048415
"Awful place, would not recommend.",2,Leeds Headingley,2023-12-04 02:24:00.048415
"Loved the burgers here, will definitely come back.",5,Leeds City Centre,2023-12-04 02:24:00.048415
"Food was okay, nothing special.",3,Cardiff Bay,2023-12-04 02:24:00.048415
"Great place for a quick bite, friendly staff.",4,London Canary Wharf,2023-12-04 02:24:00.048415
Delicious meals and very clean environment.,4,Birmingham City Centre,2023-12-05 02:24:00.048415
"Loved the burgers here, will definitely come back.",4,Cardiff Bay,2023-12-05 02:24:00.048415
"Very disappointing experience, will not return.",1,Manchester Central,2023-12-05 02:24:00.048415
Fantastic food and great service!,5,Manchester Salford,2023-12-05 02:24:00.048415
"Amazing experience, highly recommend.",5,Manchester Salford,2023-12-05 02:24:00.048415
Delicious meals and very clean environment.,5,Bristol Clifton,2023-12-05 02:24:00.048415
Fantastic food and great service!,4,Cardiff City Centre,2023-12-05 02:24:00.048415
Fantastic food and great service!,5,Cardiff Bay,2023-12-05 02:24:00.048415
"Amazing experience, highly recommend.",4,Liverpool Anfield,2023-12-05 02:24:00.048415
"Decent place, but I've had better.",3,Birmingham Edgbaston,2023-12-05 02:24:00.048415
Fantastic food and great service!,4,London Hackney,2023-12-05 02:24:00.048415
"Food was okay, nothing special.",3,London Soho,2023-12-05 02:24:00.048415
"Food was okay, nothing special.",3,London Hackney,2023-12-05 02:24:00.048415
"Loved the burgers here, will definitely come back.",4,Manchester Didsbury,2023-12-05 02:24:00.048415
"Loved the burgers here, will definitely come back.",4,Cardiff Bay,2023-12-05 02:24:00.048415
Delicious meals and very clean environment.,5,London Camden,2023-12-06 02:24:00.048415
"Loved the burgers here, will definitely come back.",5,London Canary Wharf,2023-12-06 02:24:00.048415
"Amazing experience, highly recommend.",5,London Canary Wharf,2023-12-06 02:24:00.048415
"Awful place, would not recommend.",1,Manchester Didsbury,2023-12-06 02:24:00.048415
"It was alright, the service could be better.",3,London Hackney,2023-12-06 02:24:00.048415
"Amazing experience, highly recommend.",5,Cardiff Bay,2023-12-06 02:24:00.048415
Delicious meals and very clean environment.,4,Cardiff Bay,2023-12-06 02:24:00.048415
"Food was okay, nothing special.",3,Cardiff Bay,2023-12-06 02:24:00.048415
Fantastic food and great service!,5,Manchester Salford,2023-12-06 02:24:00.048415
Delicious meals and very clean environment.,5,London Canary Wharf,2023-12-06 02:24:00.048415
Delicious meals and very clean environment.,4,London Canary Wharf,2023-12-06 02:24:00.048415
"Poor quality food, waste of money.",2,London Chelsea,2023-12-06 02:24:00.048415
"Average experience, not bad but not great.",3,London Hackney,2023-12-06 02:24:00.048415
"Loved the burgers here, will definitely come back.",4,Birmingham City Centre,2023-12-06 02:24:00.048415
Delicious meals and very clean environment.,5,Edinburgh New Town,2023-12-07 02:24:00.048415
Fantastic food and great service!,5,Bristol City Centre,2023-12-07 02:24:00.048415
Delicious meals and very clean environment.,5,London Soho,2023-12-07 02:24:00.048415
Rude staff and long waiting times.,1,Birmingham Edgbaston,2023-12-07 02:24:00.048415
Terrible service and cold food.,1,Edinburgh Old Town,2023-12-07 02:24:00.048415
"Great place for a quick bite, friendly staff.",4,London Canary Wharf,2023-12-07 02:24:00.048415
"Loved the burgers here, will definitely come back.",5,Manchester Salford,2023-12-07 02:24:00.048415
"Food was okay, nothing special.",3,Birmingham City Centre,2023-12-07 02:24:00.048415
Delicious meals and very clean environment.,4,Glasgow West End,2023-12-07 02:24:00.048415
"Poor quality food, waste of money.",2,Bristol City Centre,2023-12-07 02:24:00.048415
Rude staff and long waiting times.,2,Cardiff City Centre,2023-12-07 02:24:00.048415
Fantastic food and great service!,4,Birmingham Solihull,2023-12-07 02:24:00.048415
"Great place for a quick bite, friendly staff.",4,Leeds Headingley,2023-12-07 02:24:00.048415
"Decent place, but I've had better.",3,Manchester Salford,2023-12-07 02:24:00.048415
"Loved the burgers here, will definitely come back.",5,Bristol Clifton,2023-12-07 02:24:00.048415
"Loved the burgers here, will definitely come back.",4,Manchester Central,2023-12-08 02:24:00.048415
Fantastic food and great service!,5,London Soho,2023-12-08 02:24:00.048415
"Amazing experience, highly recommend.",4,Birmingham City Centre,2023-12-08 02:24:00.048415
"Loved the burgers here, will definitely come back.",4,Manchester Central,2023-12-08 02:24:00.048415
Delicious meals and very clean environment.,5,Edinburgh New Town,2023-12-08 02:24:00.048415
Delicious meals and very clean environment.,5,Glasgow City Centre,2023-12-08 02:24:00.048415
"Great place for a quick bite, friendly staff.",4,Birmingham Edgbaston,2023-12-08 02:24:00.048415
"Amazing experience, highly recommend.",5,Leeds Headingley,2023-12-08 02:24:00.048415
"Great place for a quick bite, friendly staff.",4,Bristol City Centre,2023-12-08 02:24:00.048415
Delicious meals and very clean environment.,4,Bristol City Centre,2023-12-08 02:24:00.048415
Rude staff and long waiting times.,2,Birmingham City Centre,2023-12-08 02:24:00.048415
"Food was okay, nothing special.",3,Leeds City Centre,2023-12-08 02:24:00.048415
Delicious meals and very clean environment.,5,Cardiff City Centre,2023-12-08 02:24:00.048415
"Great place for a quick bite, friendly staff.",4,Manchester Didsbury,2023-12-08 02:24:00.048415
"Amazing experience, highly recommend.",4,London Chelsea,2023-12-08 02:24:00.048415
"Loved the burgers here, will definitely come back.",5,Manchester Central,2023-12-08 02:24:00.048415
Delicious meals and very clean environment.,5,London Chelsea,2023-12-08 02:24:00.048415
"Amazing experience, highly recommend.",5,Leeds City Centre,2023-12-08 02:24:00.048415
"Loved the burgers here, will definitely come back.",5,Leeds City Centre,2023-12-08 02:24:00.048415
"Amazing experience, highly recommend.",5,London Soho,2023-12-08 02:24:00.048415
Fantastic food and great service!,5,London Camden,2023-12-08 02:24:00.048415
Delicious meals and very clean environment.,5,Manchester Salford,2023-12-09 02:24:00.048415
"Great place for a quick bite, friendly staff.",5,London Soho,2023-12-09 02:24:00.048415
"Loved the burgers here, will definitely come back.",5,London Canary Wharf,2023-12-09 02:24:00.048415
"Mediocre food, acceptable for a quick meal.",3,Edinburgh Old Town,2023-12-09 02:24:00.048415
"Loved the burgers here, will definitely come back.",5,Manchester Didsbury,2023-12-09 02:24:00.048415
"Loved the burgers here, will definitely come back.",5,Manchester Central,2023-12-09 02:24:00.048415
Delicious meals and very clean environment.,4,Leeds City Centre,2023-12-09 02:24:00.048415
"Mediocre food, acceptable for a quick meal.",3,London Hackney,2023-12-09 02:24:00.048415
"Great place for a quick bite, friendly staff.",4,London Hackney,2023-12-09 02:24:00.048415
"Food was okay, nothing special.",3,London Soho,2023-12-09 02:24:00.048415
"Amazing experience, highly recommend.",5,Leeds City Centre,2023-12-09 02:24:00.048415
"Decent place, but I've had better.",3,Manchester Didsbury,2023-12-09 02:24:00.048415
Fantastic food and great service!,5,Manchester Central,2023-12-09 02:24:00.048415
Delicious meals and very clean environment.,5,London Hackney,2023-12-09 02:24:00.048415
"Loved the burgers here, will definitely come back.",4,London Camden,2023-12-10 02:24:00.048415
Rude staff and long waiting times.,2,Edinburgh Old Town,2023-12-10 02:24:00.048415
Fantastic food and great service!,4,London Soho,2023-12-10 02:24:00.048415
"Average experience, not bad but not great.",3,Edinburgh Old Town,2023-12-10 02:24:00.048415
"Loved the burgers here, will definitely come back.",4,London Hackney,2023-12-10 02:24:00.048415
Terrible service and cold food.,1,London Soho,2023-12-10 02:24:00.048415
Delicious meals and very clean environment.,5,Edinburgh Old Town,2023-12-10 02:24:00.048415
Terrible service and cold food.,1,London Soho,2023-12-10 02:24:00.048415
"Amazing experience, highly recommend.",5,Cardiff Bay,2023-12-10 02:24:00.048415
"Great place for a quick bite, friendly staff.",5,London Camden,2023-12-10 02:24:00.048415
"Amazing experience, highly recommend.",5,London Chelsea,2023-12-10 02:24:00.048415
Delicious meals and very clean environment.,4,Leeds Headingley,2023-12-10 02:24:00.048415
"Poor quality food, waste of money.",1,Manchester Didsbury,2023-12-10 02:24:00.048415
Fantastic food and great service!,5,London Soho,2023-12-10 02:24:00.048415
"Awful place, would not recommend.",1,Edinburgh Old Town,2023-12-10 02:24:00.048415
"Great place for a quick bite, friendly staff.",4,London Hackney,2023-12-10 02:24:00.048415
"It was alright, the service could be better.",3,Edinburgh New Town,2023-12-10 02:24:00.048415
Delicious meals and very clean environment.,4,Bristol Clifton,2023-12-10 02:24:00.048415
"Great place for a quick bite, friendly staff.",5,Birmingham Solihull,2023-12-10 02:24:00.048415
"Great place for a quick bite, friendly staff.",5,Birmingham Edgbaston,2023-12-10 02:24:00.048415
"Loved the burgers here, will definitely come back.",5,London Canary Wharf,2023-12-10 02:24:00.048415
"Loved the burgers here, will definitely come back.",4,Cardiff Bay,2023-12-11 02:24:00.048415
Delicious meals and very clean environment.,5,London Soho,2023-12-11 02:24:00.048415
"Average experience, not bad but not great.",3,Liverpool Anfield,2023-12-11 02:24:00.048415
Fantastic food and great service!,4,London Soho,2023-12-11 02:24:00.048415
Terrible service and cold food.,1,Sheffield City Centre,2023-12-11 02:24:00.048415
"Great place for a quick bite, friendly staff.",5,Cardiff Bay,2023-12-11 02:24:00.048415
"Amazing experience, highly recommend.",5,Cardiff Bay,2023-12-11 02:24:00.048415
"Very disappointing experience, will not return.",1,London Camden,2023-12-11 02:24:00.048415
Delicious meals and very clean environment.,4,Bristol Clifton,2023-12-11 02:24:00.048415
"Poor quality food, waste of money.",2,London Soho,2023-12-11 02:24:00.048415
"Amazing experience, highly recommend.",4,Birmingham Edgbaston,2023-12-11 02:24:00.048415
"Loved the burgers here, will definitely come back.",5,Birmingham City Centre,2023-12-11 02:24:00.048415
"Amazing experience, highly recommend.",4,Liverpool Anfield,2023-12-11 02:24:00.048415
"Average experience, not bad but not great.",3,London Chelsea,2023-12-11 02:24:00.048415
"Amazing experience, highly recommend.",4,Birmingham Solihull,2023-12-11 02:24:00.048415
Delicious meals and very clean environment.,4,Manchester Central,2023-12-11 02:24:00.048415
"Amazing experience, highly recommend.",4,Bristol Clifton,2023-12-11 02:24:00.048415
"Great place for a quick bite, friendly staff.",5,Glasgow West End,2023-12-12 02:24:00.048415
"Loved the burgers here, will definitely come back.",4,London Soho,2023-12-12 02:24:00.048415
"Great place for a quick bite, friendly staff.",5,London Chelsea,2023-12-12 02:24:00.048415
"It was alright, the service could be better.",3,Manchester Didsbury,2023-12-12 02:24:00.048415
Fantastic food and great service!,4,London Chelsea,2023-12-12 02:24:00.048415
Fantastic food and great service!,5,Liverpool Anfield,2023-12-12 02:24:00.048415
Fantastic food and great service!,4,London Soho,2023-12-12 02:24:00.048415
"Great place for a quick bite, friendly staff.",4,Bristol City Centre,2023-12-12 02:24:00.048415
Delicious meals and very clean environment.,5,Glasgow City Centre,2023-12-12 02:24:00.048415
"Loved the burgers here, will definitely come back.",4,Bristol Clifton,2023-12-12 02:24:00.048415
Delicious meals and very clean environment.,4,London Canary Wharf,2023-12-12 02:24:00.048415
"Amazing experience, highly recommend.",4,Liverpool City Centre,2023-12-12 02:24:00.048415
"Amazing experience, highly recommend.",5,London Canary Wharf,2023-12-12 02:24:00.048415
"Amazing experience, highly recommend.",4,London Canary Wharf,2023-12-12 02:24:00.048415
Delicious meals and very clean environment.,5,London Soho,2023-12-12 02:24:00.048415
"Very disappointing experience, will not return.",2,Glasgow City Centre,2023-12-12 02:24:00.048415
"Loved the burgers here, will definitely come back.",5,London Chelsea,2023-12-12 02:24:00.048415
Fantastic food and great service!,4,Edinburgh New Town,2023-12-12 02:24:00.048415
"Loved the burgers here, will definitely come back.",5,London Canary Wharf,2023-12-12 02:24:00.048415
"Amazing experience, highly recommend.",5,Birmingham Edgbaston,2023-12-13 02:24:00.048415
"Poor quality food, waste of money.",2,London Camden,2023-12-13 02:24:00.048415
Delicious meals and very clean environment.,5,London Canary Wharf,2023-12-13 02:24:00.048415
"Awful place, would not recommend.",2,London Canary Wharf,2023-12-13 02:24:00.048415
Terrible service and cold food.,2,London Canary Wharf,2023-12-13 02:24:00.048415
Delicious meals and very clean environment.,5,Bristol City Centre,2023-12-13 02:24:00.048415
Fantastic food and great service!,4,London Soho,2023-12-13 02:24:00.048415
"Loved the burgers here, will definitely come back.",5,Liverpool City Centre,2023-12-13 02:24:00.048415
"Amazing experience, highly recommend.",5,London Soho,2023-12-13 02:24:00.048415
"Amazing experience, highly recommend.",4,Cardiff City Centre,2023-12-13 02:24:00.048415
"Great place for a quick bite, friendly staff.",5,London Soho,2023-12-13 02:24:00.048415
"Loved the burgers here, will definitely come back.",4,London Camden,2023-12-13 02:24:00.048415
"Very disappointing experience, will not return.",2,Birmingham City Centre,2023-12-13 02:24:00.048415
"It was alright, the service could be better.",3,London Hackney,2023-12-13 02:24:00.048415
"Amazing experience, highly recommend.",4,Bristol City Centre,2023-12-13 02:24:00.048415
Fantastic food and great service!,4,Manchester Didsbury,2023-12-13 02:24:00.048415
"Decent place, but I've had better.",3,Manchester Central,2023-12-13 02:24:00.048415
"Amazing experience, highly recommend.",4,Leeds Headingley,2023-12-13 02:24:00.048415
"Loved the burgers here, will definitely come back.",4,Edinburgh New Town,2023-12-13 02:24:00.048415
"Great place for a quick bite, friendly staff.",4,Birmingham City Centre,2023-12-14 02:24:00.048415
"Loved the burgers here, will definitely come back.",5,London Camden,2023-12-14 02:24:00.048415
"Loved the burgers here, will definitely come back.",5,Liverpool Anfield,2023-12-14 02:24:00.048415
Terrible service and cold food.,1,Liverpool City Centre,2023-12-14 02:24:00.048415
"Decent place, but I've had better.",3,Birmingham City Centre,2023-12-14 02:24:00.048415
"It was alright, the service could be better.",3,London Canary Wharf,2023-12-14 02:24:00.048415
Fantastic food and great service!,5,Manchester Salford,2023-12-14 02:24:00.048415
Delicious meals and very clean environment.,4,Edinburgh New Town,2023-12-14 02:24:00.048415
"Amazing experience, highly recommend.",5,Liverpool City Centre,2023-12-14 02:24:00.048415
Fantastic food and great service!,4,Cardiff Bay,2023-12-14 02:24:00.048415
"Very disappointing experience, will not return.",1,Manchester Didsbury,2023-12-14 02:24:00.048415
"Great place for a quick bite, friendly staff.",5,London Chelsea,2023-12-14 02:24:00.048415
"Amazing experience, highly recommend.",4,Birmingham Solihull,2023-12-14 02:24:00.048415
"Loved the burgers here, will definitely come back.",5,London Chelsea,2023-12-14 02:24:00.048415
"Loved the burgers here, will definitely come back.",5,London Hackney,2023-12-14 02:24:00.048415
"Poor quality food, waste of money.",2,London Canary Wharf,2023-12-14 02:24:00.048415
"Loved the burgers here, will definitely come back.",5,London Hackney,2023-12-14 02:24:00.048415
"Awful place, would not recommend.",2,Cardiff Bay,2023-12-14 02:24:00.048415
Fantastic food and great service!,5,London Soho,2023-12-14 02:24:00.048415
Fantastic food and great service!,4,Glasgow West End,2023-12-15 02:24:00.048415
"Loved the burgers here, will definitely come back.",4,Leeds City Centre,2023-12-15 02:24:00.048415
Delicious meals and very clean environment.,4,London Canary Wharf,2023-12-15 02:24:00.048415
Delicious meals and very clean environment.,5,Manchester Didsbury,2023-12-15 02:24:00.048415
Delicious meals and very clean environment.,4,Bristol Clifton,2023-12-15 02:24:00.048415
"Very disappointing experience, will not return.",1,Edinburgh New Town,2023-12-15 02:24:00.048415
"Food was okay, nothing special.",3,London Canary Wharf,2023-12-15 02:24:00.048415
"Loved the burgers here, will definitely come back.",4,Edinburgh Old Town,2023-12-15 02:24:00.048415
Delicious meals and very clean environment.,5,London Camden,2023-12-15 02:24:00.048415
"Very disappointing experience, will not return.",1,London Camden,2023-12-15 02:24:00.048415
Fantastic food and great service!,5,London Chelsea,2023-12-15 02:24:00.048415
Delicious meals and very clean environment.,4,Edinburgh Old Town,2023-12-15 02:24:00.048415
"Amazing experience, highly recommend.",5,Glasgow West End,2023-12-15 02:24:00.048415
"Great place for a quick bite, friendly staff.",4,Birmingham Solihull,2023-12-15 02:24:00.048415
Delicious meals and very clean environment.,5,Manchester Didsbury,2023-12-15 02:24:00.048415
Delicious meals and very clean environment.,4,London Camden,2023-12-15 02:24:00.048415
"Mediocre food, acceptable for a quick meal.",3,London Chelsea,2023-12-15 02:24:00.048415
"Poor quality food, waste of money.",2,Cardiff City Centre,2023-12-15 02:24:00.048415
"Great place for a quick bite, friendly staff.",4,Sheffield City Centre,2023-12-16 02:24:00.048415
"Poor quality food, waste of money.",2,London Chelsea,2023-12-16 02:24:00.048415
"Great place for a quick bite, friendly staff.",4,London Camden,2023-12-16 02:24:00.048415
"Loved the burgers here, will definitely come back.",4,Sheffield Ecclesall Road,2023-12-16 02:24:00.048415
"It was alright, the service could be better.",3,London Canary Wharf,2023-12-16 02:24:00.048415
Delicious meals and very clean environment.,5,Cardiff City Centre,2023-12-16 02:24:00.048415
Terrible service and cold food.,1,London Canary Wharf,2023-12-16 02:24:00.048415
"Great place for a quick bite, friendly staff.",5,London Camden,2023-12-16 02:24:00.048415
Fantastic food and great service!,5,London Canary Wharf,2023-12-16 02:24:00.048415
"Amazing experience, highly recommend.",5,Glasgow City Centre,2023-12-16 02:24:00.048415
Rude staff and long waiting times.,2,London Chelsea,2023-12-16 02:24:00.048415
"Amazing experience, highly recommend.",4,London Camden,2023-12-16 02:24:00.048415
"Loved the burgers here, will definitely come back.",5,Birmingham City Centre,2023-12-16 02:24:00.048415
"Loved the burgers here, will definitely come back.",5,London Canary Wharf,2023-12-16 02:24:00.048415
"Loved the burgers here, will definitely come back.",5,London Soho,2023-12-16 02:24:00.048415
"Loved the burgers here, will definitely come back.",4,Birmingham Edgbaston,2023-12-16 02:24:00.048415
Rude staff and long waiting times.,1,Manchester Salford,2023-12-16 02:24:00.048415
"Awful place, would not recommend.",2,Bristol Clifton,2023-12-17 02:24:00.048415
"Amazing experience, highly recommend.",4,Glasgow West End,2023-12-17 02:24:00.048415
"Decent place, but I've had better.",3,London Camden,2023-12-17 02:24:00.048415
"Average experience, not bad but not great.",3,Manchester Salford,2023-12-17 02:24:00.048415
"Awful place, would not recommend.",1,Edinburgh Old Town,2023-12-17 02:24:00.048415
Terrible service and cold food.,1,Sheffield Ecclesall Road,2023-12-17 02:24:00.048415
Delicious meals and very clean environment.,5,Glasgow City Centre,2023-12-17 02:24:00.048415
"Great place for a quick bite, friendly staff.",5,London Camden,2023-12-17 02:24:00.048415
"Very disappointing experience, will not return.",1,Birmingham Edgbaston,2023-12-17 02:24:00.048415
"Loved the burgers here, will definitely come back.",5,Bristol City Centre,2023-12-17 02:24:00.048415
"Great place for a quick bite, friendly staff.",5,Birmingham Edgbaston,2023-12-17 02:24:00.048415
"Loved the burgers here, will definitely come back.",4,London Soho,2023-12-17 02:24:00.048415
"Loved the burgers here, will definitely come back.",5,London Soho,2023-12-17 02:24:00.048415
"Amazing experience, highly recommend.",5,Cardiff Bay,2023-12-17 02:24:00.048415
"Loved the burgers here, will definitely come back.",5,Manchester Central,2023-12-17 02:24:00.048415
"Awful place, would not recommend.",1,London Canary Wharf,2023-12-18 02:24:00.048415
"Loved the burgers here, will definitely come back.",5,London Camden,2023-12-18 02:24:00.048415
Fantastic food and great service!,5,Cardiff Bay,2023-12-18 02:24:00.048415
Fantastic food and great service!,4,London Camden,2023-12-18 02:24:00.048415
Delicious meals and very clean environment.,4,Manchester Didsbury,2023-12-18 02:24:00.048415
"Amazing experience, highly recommend.",4,Sheffield City Centre,2023-12-18 02:24:00.048415
"Amazing experience, highly recommend.",4,London Soho,2023-12-18 02:24:00.048415
"Amazing experience, highly recommend.",5,London Camden,2023-12-18 02:24:00.048415
"Loved the burgers here, will definitely come back.",5,Birmingham Solihull,2023-12-18 02:24:00.048415
"Great place for a quick bite, friendly staff.",5,Birmingham City Centre,2023-12-18 02:24:00.048415
Delicious meals and very clean environment.,5,Manchester Central,2023-12-18 02:24:00.048415
Fantastic food and great service!,4,London Hackney,2023-12-18 02:24:00.048415
"Amazing experience, highly recommend.",5,Birmingham Edgbaston,2023-12-19 02:24:00.048415
"Amazing experience, highly recommend.",5,London Soho,2023-12-19 02:24:00.048415
Delicious meals and very clean environment.,5,Leeds City Centre,2023-12-19 02:24:00.048415
"Loved the burgers here, will definitely come back.",4,Liverpool Anfield,2023-12-19 02:24:00.048415
"Food was okay, nothing special.",3,London Hackney,2023-12-19 02:24:00.048415
Fantastic food and great service!,5,Cardiff Bay,2023-12-19 02:24:00.048415
Fantastic food and great service!,4,Manchester Salford,2023-12-19 02:24:00.048415
"Very disappointing experience, will not return.",2,London Canary Wharf,2023-12-19 02:24:00.048415
"Poor quality food, waste of money.",2,Cardiff City Centre,2023-12-19 02:24:00.048415
"Average experience, not bad but not great.",3,Birmingham Solihull,2023-12-19 02:24:00.048415
"Mediocre food, acceptable for a quick meal.",3,Sheffield Ecclesall Road,2023-12-19 02:24:00.048415
"Loved the burgers here, will definitely come back.",5,Edinburgh New Town,2023-12-19 02:24:00.048415
Delicious meals and very clean environment.,5,London Soho,2023-12-19 02:24:00.048415
"Mediocre food, acceptable for a quick meal.",3,Bristol Clifton,2023-12-20 02:24:00.048415
"Very disappointing experience, will not return.",2,London Hackney,2023-12-20 02:24:00.048415
"Poor quality food, waste of money.",1,Sheffield Ecclesall Road,2023-12-20 02:24:00.048415
Delicious meals and very clean environment.,5,Liverpool Anfield,2023-12-20 02:24:00.048415
Delicious meals and very clean environment.,5,Leeds Headingley,2023-12-20 02:24:00.048415
Fantastic food and great service!,5,London Camden,2023-12-20 02:24:00.048415
Fantastic food and great service!,5,Cardiff City Centre,2023-12-20 02:24:00.048415
Delicious meals and very clean environment.,4,Glasgow West End,2023-12-20 02:24:00.048415
Delicious meals and very clean environment.,5,Manchester Didsbury,2023-12-20 02:24:00.048415
Fantastic food and great service!,4,Edinburgh New Town,2023-12-20 02:24:00.048415
Delicious meals and very clean environment.,4,Birmingham City Centre,2023-12-20 02:24:00.048415
Terrible service and cold food.,1,London Soho,2023-12-20 02:24:00.048415
Fantastic food and great service!,4,London Hackney,2023-12-20 02:24:00.048415
"It was alright, the service could be better.",3,Sheffield City Centre,2023-12-20 02:24:00.048415
Fantastic food and great service!,5,Birmingham Solihull,2023-12-20 02:24:00.048415
"Loved the burgers here, will definitely come back.",5,Leeds Headingley,2023-12-20 02:24:00.048415
"Great place for a quick bite, friendly staff.",5,Cardiff City Centre,2023-12-20 02:24:00.048415
Delicious meals and very clean environment.,5,Birmingham City Centre,2023-12-20 02:24:00.048415
Delicious meals and very clean environment.,5,Birmingham City Centre,2023-12-20 02:24:00.048415
"Poor quality food, waste of money.",2,London Hackney,2023-12-20 02:24:00.048415
Fantastic food and great service!,5,London Canary Wharf,2023-12-20 02:24:00.048415
"Loved the burgers here, will definitely come back.",4,Birmingham Edgbaston,2023-12-20 02:24:00.048415
Fantastic food and great service!,5,Leeds City Centre,2023-12-20 02:24:00.048415
Rude staff and long waiting times.,1,Cardiff Bay,2023-12-20 02:24:00.048415
Terrible service and cold food.,2,Bristol City Centre,2023-12-20 02:24:00.048415
"Amazing experience, highly recommend.",5,Birmingham City Centre,2023-12-21 02:24:00.048415
"Loved the burgers here, will definitely come back.",5,Cardiff City Centre,2023-12-21 02:24:00.048415
"Very disappointing experience, will not return.",2,Liverpool City Centre,2023-12-21 02:24:00.048415
Fantastic food and great service!,4,London Camden,2023-12-21 02:24:00.048415
"Very disappointing experience, will not return.",2,Liverpool Anfield,2023-12-21 02:24:00.048415
Terrible service and cold food.,1,London Camden,2023-12-21 02:24:00.048415
Rude staff and long waiting times.,1,Manchester Didsbury,2023-12-21 02:24:00.048415
"Loved the burgers here, will definitely come back.",4,Birmingham City Centre,2023-12-21 02:24:00.048415
"Amazing experience, highly recommend.",4,Leeds City Centre,2023-12-21 02:24:00.048415
"Very disappointing experience, will not return.",1,Manchester Salford,2023-12-21 02:24:00.048415
"Decent place, but I've had better.",3,Leeds City Centre,2023-12-21 02:24:00.048415
"Average experience, not bad but not great.",3,London Hackney,2023-12-21 02:24:00.048415
Fantastic food and great service!,4,Glasgow West End,2023-12-21 02:24:00.048415
"Loved the burgers here, will definitely come back.",4,London Camden,2023-12-21 02:24:00.048415
"Amazing experience, highly recommend.",4,Glasgow City Centre,2023-12-21 02:24:00.048415
"Decent place, but I've had better.",3,Glasgow City Centre,2023-12-22 02:24:00.048415
Delicious meals and very clean environment.,4,London Chelsea,2023-12-22 02:24:00.048415
"Loved the burgers here, will definitely come back.",4,London Soho,2023-12-22 02:24:00.048415
"Amazing experience, highly recommend.",4,Manchester Salford,2023-12-22 02:24:00.048415
"Awful place, would not recommend.",2,Liverpool City Centre,2023-12-22 02:24:00.048415
"Awful place, would not recommend.",1,London Camden,2023-12-22 02:24:00.048415
"Amazing experience, highly recommend.",5,Manchester Didsbury,2023-12-22 02:24:00.048415
Rude staff and long waiting times.,2,London Chelsea,2023-12-22 02:24:00.048415
"It was alright, the service could be better.",3,Bristol Clifton,2023-12-22 02:24:00.048415
Delicious meals and very clean environment.,5,Edinburgh New Town,2023-12-22 02:24:00.048415
Delicious meals and very clean environment.,5,Birmingham City Centre,2023-12-22 02:24:00.048415
"Loved the burgers here, will definitely come back.",5,Bristol City Centre,2023-12-23 02:24:00.048415
Fantastic food and great service!,4,London Canary Wharf,2023-12-23 02:24:00.048415
Delicious meals and very clean environment.,4,Sheffield Ecclesall Road,2023-12-23 02:24:00.048415
"Awful place, would not recommend.",1,London Canary Wharf,2023-12-23 02:24:00.048415
"Very disappointing experience, will not return.",1,London Soho,2023-12-23 02:24:00.048415
Fantastic food and great service!,5,London Hackney,2023-12-23 02:24:00.048415
"Loved the burgers here, will definitely come back.",5,London Camden,2023-12-23 02:24:00.048415
"Awful place, would not recommend.",2,Birmingham City Centre,2023-12-23 02:24:00.048415
Delicious meals and very clean environment.,4,London Hackney,2023-12-23 02:24:00.048415
Rude staff and long waiting times.,1,Cardiff Bay,2023-12-23 02:24:00.048415
"Poor quality food, waste of money.",2,London Chelsea,2023-12-23 02:24:00.048415
Fantastic food and great service!,4,London Hackney,2023-12-23 02:24:00.048415
"Loved the burgers here, will definitely come back.",4,London Canary Wharf,2023-12-23 02:24:00.048415
"Great place for a quick bite, friendly staff.",5,Cardiff City Centre,2023-12-23 02:24:00.048415
Delicious meals and very clean environment.,4,Bristol Clifton,2023-12-24 02:24:00.048415
"Amazing experience, highly recommend.",4,Birmingham Solihull,2023-12-24 02:24:00.048415
"Poor quality food, waste of money.",1,London Chelsea,2023-12-24 02:24:00.048415
"Amazing experience, highly recommend.",5,London Soho,2023-12-24 02:24:00.048415
Delicious meals and very clean environment.,5,Manchester Central,2023-12-24 02:24:00.048415
Delicious meals and very clean environment.,4,London Camden,2023-12-24 02:24:00.048415
"Loved the burgers here, will definitely come back.",5,London Camden,2023-12-24 02:24:00.048415
Delicious meals and very clean environment.,5,London Soho,2023-12-24 02:24:00.048415
Rude staff and long waiting times.,1,London Hackney,2023-12-24 02:24:00.048415
"Loved the burgers here, will definitely come back.",4,Cardiff City Centre,2023-12-24 02:24:00.048415
"Awful place, would not recommend.",2,Birmingham City Centre,2023-12-24 02:24:00.048415
"Amazing experience, highly recommend.",4,Liverpool Anfield,2023-12-24 02:24:00.048415
Delicious meals and very clean environment.,4,Manchester Central,2023-12-24 02:24:00.048415
Fantastic food and great service!,5,Birmingham Edgbaston,2023-12-24 02:24:00.048415
"It was alright, the service could be better.",3,Birmingham Edgbaston,2023-12-24 02:24:00.048415
Fantastic food and great service!,5,Manchester Salford,2023-12-25 02:24:00.048415
"Mediocre food, acceptable for a quick meal.",3,Birmingham City Centre,2023-12-25 02:24:00.048415
"Average experience, not bad but not great.",3,Liverpool Anfield,2023-12-25 02:24:00.048415
"Poor quality food, waste of money.",2,Manchester Salford,2023-12-25 02:24:00.048415
"Amazing experience, highly recommend.",5,Bristol City Centre,2023-12-25 02:24:00.048415
"Loved the burgers here, will definitely come back.",5,Cardiff City Centre,2023-12-25 02:24:00.048415
Rude staff and long waiting times.,2,Birmingham Solihull,2023-12-25 02:24:00.048415
"Great place for a quick bite, friendly staff.",5,Manchester Salford,2023-12-25 02:24:00.048415
Rude staff and long waiting times.,1,London Camden,2023-12-25 02:24:00.048415
"Poor quality food, waste of money.",2,London Chelsea,2023-12-25 02:24:00.048415
"Great place for a quick bite, friendly staff.",5,Glasgow West End,2023-12-25 02:24:00.048415
"Loved the burgers here, will definitely come back.",5,Birmingham Edgbaston,2023-12-25 02:24:00.048415
"Poor quality food, waste of money.",2,Birmingham Edgbaston,2023-12-25 02:24:00.048415
"Decent place, but I've had better.",3,London Camden,2023-12-25 02:24:00.048415
"Mediocre food, acceptable for a quick meal.",3,Sheffield City Centre,2023-12-25 02:24:00.048415
"Loved the burgers here, will definitely come back.",4,Sheffield Ecclesall Road,2023-12-26 02:24:00.048415
"Great place for a quick bite, friendly staff.",5,London Canary Wharf,2023-12-26 02:24:00.048415
"Amazing experience, highly recommend.",4,Bristol City Centre,2023-12-26 02:24:00.048415
Terrible service and cold food.,1,London Canary Wharf,2023-12-26 02:24:00.048415
"Amazing experience, highly recommend.",4,Bristol Clifton,2023-12-26 02:24:00.048415
Fantastic food and great service!,4,Birmingham Solihull,2023-12-26 02:24:00.048415
Rude staff and long waiting times.,1,London Hackney,2023-12-26 02:24:00.048415
"Amazing experience, highly recommend.",5,Sheffield City Centre,2023-12-26 02:24:00.048415
Delicious meals and very clean environment.,5,Birmingham Edgbaston,2023-12-26 02:24:00.048415
"Loved the burgers here, will definitely come back.",5,London Chelsea,2023-12-26 02:24:00.048415
"Great place for a quick bite, friendly staff.",5,Bristol City Centre,2023-12-26 02:24:00.048415
"Great place for a quick bite, friendly staff.",5,Cardiff Bay,2023-12-26 02:24:00.048415
"Great place for a quick bite, friendly staff.",4,London Chelsea,2023-12-26 02:24:00.048415
Terrible service and cold food.,2,Manchester Central,2023-12-26 02:24:00.048415
Fantastic food and great service!,4,Manchester Didsbury,2023-12-27 02:24:00.048415
"Great place for a quick bite, friendly staff.",4,London Hackney,2023-12-27 02:24:00.048415
Terrible service and cold food.,2,Birmingham City Centre,2023-12-27 02:24:00.048415
Delicious meals and very clean environment.,5,Glasgow City Centre,2023-12-27 02:24:00.048415
Fantastic food and great service!,4,Liverpool City Centre,2023-12-27 02:24:00.048415
"Loved the burgers here, will definitely come back.",5,Liverpool City Centre,2023-12-27 02:24:00.048415
Delicious meals and very clean environment.,5,London Soho,2023-12-27 02:24:00.048415
"Awful place, would not recommend.",1,Glasgow West End,2023-12-27 02:24:00.048415
Rude staff and long waiting times.,2,Leeds City Centre,2023-12-27 02:24:00.048415
"Loved the burgers here, will definitely come back.",5,London Hackney,2023-12-27 02:24:00.048415
"Very disappointing experience, will not return.",1,Bristol City Centre,2023-12-27 02:24:00.048415
"Food was okay, nothing special.",3,Sheffield City Centre,2023-12-27 02:24:00.048415
"Food was okay, nothing special.",3,Liverpool City Centre,2023-12-27 02:24:00.048415
"Amazing experience, highly recommend.",5,London Camden,2023-12-27 02:24:00.048415
Fantastic food and great service!,5,London Hackney,2023-12-28 02:24:00.048415
"Awful place, would not recommend.",2,London Chelsea,2023-12-28 02:24:00.048415
"Poor quality food, waste of money.",2,Manchester Central,2023-12-28 02:24:00.048415
Delicious meals and very clean environment.,4,London Canary Wharf,2023-12-28 02:24:00.048415
Terrible service and cold food.,2,London Canary Wharf,2023-12-28 02:24:00.048415
"Amazing experience, highly recommend.",5,London Canary Wharf,2023-12-28 02:24:00.048415
"Great place for a quick bite, friendly staff.",4,London Camden,2023-12-28 02:24:00.048415
Delicious meals and very clean environment.,5,London Hackney,2023-12-28 02:24:00.048415
Delicious meals and very clean environment.,5,Sheffield City Centre,2023-12-28 02:24:00.048415
Rude staff and long waiting times.,1,Cardiff City Centre,2023-12-28 02:24:00.048415
Delicious meals and very clean environment.,5,Manchester Salford,2023-12-28 02:24:00.048415
Terrible service and cold food.,2,Cardiff City Centre,2023-12-28 02:24:00.048415
Fantastic food and great service!,5,London Chelsea,2023-12-28 02:24:00.048415
"Poor quality food, waste of money.",2,London Chelsea,2023-12-28 02:24:00.048415
"Awful place, would not recommend.",2,London Soho,2023-12-28 02:24:00.048415
"Great place for a quick bite, friendly staff.",4,Sheffield Ecclesall Road,2023-12-28 02:24:00.048415
Fantastic food and great service!,4,Manchester Salford,2023-12-29 02:24:00.048415
"Very disappointing experience, will not return.",1,London Chelsea,2023-12-29 02:24:00.048415
Delicious meals and very clean environment.,5,Birmingham City Centre,2023-12-29 02:24:00.048415
Fantastic food and great service!,5,Manchester Didsbury,2023-12-29 02:24:00.048415
"Great place for a quick bite, friendly staff.",4,London Canary Wharf,2023-12-29 02:24:00.048415
"Amazing experience, highly recommend.",4,London Canary Wharf,2023-12-29 02:24:00.048415
"Amazing experience, highly recommend.",4,London Hackney,2023-12-29 02:24:00.048415
Fantastic food and great service!,5,Leeds City Centre,2023-12-29 02:24:00.048415
"Great place for a quick bite, friendly staff.",4,London Soho,2023-12-29 02:24:00.048415
Fantastic food and great service!,5,Cardiff City Centre,2023-12-29 02:24:00.048415
"Loved the burgers here, will definitely come back.",4,Liverpool Anfield,2023-12-29 02:24:00.048415
"Awful place, would not recommend.",1,Cardiff City Centre,2023-12-29 02:24:00.048415
"Great place for a quick bite, friendly staff.",5,Leeds Headingley,2023-12-29 02:24:00.048415
"Poor quality food, waste of money.",1,London Hackney,2023-12-29 02:24:00.048415
"Amazing experience, highly recommend.",5,Manchester Didsbury,2023-12-29 02:24:00.048415
Delicious meals and very clean environment.,4,Birmingham City Centre,2023-12-29 02:24:00.048415
"Loved the burgers here, will definitely come back.",5,London Soho,2023-12-30 02:24:00.048415
Delicious meals and very clean environment.,5,Manchester Didsbury,2023-12-30 02:24:00.048415
Rude staff and long waiting times.,2,London Canary Wharf,2023-12-30 02:24:00.048415
"Great place for a quick bite, friendly staff.",4,Birmingham City Centre,2023-12-30 02:24:00.048415
"Great place for a quick bite, friendly staff.",5,Manchester Central,2023-12-30 02:24:00.048415
"Great place for a quick bite, friendly staff.",5,Birmingham City Centre,2023-12-30 02:24:00.048415
"Average experience, not bad but not great.",3,Bristol City Centre,2023-12-30 02:24:00.048415
"Decent place, but I've had better.",3,Bristol Clifton,2023-12-30 02:24:00.048415
"Amazing experience, highly recommend.",5,Birmingham Edgbaston,2023-12-30 02:24:00.048415
Delicious meals and very clean environment.,5,Manchester Salford,2023-12-30 02:24:00.048415
"Loved the burgers here, will definitely come back.",4,Manchester Didsbury,2023-12-30 02:24:00.048415
Fantastic food and great service!,4,London Canary Wharf,2023-12-31 02:24:00.048415
"Amazing experience, highly recommend.",4,Birmingham City Centre,2023-12-31 02:24:00.048415
Delicious meals and very clean environment.,4,Leeds City Centre,2023-12-31 02:24:00.048415
Fantastic food and great service!,5,London Camden,2023-12-31 02:24:00.048415
"Awful place, would not recommend.",2,Leeds City Centre,2023-12-31 02:24:00.048415
"Very disappointing experience, will not return.",1,Sheffield City Centre,2023-12-31 02:24:00.048415
"Poor quality food, waste of money.",1,Edinburgh Old Town,2023-12-31 02:24:00.048415
Fantastic food and great service!,5,London Soho,2023-12-31 02:24:00.048415
"Great place for a quick bite, friendly staff.",4,Birmingham City Centre,2023-12-31 02:24:00.048415
"Loved the burgers here, will definitely come back.",4,Liverpool Anfield,2023-12-31 02:24:00.048415
"Very disappointing experience, will not return.",1,Liverpool City Centre,2023-12-31 02:24:00.048415
Fantastic food and great service!,4,Glasgow City Centre,2023-12-31 02:24:00.048415
Delicious meals and very clean environment.,5,London Soho,2023-12-31 02:24:00.048415
"Great place for a quick bite, friendly staff.",4,Manchester Central,2023-12-31 02:24:00.048415
"Loved the burgers here, will definitely come back.",5,Leeds City Centre,2023-12-31 02:24:00.048415
Terrible service and cold food.,2,London Canary Wharf,2023-12-31 02:24:00.048415
"Awful place, would not recommend.",2,London Canary Wharf,2023-12-31 02:24:00.048415
"Great place for a quick bite, friendly staff.",4,London Canary Wharf,2023-12-31 02:24:00.048415
Rude staff and long waiting times.,2,Liverpool City Centre,2023-12-31 02:24:00.048415
"Great place for a quick bite, friendly staff.",4,Manchester Central,2023-12-31 02:24:00.048415
Delicious meals and very clean environment.,5,London Camden,2023-12-31 02:24:00.048415
"Poor quality food, waste of money.",1,Bristol City Centre,2023-12-31 02:24:00.048415
"Loved the burgers here, will definitely come back.",5,Sheffield Ecclesall Road,2023-12-31 02:24:00.048415
"Amazing experience, highly recommend.",5,London Hackney,2023-12-31 02:24:00.048415
Delicious meals and very clean environment.,4,Cardiff City Centre,2024-01-01 02:24:00.048415
Delicious meals and very clean environment.,5,Birmingham City Centre,2024-01-01 02:24:00.048415
"Great place for a quick bite, friendly staff.",4,Manchester Central,2024-01-01 02:24:00.048415
Delicious meals and very clean environment.,4,London Hackney,2024-01-01 02:24:00.048415
"Amazing experience, highly recommend.",4,London Camden,2024-01-01 02:24:00.048415
"Great place for a quick bite, friendly staff.",4,Sheffield Ecclesall Road,2024-01-01 02:24:00.048415
"Great place for a quick bite, friendly staff.",5,London Hackney,2024-01-01 02:24:00.048415
"Poor quality food, waste of money.",2,London Hackney,2024-01-01 02:24:00.048415
Delicious meals and very clean environment.,4,Manchester Salford,2024-01-01 02:24:00.048415
Fantastic food and great service!,5,Leeds City Centre,2024-01-01 02:24:00.048415
"Loved the burgers here, will definitely come back.",5,Manchester Didsbury,2024-01-01 02:24:00.048415
"Great place for a quick bite, friendly staff.",4,Manchester Didsbury,2024-01-01 02:24:00.048415
"Amazing experience, highly recommend.",4,Leeds City Centre,2024-01-01 02:24:00.048415
Fantastic food and great service!,4,London Soho,2024-01-01 02:24:00.048415
Delicious meals and very clean environment.,5,London Canary Wharf,2024-01-01 02:24:00.048415
"Great place for a quick bite, friendly staff.",4,Bristol Clifton,2024-01-01 02:24:00.048415
"Great place for a quick bite, friendly staff.",5,London Hackney,2024-01-02 02:24:00.048415
Delicious meals and very clean environment.,5,London Hackney,2024-01-02 02:24:00.048415
"Great place for a quick bite, friendly staff.",5,Leeds City Centre,2024-01-02 02:24:00.048415
"Amazing experience, highly recommend.",5,Manchester Salford,2024-01-02 02:24:00.048415
"Loved the burgers here, will definitely come back.",5,Bristol Clifton,2024-01-02 02:24:00.048415
"Amazing experience, highly recommend.",4,London Camden,2024-01-02 02:24:00.048415
Fantastic food and great service!,5,London Chelsea,2024-01-02 02:24:00.048415
Fantastic food and great service!,4,London Soho,2024-01-02 02:24:00.048415
"Amazing experience, highly recommend.",5,London Canary Wharf,2024-01-02 02:24:00.048415
Fantastic food and great service!,4,London Camden,2024-01-02 02:24:00.048415
Terrible service and cold food.,2,London Hackney,2024-01-02 02:24:00.048415
"Loved the burgers here, will definitely come back.",5,Cardiff City Centre,2024-01-02 02:24:00.048415
"Amazing experience, highly recommend.",5,Glasgow West End,2024-01-02 02:24:00.048415
"Loved the burgers here, will definitely come back.",4,Manchester Central,2024-01-02 02:24:00.048415
"Amazing experience, highly recommend.",4,London Soho,2024-01-02 02:24:00.048415
"Amazing experience, highly recommend.",5,Glasgow West End,2024-01-02 02:24:00.048415
Fantastic food and great service!,4,Birmingham Edgbaston,2024-01-02 02:24:00.048415
"Amazing experience, highly recommend.",5,London Canary Wharf,2024-01-02 02:24:00.048415
"Average experience, not bad but not great.",3,Bristol Clifton,2024-01-03 02:24:00.048415
"Loved the burgers here, will definitely come back.",4,Bristol City Centre,2024-01-03 02:24:00.048415
"Average experience, not bad but not great.",3,Birmingham Edgbaston,2024-01-03 02:24:00.048415
"Great place for a quick bite, friendly staff.",4,Sheffield City Centre,2024-01-03 02:24:00.048415
Delicious meals and very clean environment.,5,London Chelsea,2024-01-03 02:24:00.048415
Terrible service and cold food.,2,London Soho,2024-01-03 02:24:00.048415
"Great place for a quick bite, friendly staff.",4,London Camden,2024-01-03 02:24:00.048415
Delicious meals and very clean environment.,4,Glasgow City Centre,2024-01-03 02:24:00.048415
Delicious meals and very clean environment.,5,Edinburgh Old Town,2024-01-03 02:24:00.048415
Delicious meals and very clean environment.,5,Leeds City Centre,2024-01-03 02:24:00.048415
"Loved the burgers here, will definitely come back.",4,Leeds Headingley,2024-01-03 02:24:00.048415
"Great place for a quick bite, friendly staff.",5,London Canary Wharf,2024-01-03 02:24:00.048415
Delicious meals and very clean environment.,5,London Camden,2024-01-03 02:24:00.048415
"Amazing experience, highly recommend.",4,Birmingham Solihull,2024-01-03 02:24:00.048415
"Poor quality food, waste of money.",1,Edinburgh New Town,2024-01-03 02:24:00.048415
Fantastic food and great service!,5,Liverpool Anfield,2024-01-04 02:24:00.048415
"Awful place, would not recommend.",2,Edinburgh New Town,2024-01-04 02:24:00.048415
"Loved the burgers here, will definitely come back.",5,Manchester Didsbury,2024-01-04 02:24:00.048415
"Great place for a quick bite, friendly staff.",5,London Camden,2024-01-04 02:24:00.048415
"Loved the burgers here, will definitely come back.",5,London Canary Wharf,2024-01-04 02:24:00.048415
"Amazing experience, highly recommend.",5,Manchester Central,2024-01-04 02:24:00.048415
Fantastic food and great service!,4,Manchester Salford,2024-01-04 02:24:00.048415
Delicious meals and very clean environment.,5,London Soho,2024-01-05 02:24:00.048415
"Great place for a quick bite, friendly staff.",5,Birmingham City Centre,2024-01-05 02:24:00.048415
Fantastic food and great service!,4,Leeds Headingley,2024-01-05 02:24:00.048415
Fantastic food and great service!,5,London Hackney,2024-01-05 02:24:00.048415
"Great place for a quick bite, friendly staff.",5,London Hackney,2024-01-05 02:24:00.048415
Terrible service and cold food.,2,Manchester Central,2024-01-05 02:24:00.048415
Delicious meals and very clean environment.,5,Liverpool City Centre,2024-01-05 02:24:00.048415
"Mediocre food, acceptable for a quick meal.",3,Glasgow West End,2024-01-05 02:24:00.048415
Delicious meals and very clean environment.,5,London Soho,2024-01-05 02:24:00.048415
"Amazing experience, highly recommend.",4,London Hackney,2024-01-05 02:24:00.048415
"Loved the burgers here, will definitely come back.",4,Birmingham City Centre,2024-01-05 02:24:00.048415
Delicious meals and very clean environment.,5,Birmingham Solihull,2024-01-05 02:24:00.048415
"Awful place, would not recommend.",2,London Soho,2024-01-05 02:24:00.048415
"Awful place, would not recommend.",1,Birmingham Edgbaston,2024-01-05 02:24:00.048415
"Loved the burgers here, will definitely come back.",4,London Hackney,2024-01-05 02:24:00.048415
"Loved the burgers here, will definitely come back.",5,London Soho,2024-01-06 02:24:00.048415
"Great place for a quick bite, friendly staff.",4,London Chelsea,2024-01-06 02:24:00.048415
Fantastic food and great service!,4,London Hackney,2024-01-06 02:24:00.048415
"Poor quality food, waste of money.",2,Manchester Didsbury,2024-01-06 02:24:00.048415
"Amazing experience, highly recommend.",5,Birmingham Solihull,2024-01-06 02:24:00.048415
Delicious meals and very clean environment.,5,Birmingham Edgbaston,2024-01-06 02:24:00.048415
"Great place for a quick bite, friendly staff.",5,Manchester Central,2024-01-06 02:24:00.048415
Terrible service and cold food.,1,Leeds Headingley,2024-01-06 02:24:00.048415
"Food was okay, nothing special.",3,Edinburgh New Town,2024-01-06 02:24:00.048415
Fantastic food and great service!,4,Manchester Central,2024-01-06 02:24:00.048415
"Great place for a quick bite, friendly staff.",5,Glasgow West End,2024-01-06 02:24:00.048415
"Great place for a quick bite, friendly staff.",5,London Chelsea,2024-01-06 02:24:00.048415
"Average experience, not bad but not great.",3,Manchester Salford,2024-01-06 02:24:00.048415
"Great place for a quick bite, friendly staff.",5,Manchester Salford,2024-01-07 02:24:00.048415
"Amazing experience, highly recommend.",4,Birmingham Edgbaston,2024-01-07 02:24:00.048415
Delicious meals and very clean environment.,4,Leeds Headingley,2024-01-07 02:24:00.048415
"Loved the burgers here, will definitely come back.",4,Sheffield City Centre,2024-01-07 02:24:00.048415
"Great place for a quick bite, friendly staff.",5,Manchester Didsbury,2024-01-07 02:24:00.048415
Fantastic food and great service!,4,Birmingham City Centre,2024-01-07 02:24:00.048415
"Loved the burgers here, will definitely come back.",5,Liverpool Anfield,2024-01-07 02:24:00.048415
"Loved the burgers here, will definitely come back.",5,London Camden,2024-01-07 02:24:00.048415
Delicious meals and very clean environment.,4,London Camden,2024-01-07 02:24:00.048415
"Great place for a quick bite, friendly staff.",5,Cardiff Bay,2024-01-07 02:24:00.048415
"Great place for a quick bite, friendly staff.",5,Bristol Clifton,2024-01-07 02:24:00.048415
Terrible service and cold food.,1,London Canary Wharf,2024-01-07 02:24:00.048415
"Awful place, would not recommend.",2,Manchester Salford,2024-01-07 02:24:00.048415
"Loved the burgers here, will definitely come back.",5,Liverpool Anfield,2024-01-07 02:24:00.048415
"Great place for a quick bite, friendly staff.",4,Cardiff City Centre,2024-01-07 02:24:00.048415
"It was alright, the service could be better.",3,Manchester Didsbury,2024-01-08 02:24:00.048415
"Awful place, would not recommend.",1,London Camden,2024-01-08 02:24:00.048415
Fantastic food and great service!,5,Manchester Salford,2024-01-08 02:24:00.048415
"Amazing experience, highly recommend.",5,Liverpool Anfield,2024-01-08 02:24:00.048415
"Great place for a quick bite, friendly staff.",5,London Camden,2024-01-08 02:24:00.048415
"Poor quality food, waste of money.",1,Edinburgh New Town,2024-01-08 02:24:00.048415
"Loved the burgers here, will definitely come back.",5,Birmingham City Centre,2024-01-08 02:24:00.048415
Fantastic food and great service!,4,Birmingham City Centre,2024-01-08 02:24:00.048415
"Amazing experience, highly recommend.",4,Bristol Clifton,2024-01-08 02:24:00.048415
Delicious meals and very clean environment.,5,Manchester Salford,2024-01-08 02:24:00.048415
"Amazing experience, highly recommend.",5,Edinburgh New Town,2024-01-08 02:24:00.048415
"Very disappointing experience, will not return.",1,London Hackney,2024-01-08 02:24:00.048415
Rude staff and long waiting times.,1,Birmingham Solihull,2024-01-08 02:24:00.048415
"Average experience, not bad but not great.",3,Leeds Headingley,2024-01-08 02:24:00.048415
"Amazing experience, highly recommend.",5,London Chelsea,2024-01-09 02:24:00.048415
Rude staff and long waiting times.,1,London Hackney,2024-01-09 02:24:00.048415
Fantastic food and great service!,5,London Camden,2024-01-09 02:24:00.048415
"Poor quality food, waste of money.",2,London Camden,2024-01-09 02:24:00.048415
"Great place for a quick bite, friendly staff.",4,London Chelsea,2024-01-09 02:24:00.048415
"Amazing experience, highly recommend.",5,Manchester Salford,2024-01-09 02:24:00.048415
"Loved the burgers here, will definitely come back.",5,Edinburgh Old Town,2024-01-09 02:24:00.048415
"Awful place, would not recommend.",2,Glasgow City Centre,2024-01-09 02:24:00.048415
"Amazing experience, highly recommend.",4,Cardiff City Centre,2024-01-09 02:24:00.048415
"Average experience, not bad but not great.",3,London Camden,2024-01-09 02:24:00.048415
"Average experience, not bad but not great.",3,Birmingham Edgbaston,2024-01-09 02:24:00.048415
"Amazing experience, highly recommend.",5,Manchester Didsbury,2024-01-09 02:24:00.048415
"Loved the burgers here, will definitely come back.",4,Edinburgh Old Town,2024-01-09 02:24:00.048415
"Mediocre food, acceptable for a quick meal.",3,Birmingham Solihull,2024-01-10 02:24:00.048415
Fantastic food and great service!,5,Birmingham Solihull,2024-01-10 02:24:00.048415
Delicious meals and very clean environment.,4,Glasgow City Centre,2024-01-10 02:24:00.048415
"Great place for a quick bite, friendly staff.",4,London Camden,2024-01-10 02:24:00.048415
"Amazing experience, highly recommend.",5,Sheffield Ecclesall Road,2024-01-10 02:24:00.048415
"Loved the burgers here, will definitely come back.",5,London Camden,2024-01-10 02:24:00.048415
"Loved the burgers here, will definitely come back.",4,Birmingham City Centre,2024-01-10 02:24:00.048415
Fantastic food and great service!,5,Manchester Central,2024-01-10 02:24:00.048415
Delicious meals and very clean environment.,5,Liverpool Anfield,2024-01-10 02:24:00.048415
Fantastic food and great service!,5,Birmingham Solihull,2024-01-10 02:24:00.048415
Delicious meals and very clean environment.,4,London Canary Wharf,2024-01-10 02:24:00.048415
"Loved the burgers here, will definitely come back.",5,Birmingham City Centre,2024-01-10 02:24:00.048415
"Loved the burgers here, will definitely come back.",5,Leeds Headingley,2024-01-10 02:24:00.048415
"Average experience, not bad but not great.",3,Manchester Central,2024-01-10 02:24:00.048415
"Great place for a quick bite, friendly staff.",5,London Chelsea,2024-01-10 02:24:00.048415
"Loved the burgers here, will definitely come back.",5,Edinburgh New Town,2024-01-10 02:24:00.048415
"Loved the burgers here, will definitely come back.",4,London Canary Wharf,2024-01-10 02:24:00.048415
"Amazing experience, highly recommend.",4,Glasgow City Centre,2024-01-11 02:24:00.048415
"Amazing experience, highly recommend.",4,Birmingham Solihull,2024-01-11 02:24:00.048415
"Awful place, would not recommend.",1,Manchester Salford,2024-01-11 02:24:00.048415
"Loved the burgers here, will definitely come back.",5,Birmingham Solihull,2024-01-11 02:24:00.048415
"Very disappointing experience, will not return.",1,Birmingham City Centre,2024-01-11 02:24:00.048415
"Amazing experience, highly recommend.",5,Sheffield City Centre,2024-01-11 02:24:00.048415
Delicious meals and very clean environment.,5,Manchester Salford,2024-01-11 02:24:00.048415
Delicious meals and very clean environment.,4,Sheffield Ecclesall Road,2024-01-11 02:24:00.048415
"Great place for a quick bite, friendly staff.",5,London Soho,2024-01-11 02:24:00.048415
"Loved the burgers here, will definitely come back.",4,London Soho,2024-01-11 02:24:00.048415
"Great place for a quick bite, friendly staff.",4,London Camden,2024-01-11 02:24:00.048415
Delicious meals and very clean environment.,4,London Camden,2024-01-12 02:24:00.048415
"Loved the burgers here, will definitely come back.",5,Sheffield City Centre,2024-01-12 02:24:00.048415
"It was alright, the service could be better.",3,London Hackney,2024-01-12 02:24:00.048415
Delicious meals and very clean environment.,4,Manchester Central,2024-01-12 02:24:00.048415
"Awful place, would not recommend.",2,Liverpool City Centre,2024-01-12 02:24:00.048415
"Food was okay, nothing special.",3,London Hackney,2024-01-12 02:24:00.048415
Fantastic food and great service!,4,Birmingham Edgbaston,2024-01-12 02:24:00.048415
"Amazing experience, highly recommend.",5,Manchester Didsbury,2024-01-12 02:24:00.048415
"Great place for a quick bite, friendly staff.",5,London Hackney,2024-01-12 02:24:00.048415
"Great place for a quick bite, friendly staff.",5,London Camden,2024-01-12 02:24:00.048415
Delicious meals and very clean environment.,5,Sheffield Ecclesall Road,2024-01-12 02:24:00.048415
"Loved the burgers here, will definitely come back.",5,Manchester Salford,2024-01-12 02:24:00.048415
"Average experience, not bad but not great.",3,London Hackney,2024-01-12 02:24:00.048415
"Mediocre food, acceptable for a quick meal.",3,Leeds City Centre,2024-01-12 02:24:00.048415
"Great place for a quick bite, friendly staff.",4,London Canary Wharf,2024-01-12 02:24:00.048415
Fantastic food and great service!,4,Manchester Didsbury,2024-01-12 02:24:00.048415
"Mediocre food, acceptable for a quick meal.",3,Birmingham City Centre,2024-01-12 02:24:00.048415
Delicious meals and very clean environment.,5,London Hackney,2024-01-13 02:24:00.048415
"Food was okay, nothing special.",3,London Canary Wharf,2024-01-13 02:24:00.048415
"Amazing experience, highly recommend.",4,Leeds Headingley,2024-01-13 02:24:00.048415
"Loved the burgers here, will definitely come back.",5,Cardiff Bay,2024-01-13 02:24:00.048415
"Awful place, would not recommend.",1,Manchester Salford,2024-01-13 02:24:00.048415
Fantastic food and great service!,4,Birmingham Edgbaston,2024-01-13 02:24:00.048415
Fantastic food and great service!,4,London Chelsea,2024-01-13 02:24:00.048415
Rude staff and long waiting times.,2,London Chelsea,2024-01-13 02:24:00.048415
Fantastic food and great service!,5,Cardiff City Centre,2024-01-13 02:24:00.048415
"Food was okay, nothing special.",3,London Canary Wharf,2024-01-13 02:24:00.048415
"Amazing experience, highly recommend.",5,London Canary Wharf,2024-01-13 02:24:00.048415
"Amazing experience, highly recommend.",5,Manchester Didsbury,2024-01-13 02:24:00.048415
Fantastic food and great service!,5,Leeds City Centre,2024-01-13 02:24:00.048415
Fantastic food and great service!,5,Manchester Central,2024-01-13 02:24:00.048415
"Very disappointing experience, will not return.",1,Sheffield City Centre,2024-01-14 02:24:00.048415
Terrible service and cold food.,1,Manchester Salford,2024-01-14 02:24:00.048415
"Great place for a quick bite, friendly staff.",4,Bristol City Centre,2024-01-14 02:24:00.048415
Delicious meals and very clean environment.,5,London Chelsea,2024-01-14 02:24:00.048415
"Amazing experience, highly recommend.",5,Sheffield City Centre,2024-01-14 02:24:00.048415
Delicious meals and very clean environment.,4,Birmingham City Centre,2024-01-14 02:24:00.048415
Delicious meals and very clean environment.,4,Birmingham Solihull,2024-01-14 02:24:00.048415
"Great place for a quick bite, friendly staff.",5,Birmingham Edgbaston,2024-01-14 02:24:00.048415
Terrible service and cold food.,1,London Camden,2024-01-14 02:24:00.048415
"Awful place, would not recommend.",1,Leeds Headingley,2024-01-15 02:24:00.048415
"Poor quality food, waste of money.",2,Manchester Salford,2024-01-15 02:24:00.048415
Delicious meals and very clean environment.,5,Glasgow West End,2024-01-15 02:24:00.048415
"Loved the burgers here, will definitely come back.",5,Bristol Clifton,2024-01-15 02:24:00.048415
"Very disappointing experience, will not return.",1,London Camden,2024-01-15 02:24:00.048415
"Amazing experience, highly recommend.",5,Birmingham Edgbaston,2024-01-15 02:24:00.048415
Fantastic food and great service!,4,Manchester Didsbury,2024-01-15 02:24:00.048415
Rude staff and long waiting times.,2,Glasgow West End,2024-01-15 02:24:00.048415
Delicious meals and very clean environment.,5,London Camden,2024-01-15 02:24:00.048415
"Decent place, but I've had better.",3,Birmingham Edgbaston,2024-01-15 02:24:00.048415
"Amazing experience, highly recommend.",4,Manchester Salford,2024-01-16 02:24:00.048415
Fantastic food and great service!,5,Manchester Central,2024-01-16 02:24:00.048415
"Great place for a quick bite, friendly staff.",5,Manchester Salford,2024-01-16 02:24:00.048415
Fantastic food and great service!,5,Liverpool City Centre,2024-01-16 02:24:00.048415
"Poor quality food, waste of money.",1,Birmingham Solihull,2024-01-16 02:24:00.048415
"Loved the burgers here, will definitely come back.",4,London Soho,2024-01-16 02:24:00.048415
Delicious meals and very clean environment.,5,London Camden,2024-01-16 02:24:00.048415
"Loved the burgers here, will definitely come back.",4,London Camden,2024-01-16 02:24:00.048415
"Food was okay, nothing special.",3,London Camden,2024-01-16 02:24:00.048415
"Great place for a quick bite, friendly staff.",4,Cardiff City Centre,2024-01-17 02:24:00.048415
"Mediocre food, acceptable for a quick meal.",3,Glasgow City Centre,2024-01-17 02:24:00.048415
"Awful place, would not recommend.",1,Birmingham Edgbaston,2024-01-17 02:24:00.048415
"Very disappointing experience, will not return.",2,London Hackney,2024-01-17 02:24:00.048415
"Decent place, but I've had better.",3,Liverpool City Centre,2024-01-17 02:24:00.048415
Delicious meals and very clean environment.,5,London Canary Wharf,2024-01-17 02:24:00.048415
Fantastic food and great service!,4,London Canary Wharf,2024-01-17 02:24:00.048415
Delicious meals and very clean environment.,4,Manchester Salford,2024-01-17 02:24:00.048415
Rude staff and long waiting times.,1,London Soho,2024-01-17 02:24:00.048415
Delicious meals and very clean environment.,5,Birmingham City Centre,2024-01-17 02:24:00.048415
Delicious meals and very clean environment.,5,London Canary Wharf,2024-01-17 02:24:00.048415
"Poor quality food, waste of money.",2,Bristol City Centre,2024-01-17 02:24:00.048415
"Amazing experience, highly recommend.",4,Manchester Central,2024-01-17 02:24:00.048415
Delicious meals and very clean environment.,4,Glasgow City Centre,2024-01-17 02:24:00.048415
Delicious meals and very clean environment.,5,Bristol City Centre,2024-01-17 02:24:00.048415
Delicious meals and very clean environment.,5,Manchester Central,2024-01-18 02:24:00.048415
"Loved the burgers here, will definitely come back.",4,Glasgow West End,2024-01-18 02:24:00.048415
"Very disappointing experience, will not return.",1,London Chelsea,2024-01-18 02:24:00.048415
"Great place for a quick bite, friendly staff.",4,London Soho,2024-01-18 02:24:00.048415
Delicious meals and very clean environment.,5,Leeds City Centre,2024-01-18 02:24:00.048415
Delicious meals and very clean environment.,5,Leeds Headingley,2024-01-18 02:24:00.048415
"Loved the burgers here, will definitely come back.",4,Edinburgh Old Town,2024-01-18 02:24:00.048415
"Loved the burgers here, will definitely come back.",4,Liverpool City Centre,2024-01-18 02:24:00.048415
"Very disappointing experience, will not return.",1,Birmingham Edgbaston,2024-01-18 02:24:00.048415
"Poor quality food, waste of money.",1,Leeds City Centre,2024-01-18 02:24:00.048415
"Average experience, not bad but not great.",3,London Chelsea,2024-01-18 02:24:00.048415
Delicious meals and very clean environment.,5,London Canary Wharf,2024-01-18 02:24:00.048415
Terrible service and cold food.,2,Glasgow City Centre,2024-01-18 02:24:00.048415
Fantastic food and great service!,5,Bristol City Centre,2024-01-18 02:24:00.048415
"Decent place, but I've had better.",3,Manchester Salford,2024-01-18 02:24:00.048415
"Average experience, not bad but not great.",3,London Soho,2024-01-18 02:24:00.048415
Delicious meals and very clean environment.,5,Manchester Salford,2024-01-19 02:24:00.048415
"Food was okay, nothing special.",3,Leeds City Centre,2024-01-19 02:24:00.048415
Delicious meals and very clean environment.,4,Liverpool Anfield,2024-01-19 02:24:00.048415
"Amazing experience, highly recommend.",4,Sheffield Ecclesall Road,2024-01-19 02:24:00.048415
"Amazing experience, highly recommend.",5,Manchester Didsbury,2024-01-19 02:24:00.048415
"Amazing experience, highly recommend.",4,London Hackney,2024-01-19 02:24:00.048415
"Mediocre food, acceptable for a quick meal.",3,London Chelsea,2024-01-19 02:24:00.048415
"It was alright, the service could be better.",3,Birmingham City Centre,2024-01-19 02:24:00.048415
"Loved the burgers here, will definitely come back.",4,Bristol City Centre,2024-01-19 02:24:00.048415
Delicious meals and very clean environment.,5,London Chelsea,2024-01-19 02:24:00.048415
"Poor quality food, waste of money.",1,Birmingham Solihull,2024-01-19 02:24:00.048415
"Poor quality food, waste of money.",2,London Chelsea,2024-01-19 02:24:00.048415
"Awful place, would not recommend.",2,London Camden,2024-01-19 02:24:00.048415
"Amazing experience, highly recommend.",5,Sheffield Ecclesall Road,2024-01-19 02:24:00.048415
Rude staff and long waiting times.,1,Birmingham City Centre,2024-01-19 02:24:00.048415
"Amazing experience, highly recommend.",4,Manchester Didsbury,2024-01-20 02:24:00.048415
"Very disappointing experience, will not return.",2,Manchester Salford,2024-01-20 02:24:00.048415
"It was alright, the service could be better.",3,London Hackney,2024-01-20 02:24:00.048415
"Average experience, not bad but not great.",3,Glasgow City Centre,2024-01-20 02:24:00.048415
Rude staff and long waiting times.,1,London Hackney,2024-01-20 02:24:00.048415
Delicious meals and very clean environment.,4,Leeds City Centre,2024-01-20 02:24:00.048415
"Great place for a quick bite, friendly staff.",5,Cardiff City Centre,2024-01-20 02:24:00.048415
"Loved the burgers here, will definitely come back.",4,Birmingham Solihull,2024-01-20 02:24:00.048415
"Average experience, not bad but not great.",3,Bristol Clifton,2024-01-20 02:24:00.048415
"Awful place, would not recommend.",1,Birmingham Edgbaston,2024-01-20 02:24:00.048415
Fantastic food and great service!,5,Liverpool City Centre,2024-01-20 02:24:00.048415
"Decent place, but I've had better.",3,London Chelsea,2024-01-20 02:24:00.048415
"Great place for a quick bite, friendly staff.",5,Bristol Clifton,2024-01-20 02:24:00.048415
"Amazing experience, highly recommend.",4,Edinburgh Old Town,2024-01-20 02:24:00.048415
"Amazing experience, highly recommend.",4,London Hackney,2024-01-20 02:24:00.048415
Delicious meals and very clean environment.,4,London Canary Wharf,2024-01-20 02:24:00.048415
Delicious meals and very clean environment.,5,London Soho,2024-01-20 02:24:00.048415
"Decent place, but I've had better.",3,Glasgow City Centre,2024-01-20 02:24:00.048415
"Awful place, would not recommend.",2,London Canary Wharf,2024-01-20 02:24:00.048415
"Very disappointing experience, will not return.",1,Glasgow West End,2024-01-20 02:24:00.048415
"Amazing experience, highly recommend.",5,London Soho,2024-01-20 02:24:00.048415
"Amazing experience, highly recommend.",5,Cardiff Bay,2024-01-20 02:24:00.048415
Delicious meals and very clean environment.,5,Cardiff City Centre,2024-01-21 02:24:00.048415
"Amazing experience, highly recommend.",4,Manchester Didsbury,2024-01-21 02:24:00.048415
"Poor quality food, waste of money.",2,Cardiff City Centre,2024-01-21 02:24:00.048415
"Very disappointing experience, will not return.",1,Cardiff Bay,2024-01-21 02:24:00.048415
Delicious meals and very clean environment.,5,Liverpool Anfield,2024-01-21 02:24:00.048415
"Mediocre food, acceptable for a quick meal.",3,Birmingham Edgbaston,2024-01-21 02:24:00.048415
"Amazing experience, highly recommend.",4,Birmingham Edgbaston,2024-01-21 02:24:00.048415
Terrible service and cold food.,1,Liverpool Anfield,2024-01-21 02:24:00.048415
Delicious meals and very clean environment.,4,London Hackney,2024-01-21 02:24:00.048415
"Awful place, would not recommend.",2,Sheffield City Centre,2024-01-21 02:24:00.048415
"Amazing experience, highly recommend.",5,Manchester Didsbury,2024-01-21 02:24:00.048415
"Very disappointing experience, will not return.",1,London Camden,2024-01-21 02:24:00.048415
"Loved the burgers here, will definitely come back.",4,London Hackney,2024-01-21 02:24:00.048415
"Amazing experience, highly recommend.",5,London Canary Wharf,2024-01-21 02:24:00.048415
Delicious meals and very clean environment.,4,London Soho,2024-01-21 02:24:00.048415
"Amazing experience, highly recommend.",5,Liverpool City Centre,2024-01-22 02:24:00.048415
Fantastic food and great service!,4,Birmingham Edgbaston,2024-01-22 02:24:00.048415
"Mediocre food, acceptable for a quick meal.",3,London Soho,2024-01-22 02:24:00.048415
"Poor quality food, waste of money.",1,Leeds City Centre,2024-01-22 02:24:00.048415
"Great place for a quick bite, friendly staff.",5,Glasgow City Centre,2024-01-22 02:24:00.048415
"Very disappointing experience, will not return.",1,Leeds Headingley,2024-01-22 02:24:00.048415
"Loved the burgers here, will definitely come back.",4,Birmingham Edgbaston,2024-01-22 02:24:00.048415
"Amazing experience, highly recommend.",5,Liverpool City Centre,2024-01-22 02:24:00.048415
Fantastic food and great service!,5,Birmingham City Centre,2024-01-22 02:24:00.048415
"Food was okay, nothing special.",3,London Chelsea,2024-01-23 02:24:00.048415
"Great place for a quick bite, friendly staff.",5,Manchester Salford,2024-01-23 02:24:00.048415
"Great place for a quick bite, friendly staff.",4,London Soho,2024-01-23 02:24:00.048415
Fantastic food and great service!,4,Birmingham Edgbaston,2024-01-23 02:24:00.048415
"Average experience, not bad but not great.",3,London Hackney,2024-01-23 02:24:00.048415
"Loved the burgers here, will definitely come back.",5,Cardiff City Centre,2024-01-23 02:24:00.048415
"Amazing experience, highly recommend.",5,London Soho,2024-01-23 02:24:00.048415
"Great place for a quick bite, friendly staff.",5,Leeds Headingley,2024-01-23 02:24:00.048415
"Loved the burgers here, will definitely come back.",4,London Hackney,2024-01-23 02:24:00.048415
Terrible service and cold food.,2,London Soho,2024-01-23 02:24:00.048415
"Very disappointing experience, will not return.",2,Liverpool City Centre,2024-01-23 02:24:00.048415
Delicious meals and very clean environment.,4,Glasgow West End,2024-01-23 02:24:00.048415
"Great place for a quick bite, friendly staff.",4,Edinburgh Old Town,2024-01-23 02:24:00.048415
"Amazing experience, highly recommend.",4,London Hackney,2024-01-24 02:24:00.048415
Delicious meals and very clean environment.,5,London Soho,2024-01-24 02:24:00.048415
"Great place for a quick bite, friendly staff.",5,London Camden,2024-01-24 02:24:00.048415
Rude staff and long waiting times.,1,Birmingham Solihull,2024-01-24 02:24:00.048415
"Amazing experience, highly recommend.",5,Birmingham City Centre,2024-01-24 02:24:00.048415
Rude staff and long waiting times.,2,Manchester Didsbury,2024-01-24 02:24:00.048415
"Amazing experience, highly recommend.",4,London Soho,2024-01-24 02:24:00.048415
Fantastic food and great service!,4,London Canary Wharf,2024-01-24 02:24:00.048415
"Awful place, would not recommend.",2,London Canary Wharf,2024-01-24 02:24:00.048415
Rude staff and long waiting times.,1,Birmingham City Centre,2024-01-24 02:24:00.048415
"Poor quality food, waste of money.",2,Bristol Clifton,2024-01-24 02:24:00.048415
"Great place for a quick bite, friendly staff.",4,Birmingham Edgbaston,2024-01-25 02:24:00.048415
Delicious meals and very clean environment.,4,London Soho,2024-01-25 02:24:00.048415
"Great place for a quick bite, friendly staff.",4,Sheffield Ecclesall Road,2024-01-25 02:24:00.048415
"Amazing experience, highly recommend.",5,Leeds City Centre,2024-01-25 02:24:00.048415
"Amazing experience, highly recommend.",4,London Camden,2024-01-25 02:24:00.048415
"Awful place, would not recommend.",1,Cardiff City Centre,2024-01-25 02:24:00.048415
Terrible service and cold food.,1,London Canary Wharf,2024-01-25 02:24:00.048415
"Great place for a quick bite, friendly staff.",5,Birmingham Solihull,2024-01-25 02:24:00.048415
"Poor quality food, waste of money.",2,London Canary Wharf,2024-01-25 02:24:00.048415
"Amazing experience, highly recommend.",4,Manchester Didsbury,2024-01-25 02:24:00.048415
"Very disappointing experience, will not return.",1,Liverpool City Centre,2024-01-25 02:24:00.048415
"Loved the burgers here, will definitely come back.",5,Liverpool Anfield,2024-01-25 02:24:00.048415
"Great place for a quick bite, friendly staff.",5,Manchester Salford,2024-01-25 02:24:00.048415
"Decent place, but I've had better.",3,London Canary Wharf,2024-01-25 02:24:00.048415
Fantastic food and great service!,5,London Soho,2024-01-25 02:24:00.048415
"Great place for a quick bite, friendly staff.",5,Leeds City Centre,2024-01-25 02:24:00.048415
Fantastic food and great service!,4,Manchester Didsbury,2024-01-25 02:24:00.048415
"Awful place, would not recommend.",2,Cardiff City Centre,2024-01-26 02:24:00.048415
"Great place for a quick bite, friendly staff.",5,Birmingham Solihull,2024-01-26 02:24:00.048415
Delicious meals and very clean environment.,4,Glasgow City Centre,2024-01-26 02:24:00.048415
Rude staff and long waiting times.,1,Birmingham City Centre,2024-01-26 02:24:00.048415
"Amazing experience, highly recommend.",4,Glasgow West End,2024-01-26 02:24:00.048415
"Poor quality food, waste of money.",2,Cardiff City Centre,2024-01-26 02:24:00.048415
"Great place for a quick bite, friendly staff.",4,Leeds Headingley,2024-01-26 02:24:00.048415
"Great place for a quick bite, friendly staff.",5,Birmingham City Centre,2024-01-26 02:24:00.048415
"Amazing experience, highly recommend.",5,Manchester Didsbury,2024-01-26 02:24:00.048415
"Great place for a quick bite, friendly staff.",5,Sheffield City Centre,2024-01-26 02:24:00.048415
"Amazing experience, highly recommend.",5,Bristol Clifton,2024-01-26 02:24:00.048415
Fantastic food and great service!,4,Liverpool Anfield,2024-01-26 02:24:00.048415
Rude staff and long waiting times.,2,Leeds Headingley,2024-01-26 02:24:00.048415
"Awful place, would not recommend.",2,Manchester Salford,2024-01-26 02:24:00.048415
"Loved the burgers here, will definitely come back.",4,London Canary Wharf,2024-01-26 02:24:00.048415
Fantastic food and great service!,5,Manchester Central,2024-01-27 02:24:00.048415
"Great place for a quick bite, friendly staff.",4,Leeds City Centre,2024-01-27 02:24:00.048415
Delicious meals and very clean environment.,4,Leeds Headingley,2024-01-27 02:24:00.048415
"Amazing experience, highly recommend.",4,Leeds City Centre,2024-01-27 02:24:00.048415
"Mediocre food, acceptable for a quick meal.",3,Birmingham City Centre,2024-01-27 02:24:00.048415
Delicious meals and very clean environment.,5,Birmingham Solihull,2024-01-27 02:24:00.048415
Fantastic food and great service!,5,Liverpool City Centre,2024-01-27 02:24:00.048415
Fantastic food and great service!,4,Manchester Salford,2024-01-27 02:24:00.048415
"Average experience, not bad but not great.",3,Cardiff Bay,2024-01-27 02:24:00.048415
"Great place for a quick bite, friendly staff.",5,Glasgow West End,2024-01-27 02:24:00.048415
Delicious meals and very clean environment.,5,Glasgow West End,2024-01-27 02:24:00.048415
"Awful place, would not recommend.",1,Birmingham Solihull,2024-01-27 02:24:00.048415
Terrible service and cold food.,1,Manchester Didsbury,2024-01-27 02:24:00.048415
Terrible service and cold food.,1,London Canary Wharf,2024-01-27 02:24:00.048415
Terrible service and cold food.,2,Edinburgh Old Town,2024-01-27 02:24:00.048415
Delicious meals and very clean environment.,5,London Canary Wharf,2024-01-27 02:24:00.048415
"Amazing experience, highly recommend.",5,Leeds City Centre,2024-01-27 02:24:00.048415
"Food was okay, nothing special.",3,London Soho,2024-01-27 02:24:00.048415
"Mediocre food, acceptable for a quick meal.",3,Birmingham Solihull,2024-01-28 02:24:00.048415
Delicious meals and very clean environment.,4,London Hackney,2024-01-28 02:24:00.048415
"Loved the burgers here, will definitely come back.",5,London Hackney,2024-01-28 02:24:00.048415
Delicious meals and very clean environment.,5,Manchester Didsbury,2024-01-28 02:24:00.048415
Delicious meals and very clean environment.,5,Manchester Didsbury,2024-01-28 02:24:00.048415
"Awful place, would not recommend.",1,Birmingham City Centre,2024-01-28 02:24:00.048415
"Decent place, but I've had better.",3,London Camden,2024-01-28 02:24:00.048415
Terrible service and cold food.,2,Cardiff Bay,2024-01-28 02:24:00.048415
Fantastic food and great service!,5,London Hackney,2024-01-28 02:24:00.048415
Delicious meals and very clean environment.,5,Liverpool City Centre,2024-01-28 02:24:00.048415
Terrible service and cold food.,1,Bristol City Centre,2024-01-28 02:24:00.048415
Terrible service and cold food.,1,Glasgow West End,2024-01-28 02:24:00.048415
"Loved the burgers here, will definitely come back.",4,Birmingham Edgbaston,2024-01-28 02:24:00.048415
"Awful place, would not recommend.",1,London Soho,2024-01-28 02:24:00.048415
"Amazing experience, highly recommend.",4,Manchester Central,2024-01-28 02:24:00.048415
Delicious meals and very clean environment.,5,Bristol Clifton,2024-01-28 02:24:00.048415
"Loved the burgers here, will definitely come back.",5,London Hackney,2024-01-28 02:24:00.048415
Delicious meals and very clean environment.,5,Edinburgh Old Town,2024-01-28 02:24:00.048415
"Very disappointing experience, will not return.",2,Leeds City Centre,2024-01-29 02:24:00.048415
"Amazing experience, highly recommend.",5,Birmingham City Centre,2024-01-29 02:24:00.048415
Delicious meals and very clean environment.,5,Manchester Central,2024-01-29 02:24:00.048415
"Great place for a quick bite, friendly staff.",4,Edinburgh New Town,2024-01-29 02:24:00.048415
"Loved the burgers here, will definitely come back.",5,Liverpool Anfield,2024-01-29 02:24:00.048415
Fantastic food and great service!,4,London Canary Wharf,2024-01-29 02:24:00.048415
"Loved the burgers here, will definitely come back.",4,London Chelsea,2024-01-29 02:24:00.048415
"Amazing experience, highly recommend.",5,Leeds Headingley,2024-01-29 02:24:00.048415
Delicious meals and very clean environment.,5,Glasgow City Centre,2024-01-29 02:24:00.048415
Delicious meals and very clean environment.,5,Birmingham City Centre,2024-01-29 02:24:00.048415
"Loved the burgers here, will definitely come back.",5,Sheffield Ecclesall Road,2024-01-29 02:24:00.048415
"Great place for a quick bite, friendly staff.",4,London Canary Wharf,2024-01-29 02:24:00.048415
"Average experience, not bad but not great.",3,Liverpool Anfield,2024-01-29 02:24:00.048415
"Loved the burgers here, will definitely come back.",5,Liverpool Anfield,2024-01-29 02:24:00.048415
"Great place for a quick bite, friendly staff.",5,Birmingham Solihull,2024-01-29 02:24:00.048415
"Amazing experience, highly recommend.",5,Manchester Didsbury,2024-01-29 02:24:00.048415
"Great place for a quick bite, friendly staff.",5,Edinburgh Old Town,2024-01-30 02:24:00.048415
"Great place for a quick bite, friendly staff.",4,London Soho,2024-01-30 02:24:00.048415
"Great place for a quick bite, friendly staff.",5,Cardiff City Centre,2024-01-30 02:24:00.048415
"Loved the burgers here, will definitely come back.",4,Birmingham Solihull,2024-01-30 02:24:00.048415
Delicious meals and very clean environment.,5,Cardiff City Centre,2024-01-30 02:24:00.048415
"Very disappointing experience, will not return.",1,Liverpool Anfield,2024-01-30 02:24:00.048415
Rude staff and long waiting times.,2,London Canary Wharf,2024-01-30 02:24:00.048415
"Mediocre food, acceptable for a quick meal.",3,London Camden,2024-01-30 02:24:00.048415
"Amazing experience, highly recommend.",5,Liverpool Anfield,2024-01-30 02:24:00.048415
"Mediocre food, acceptable for a quick meal.",3,Birmingham Edgbaston,2024-01-30 02:24:00.048415
"Great place for a quick bite, friendly staff.",5,Leeds City Centre,2024-01-30 02:24:00.048415
Terrible service and cold food.,1,Leeds Headingley,2024-01-31 02:24:00.048415
Rude staff and long waiting times.,2,Manchester Salford,2024-01-31 02:24:00.048415
Terrible service and cold food.,2,Cardiff Bay,2024-01-31 02:24:00.048415
"Great place for a quick bite, friendly staff.",4,Birmingham City Centre,2024-01-31 02:24:00.048415
Fantastic food and great service!,4,Glasgow City Centre,2024-01-31 02:24:00.048415
"Loved the burgers here, will definitely come back.",5,Birmingham Edgbaston,2024-01-31 02:24:00.048415
"Average experience, not bad but not great.",3,London Camden,2024-01-31 02:24:00.048415
Fantastic food and great service!,4,London Chelsea,2024-01-31 02:24:00.048415
"Amazing experience, highly recommend.",5,London Camden,2024-01-31 02:24:00.048415
"Great place for a quick bite, friendly staff.",4,Birmingham City Centre,2024-02-01 02:24:00.048415
"Amazing experience, highly recommend.",5,Sheffield City Centre,2024-02-01 02:24:00.048415
Terrible service and cold food.,2,London Canary Wharf,2024-02-01 02:24:00.048415
Fantastic food and great service!,4,Bristol City Centre,2024-02-01 02:24:00.048415
Terrible service and cold food.,1,Cardiff City Centre,2024-02-01 02:24:00.048415
"Loved the burgers here, will definitely come back.",5,London Chelsea,2024-02-01 02:24:00.048415
Fantastic food and great service!,4,London Soho,2024-02-01 02:24:00.048415
Rude staff and long waiting times.,2,London Canary Wharf,2024-02-01 02:24:00.048415
"Great place for a quick bite, friendly staff.",4,Manchester Central,2024-02-01 02:24:00.048415
Terrible service and cold food.,2,London Soho,2024-02-01 02:24:00.048415
Delicious meals and very clean environment.,4,Edinburgh New Town,2024-02-01 02:24:00.048415
Delicious meals and very clean environment.,4,Birmingham Edgbaston,2024-02-02 02:24:00.048415
Fantastic food and great service!,5,Leeds City Centre,2024-02-02 02:24:00.048415
Rude staff and long waiting times.,2,London Soho,2024-02-02 02:24:00.048415
Delicious meals and very clean environment.,4,Manchester Didsbury,2024-02-02 02:24:00.048415
Terrible service and cold food.,2,London Chelsea,2024-02-02 02:24:00.048415
"Great place for a quick bite, friendly staff.",5,Glasgow West End,2024-02-02 02:24:00.048415
"Loved the burgers here, will definitely come back.",5,London Camden,2024-02-02 02:24:00.048415
"Loved the burgers here, will definitely come back.",4,Glasgow West End,2024-02-02 02:24:00.048415
"Great place for a quick bite, friendly staff.",5,London Hackney,2024-02-02 02:24:00.048415
"Decent place, but I've had better.",3,Edinburgh Old Town,2024-02-02 02:24:00.048415
Fantastic food and great service!,5,Liverpool City Centre,2024-02-02 02:24:00.048415
"Poor quality food, waste of money.",1,London Camden,2024-02-02 02:24:00.048415
"Great place for a quick bite, friendly staff.",5,Edinburgh Old Town,2024-02-02 02:24:00.048415
"Poor quality food, waste of money.",1,London Hackney,2024-02-02 02:24:00.048415
Fantastic food and great service!,5,London Soho,2024-02-02 02:24:00.048415
"Amazing experience, highly recommend.",4,London Hackney,2024-02-02 02:24:00.048415
Fantastic food and great service!,4,London Soho,2024-02-02 02:24:00.048415
"Great place for a quick bite, friendly staff.",4,Birmingham Solihull,2024-02-02 02:24:00.048415
Fantastic food and great service!,5,Manchester Didsbury,2024-02-03 02:24:00.048415
"Awful place, would not recommend.",2,Bristol Clifton,2024-02-03 02:24:00.048415
"Great place for a quick bite, friendly staff.",5,London Chelsea,2024-02-03 02:24:00.048415
"Amazing experience, highly recommend.",5,Manchester Didsbury,2024-02-03 02:24:00.048415
Terrible service and cold food.,2,Sheffield City Centre,2024-02-03 02:24:00.048415
"Awful place, would not recommend.",1,Leeds Headingley,2024-02-03 02:24:00.048415
"Poor quality food, waste of money.",1,Leeds Headingley,2024-02-03 02:24:00.048415
"Loved the burgers here, will definitely come back.",4,Manchester Central,2024-02-03 02:24:00.048415
"Great place for a quick bite, friendly staff.",4,Glasgow City Centre,2024-02-03 02:24:00.048415
Delicious meals and very clean environment.,4,London Soho,2024-02-03 02:24:00.048415
"Decent place, but I've had better.",3,London Camden,2024-02-03 02:24:00.048415
Fantastic food and great service!,4,Edinburgh New Town,2024-02-03 02:24:00.048415
"It was alright, the service could be better.",3,London Chelsea,2024-02-03 02:24:00.048415
"Amazing experience, highly recommend.",5,London Hackney,2024-02-03 02:24:00.048415
"Great place for a quick bite, friendly staff.",4,London Chelsea,2024-02-03 02:24:00.048415
"Amazing experience, highly recommend.",5,London Soho,2024-02-03 02:24:00.048415
"Great place for a quick bite, friendly staff.",5,Manchester Didsbury,2024-02-03 02:24:00.048415
"Average experience, not bad but not great.",3,Manchester Didsbury,2024-02-03 02:24:00.048415
"Amazing experience, highly recommend.",4,Birmingham Edgbaston,2024-02-03 02:24:00.048415
"Very disappointing experience, will not return.",2,Leeds City Centre,2024-02-03 02:24:00.048415
"Decent place, but I've had better.",3,Birmingham Solihull,2024-02-04 02:24:00.048415
"Loved the burgers here, will definitely come back.",4,Bristol Clifton,2024-02-04 02:24:00.048415
"Loved the burgers here, will definitely come back.",5,Birmingham Edgbaston,2024-02-04 02:24:00.048415
"It was alright, the service could be better.",3,Birmingham Edgbaston,2024-02-04 02:24:00.048415
"Great place for a quick bite, friendly staff.",4,London Camden,2024-02-04 02:24:00.048415
Delicious meals and very clean environment.,5,Cardiff Bay,2024-02-04 02:24:00.048415
"Great place for a quick bite, friendly staff.",4,London Hackney,2024-02-04 02:24:00.048415
"Amazing experience, highly recommend.",4,London Hackney,2024-02-04 02:24:00.048415
"Loved the burgers here, will definitely come back.",4,London Soho,2024-02-04 02:24:00.048415
"Great place for a quick bite, friendly staff.",4,Bristol City Centre,2024-02-04 02:24:00.048415
"Average experience, not bad but not great.",3,London Canary Wharf,2024-02-04 02:24:00.048415
"Great place for a quick bite, friendly staff.",4,Manchester Salford,2024-02-04 02:24:00.048415
Delicious meals and very clean environment.,4,London Camden,2024-02-05 02:24:00.048415
"Loved the burgers here, will definitely come back.",4,London Canary Wharf,2024-02-05 02:24:00.048415
"Great place for a quick bite, friendly staff.",5,Bristol City Centre,2024-02-05 02:24:00.048415
Delicious meals and very clean environment.,4,London Canary Wharf,2024-02-05 02:24:00.048415
"Loved the burgers here, will definitely come back.",5,London Canary Wharf,2024-02-05 02:24:00.048415
"Poor quality food, waste of money.",1,Birmingham Solihull,2024-02-05 02:24:00.048415
"Amazing experience, highly recommend.",5,Birmingham Edgbaston,2024-02-05 02:24:00.048415
"Amazing experience, highly recommend.",5,Manchester Salford,2024-02-05 02:24:00.048415
Delicious meals and very clean environment.,5,London Chelsea,2024-02-05 02:24:00.048415
"Great place for a quick bite, friendly staff.",5,Glasgow West End,2024-02-05 02:24:00.048415
"It was alright, the service could be better.",3,London Camden,2024-02-05 02:24:00.048415
"Poor quality food, waste of money.",1,Birmingham Solihull,2024-02-05 02:24:00.048415
"Average experience, not bad but not great.",3,London Soho,2024-02-05 02:24:00.048415
"Loved the burgers here, will definitely come back.",4,Glasgow West End,2024-02-05 02:24:00.048415
"Loved the burgers here, will definitely come back.",5,Leeds Headingley,2024-02-05 02:24:00.048415
"Loved the burgers here, will definitely come back.",4,London Chelsea,2024-02-06 02:24:00.048415
"Loved the burgers here, will definitely come back.",4,Leeds City Centre,2024-02-06 02:24:00.048415
"Loved the burgers here, will definitely come back.",5,Sheffield City Centre,2024-02-06 02:24:00.048415
"Amazing experience, highly recommend.",5,Liverpool City Centre,2024-02-06 02:24:00.048415
Fantastic food and great service!,5,Bristol Clifton,2024-02-06 02:24:00.048415
"Mediocre food, acceptable for a quick meal.",3,London Chelsea,2024-02-06 02:24:00.048415
"Awful place, would not recommend.",2,Manchester Central,2024-02-06 02:24:00.048415
Delicious meals and very clean environment.,4,London Canary Wharf,2024-02-06 02:24:00.048415
"Food was okay, nothing special.",3,London Chelsea,2024-02-06 02:24:00.048415
"Very disappointing experience, will not return.",2,London Chelsea,2024-02-06 02:24:00.048415
Delicious meals and very clean environment.,5,London Chelsea,2024-02-06 02:24:00.048415
"Awful place, would not recommend.",1,London Hackney,2024-02-06 02:24:00.048415
"Very disappointing experience, will not return.",1,Birmingham City Centre,2024-02-06 02:24:00.048415
"Awful place, would not recommend.",2,London Hackney,2024-02-06 02:24:00.048415
"Awful place, would not recommend.",1,Birmingham Edgbaston,2024-02-07 02:24:00.048415
"Amazing experience, highly recommend.",4,Manchester Central,2024-02-07 02:24:00.048415
Delicious meals and very clean environment.,5,Cardiff City Centre,2024-02-07 02:24:00.048415
Fantastic food and great service!,5,Liverpool Anfield,2024-02-07 02:24:00.048415
Fantastic food and great service!,5,Birmingham Edgbaston,2024-02-07 02:24:00.048415
"Mediocre food, acceptable for a quick meal.",3,London Canary Wharf,2024-02-07 02:24:00.048415
"Loved the burgers here, will definitely come back.",5,Manchester Central,2024-02-07 02:24:00.048415
Fantastic food and great service!,4,Cardiff City Centre,2024-02-07 02:24:00.048415
Fantastic food and great service!,4,London Canary Wharf,2024-02-07 02:24:00.048415
"Great place for a quick bite, friendly staff.",4,Birmingham City Centre,2024-02-07 02:24:00.048415
"Great place for a quick bite, friendly staff.",5,Birmingham Solihull,2024-02-07 02:24:00.048415
Terrible service and cold food.,1,London Camden,2024-02-07 02:24:00.048415
"Loved the burgers here, will definitely come back.",4,Edinburgh New Town,2024-02-07 02:24:00.048415
"Great place for a quick bite, friendly staff.",5,Sheffield City Centre,2024-02-07 02:24:00.048415
"Very disappointing experience, will not return.",2,Liverpool Anfield,2024-02-07 02:24:00.048415
Fantastic food and great service!,5,Leeds City Centre,2024-02-08 02:24:00.048415
"Loved the burgers here, will definitely come back.",5,London Chelsea,2024-02-08 02:24:00.048415
"Awful place, would not recommend.",2,London Canary Wharf,2024-02-08 02:24:00.048415
"Loved the burgers here, will definitely come back.",5,Sheffield Ecclesall Road,2024-02-08 02:24:00.048415
"Loved the burgers here, will definitely come back.",4,Liverpool City Centre,2024-02-08 02:24:00.048415
"Loved the burgers here, will definitely come back.",5,Cardiff Bay,2024-02-08 02:24:00.048415
"Amazing experience, highly recommend.",5,London Hackney,2024-02-08 02:24:00.048415
Rude staff and long waiting times.,2,Edinburgh New Town,2024-02-09 02:24:00.048415
"Awful place, would not recommend.",2,Sheffield Ecclesall Road,2024-02-09 02:24:00.048415
Delicious meals and very clean environment.,5,Liverpool Anfield,2024-02-09 02:24:00.048415
Fantastic food and great service!,5,Edinburgh New Town,2024-02-09 02:24:00.048415
"Loved the burgers here, will definitely come back.",5,Manchester Salford,2024-02-09 02:24:00.048415
"Great place for a quick bite, friendly staff.",5,London Canary Wharf,2024-02-09 02:24:00.048415
Delicious meals and very clean environment.,5,Birmingham Solihull,2024-02-09 02:24:00.048415
"Very disappointing experience, will not return.",1,Birmingham City Centre,2024-02-09 02:24:00.048415
"Loved the burgers here, will definitely come back.",5,London Soho,2024-02-09 02:24:00.048415
"Great place for a quick bite, friendly staff.",5,London Hackney,2024-02-09 02:24:00.048415
Delicious meals and very clean environment.,5,Leeds City Centre,2024-02-09 02:24:00.048415
"Loved the burgers here, will definitely come back.",4,London Hackney,2024-02-09 02:24:00.048415
"Awful place, would not recommend.",2,Manchester Didsbury,2024-02-09 02:24:00.048415
Terrible service and cold food.,2,Cardiff Bay,2024-02-09 02:24:00.048415
Delicious meals and very clean environment.,5,Manchester Central,2024-02-09 02:24:00.048415
"Great place for a quick bite, friendly staff.",5,London Hackney,2024-02-09 02:24:00.048415
"Great place for a quick bite, friendly staff.",5,Glasgow City Centre,2024-02-09 02:24:00.048415
"Average experience, not bad but not great.",3,Leeds City Centre,2024-02-09 02:24:00.048415
"Great place for a quick bite, friendly staff.",5,London Camden,2024-02-09 02:24:00.048415
"Average experience, not bad but not great.",3,London Soho,2024-02-10 02:24:00.048415
Fantastic food and great service!,5,London Canary Wharf,2024-02-10 02:24:00.048415
Delicious meals and very clean environment.,5,Leeds City Centre,2024-02-10 02:24:00.048415
"Great place for a quick bite, friendly staff.",5,Birmingham City Centre,2024-02-10 02:24:00.048415
Rude staff and long waiting times.,1,Glasgow West End,2024-02-10 02:24:00.048415
"Poor quality food, waste of money.",2,Cardiff City Centre,2024-02-10 02:24:00.048415
"Very disappointing experience, will not return.",1,Manchester Didsbury,2024-02-10 02:24:00.048415
"Mediocre food, acceptable for a quick meal.",3,London Hackney,2024-02-10 02:24:00.048415
Terrible service and cold food.,1,Edinburgh New Town,2024-02-10 02:24:00.048415
Delicious meals and very clean environment.,4,Manchester Didsbury,2024-02-10 02:24:00.048415
"Amazing experience, highly recommend.",4,Liverpool Anfield,2024-02-10 02:24:00.048415
"Great place for a quick bite, friendly staff.",4,London Hackney,2024-02-11 02:24:00.048415
"It was alright, the service could be better.",3,Leeds Headingley,2024-02-11 02:24:00.048415
"Poor quality food, waste of money.",2,London Chelsea,2024-02-11 02:24:00.048415
"Amazing experience, highly recommend.",5,London Soho,2024-02-11 02:24:00.048415
"Awful place, would not recommend.",2,Leeds Headingley,2024-02-11 02:24:00.048415
Terrible service and cold food.,1,London Chelsea,2024-02-11 02:24:00.048415
"Great place for a quick bite, friendly staff.",4,Manchester Central,2024-02-11 02:24:00.048415
Delicious meals and very clean environment.,5,London Camden,2024-02-11 02:24:00.048415
"Decent place, but I've had better.",3,London Soho,2024-02-11 02:24:00.048415
"Loved the burgers here, will definitely come back.",5,Cardiff Bay,2024-02-11 02:24:00.048415
Terrible service and cold food.,2,Manchester Central,2024-02-11 02:24:00.048415
"Great place for a quick bite, friendly staff.",5,Manchester Salford,2024-02-11 02:24:00.048415
"Great place for a quick bite, friendly staff.",5,Birmingham Edgbaston,2024-02-11 02:24:00.048415
"Loved the burgers here, will definitely come back.",5,Liverpool Anfield,2024-02-12 02:24:00.048415
Delicious meals and very clean environment.,5,Birmingham Edgbaston,2024-02-12 02:24:00.048415
"Great place for a quick bite, friendly staff.",5,London Soho,2024-02-12 02:24:00.048415
"Great place for a quick bite, friendly staff.",4,London Hackney,2024-02-12 02:24:00.048415
Delicious meals and very clean environment.,4,Cardiff Bay,2024-02-12 02:24:00.048415
"Great place for a quick bite, friendly staff.",4,London Soho,2024-02-12 02:24:00.048415
"Poor quality food, waste of money.",1,Birmingham City Centre,2024-02-12 02:24:00.048415
"Very disappointing experience, will not return.",1,Liverpool City Centre,2024-02-12 02:24:00.048415
"Average experience, not bad but not great.",3,London Hackney,2024-02-12 02:24:00.048415
"Loved the burgers here, will definitely come back.",5,Bristol City Centre,2024-02-12 02:24:00.048415
"Food was okay, nothing special.",3,London Canary Wharf,2024-02-12 02:24:00.048415
"Amazing experience, highly recommend.",4,Manchester Didsbury,2024-02-13 02:24:00.048415
Delicious meals and very clean environment.,5,Edinburgh Old Town,2024-02-13 02:24:00.048415
Fantastic food and great service!,5,Birmingham Edgbaston,2024-02-13 02:24:00.048415
Terrible service and cold food.,1,Liverpool Anfield,2024-02-13 02:24:00.048415
"Amazing experience, highly recommend.",5,Sheffield City Centre,2024-02-13 02:24:00.048415
"Loved the burgers here, will definitely come back.",5,Manchester Central,2024-02-13 02:24:00.048415
"Amazing experience, highly recommend.",4,London Camden,2024-02-13 02:24:00.048415
"Great place for a quick bite, friendly staff.",4,Manchester Central,2024-02-13 02:24:00.048415
Delicious meals and very clean environment.,4,Birmingham Solihull,2024-02-14 02:24:00.048415
"Amazing experience, highly recommend.",4,London Chelsea,2024-02-14 02:24:00.048415
Delicious meals and very clean environment.,5,Birmingham Solihull,2024-02-14 02:24:00.048415
"Very disappointing experience, will not return.",2,London Camden,2024-02-14 02:24:00.048415
Terrible service and cold food.,2,London Soho,2024-02-14 02:24:00.048415
"Mediocre food, acceptable for a quick meal.",3,London Hackney,2024-02-14 02:24:00.048415
"Amazing experience, highly recommend.",5,Birmingham Solihull,2024-02-14 02:24:00.048415
"Great place for a quick bite, friendly staff.",4,London Camden,2024-02-14 02:24:00.048415
"Awful place, would not recommend.",2,London Canary Wharf,2024-02-14 02:24:00.048415
"Great place for a quick bite, friendly staff.",5,London Hackney,2024-02-14 02:24:00.048415
Fantastic food and great service!,5,London Canary Wharf,2024-02-14 02:24:00.048415
"Amazing experience, highly recommend.",5,London Chelsea,2024-02-14 02:24:00.048415
"Loved the burgers here, will definitely come back.",5,Manchester Central,2024-02-14 02:24:00.048415
Fantastic food and great service!,4,Liverpool Anfield,2024-02-14 02:24:00.048415
"Amazing experience, highly recommend.",4,London Hackney,2024-02-14 02:24:00.048415
"Very disappointing experience, will not return.",1,Manchester Central,2024-02-14 02:24:00.048415
Delicious meals and very clean environment.,5,Birmingham Edgbaston,2024-02-14 02:24:00.048415
"Amazing experience, highly recommend.",5,Manchester Didsbury,2024-02-14 02:24:00.048415
"Great place for a quick bite, friendly staff.",5,Bristol Clifton,2024-02-15 02:24:00.048415
"Great place for a quick bite, friendly staff.",5,Manchester Salford,2024-02-15 02:24:00.048415
"Great place for a quick bite, friendly staff.",5,Manchester Salford,2024-02-15 02:24:00.048415
Terrible service and cold food.,2,Birmingham Edgbaston,2024-02-15 02:24:00.048415
"Awful place, would not recommend.",1,London Camden,2024-02-15 02:24:00.048415
"Amazing experience, highly recommend.",4,Glasgow City Centre,2024-02-15 02:24:00.048415
Fantastic food and great service!,5,London Hackney,2024-02-15 02:24:00.048415
"Amazing experience, highly recommend.",5,Manchester Central,2024-02-15 02:24:00.048415
"Loved the burgers here, will definitely come back.",4,London Hackney,2024-02-15 02:24:00.048415
"Awful place, would not recommend.",2,Birmingham Edgbaston,2024-02-15 02:24:00.048415
"Poor quality food, waste of money.",1,Edinburgh Old Town,2024-02-15 02:24:00.048415
Fantastic food and great service!,5,London Camden,2024-02-15 02:24:00.048415
Delicious meals and very clean environment.,4,Birmingham Solihull,2024-02-15 02:24:00.048415
"Amazing experience, highly recommend.",5,Cardiff Bay,2024-02-15 02:24:00.048415
"Awful place, would not recommend.",1,Manchester Didsbury,2024-02-15 02:24:00.048415
"Great place for a quick bite, friendly staff.",4,London Hackney,2024-02-15 02:24:00.048415
"Very disappointing experience, will not return.",1,London Chelsea,2024-02-15 02:24:00.048415
"Amazing experience, highly recommend.",5,Cardiff City Centre,2024-02-15 02:24:00.048415
Delicious meals and very clean environment.,5,Manchester Salford,2024-02-16 02:24:00.048415
"Loved the burgers here, will definitely come back.",5,London Hackney,2024-02-16 02:24:00.048415
Fantastic food and great service!,5,London Hackney,2024-02-16 02:24:00.048415
Fantastic food and great service!,4,London Canary Wharf,2024-02-16 02:24:00.048415
"Loved the burgers here, will definitely come back.",4,London Hackney,2024-02-16 02:24:00.048415
"Great place for a quick bite, friendly staff.",4,Cardiff City Centre,2024-02-16 02:24:00.048415
"Great place for a quick bite, friendly staff.",5,Edinburgh Old Town,2024-02-16 02:24:00.048415
"Loved the burgers here, will definitely come back.",5,Manchester Central,2024-02-16 02:24:00.048415
Terrible service and cold food.,2,London Soho,2024-02-16 02:24:00.048415
"Great place for a quick bite, friendly staff.",4,Bristol City Centre,2024-02-16 02:24:00.048415
"Great place for a quick bite, friendly staff.",5,Birmingham City Centre,2024-02-16 02:24:00.048415
"Great place for a quick bite, friendly staff.",5,Manchester Salford,2024-02-16 02:24:00.048415
"Loved the burgers here, will definitely come back.",5,Manchester Didsbury,2024-02-16 02:24:00.048415
"Great place for a quick bite, friendly staff.",4,Manchester Salford,2024-02-17 02:24:00.048415
"Amazing experience, highly recommend.",5,London Hackney,2024-02-17 02:24:00.048415
"Poor quality food, waste of money.",1,London Chelsea,2024-02-17 02:24:00.048415
Fantastic food and great service!,5,Manchester Central,2024-02-17 02:24:00.048415
"Loved the burgers here, will definitely come back.",4,Leeds City Centre,2024-02-17 02:24:00.048415
Terrible service and cold food.,1,London Soho,2024-02-17 02:24:00.048415
"Great place for a quick bite, friendly staff.",5,Edinburgh Old Town,2024-02-17 02:24:00.048415
"Great place for a quick bite, friendly staff.",5,Leeds Headingley,2024-02-17 02:24:00.048415
"Poor quality food, waste of money.",1,London Camden,2024-02-17 02:24:00.048415
"Loved the burgers here, will definitely come back.",4,London Hackney,2024-02-17 02:24:00.048415
"Decent place, but I've had better.",3,London Hackney,2024-02-17 02:24:00.048415
"Amazing experience, highly recommend.",5,Liverpool City Centre,2024-02-18 02:24:00.048415
Delicious meals and very clean environment.,4,Manchester Didsbury,2024-02-18 02:24:00.048415
Delicious meals and very clean environment.,5,London Chelsea,2024-02-18 02:24:00.048415
"Decent place, but I've had better.",3,London Canary Wharf,2024-02-18 02:24:00.048415
"Loved the burgers here, will definitely come back.",4,Manchester Didsbury,2024-02-18 02:24:00.048415
Fantastic food and great service!,4,London Hackney,2024-02-18 02:24:00.048415
"Awful place, would not recommend.",1,London Canary Wharf,2024-02-18 02:24:00.048415
"Great place for a quick bite, friendly staff.",5,Manchester Didsbury,2024-02-18 02:24:00.048415
"Awful place, would not recommend.",1,London Canary Wharf,2024-02-18 02:24:00.048415
"Mediocre food, acceptable for a quick meal.",3,London Soho,2024-02-18 02:24:00.048415
"Awful place, would not recommend.",2,London Chelsea,2024-02-18 02:24:00.048415
"Great place for a quick bite, friendly staff.",4,London Hackney,2024-02-18 02:24:00.048415
"Average experience, not bad but not great.",3,Edinburgh Old Town,2024-02-18 02:24:00.048415
"Awful place, would not recommend.",1,Manchester Central,2024-02-18 02:24:00.048415
Rude staff and long waiting times.,2,Leeds Headingley,2024-02-18 02:24:00.048415
"Great place for a quick bite, friendly staff.",5,Liverpool City Centre,2024-02-18 02:24:00.048415
"It was alright, the service could be better.",3,Cardiff City Centre,2024-02-18 02:24:00.048415
"Very disappointing experience, will not return.",2,Manchester Central,2024-02-18 02:24:00.048415
Delicious meals and very clean environment.,5,Liverpool City Centre,2024-02-18 02:24:00.048415
Fantastic food and great service!,4,Manchester Central,2024-02-18 02:24:00.048415
Fantastic food and great service!,5,London Soho,2024-02-18 02:24:00.048415
Delicious meals and very clean environment.,4,Liverpool Anfield,2024-02-18 02:24:00.048415
"Very disappointing experience, will not return.",1,London Soho,2024-02-18 02:24:00.048415
"Awful place, would not recommend.",2,London Soho,2024-02-18 02:24:00.048415
"Amazing experience, highly recommend.",5,Birmingham Solihull,2024-02-19 02:24:00.048415
Delicious meals and very clean environment.,4,Edinburgh Old Town,2024-02-19 02:24:00.048415
"Great place for a quick bite, friendly staff.",5,London Hackney,2024-02-19 02:24:00.048415
"Great place for a quick bite, friendly staff.",4,London Camden,2024-02-19 02:24:00.048415
"Great place for a quick bite, friendly staff.",5,Leeds City Centre,2024-02-19 02:24:00.048415
"Poor quality food, waste of money.",1,London Soho,2024-02-19 02:24:00.048415
"Awful place, would not recommend.",1,London Soho,2024-02-19 02:24:00.048415
Delicious meals and very clean environment.,4,London Camden,2024-02-19 02:24:00.048415
Delicious meals and very clean environment.,5,Manchester Salford,2024-02-19 02:24:00.048415
"Very disappointing experience, will not return.",1,Birmingham City Centre,2024-02-19 02:24:00.048415
"Amazing experience, highly recommend.",5,Glasgow West End,2024-02-19 02:24:00.048415
"Mediocre food, acceptable for a quick meal.",3,Cardiff Bay,2024-02-19 02:24:00.048415
Delicious meals and very clean environment.,4,Bristol Clifton,2024-02-19 02:24:00.048415
"Amazing experience, highly recommend.",4,Manchester Central,2024-02-19 02:24:00.048415
"Amazing experience, highly recommend.",4,London Camden,2024-02-19 02:24:00.048415
"Great place for a quick bite, friendly staff.",5,Manchester Didsbury,2024-02-19 02:24:00.048415
"Great place for a quick bite, friendly staff.",4,London Canary Wharf,2024-02-20 02:24:00.048415
Terrible service and cold food.,1,Sheffield City Centre,2024-02-20 02:24:00.048415
"Great place for a quick bite, friendly staff.",5,London Canary Wharf,2024-02-20 02:24:00.048415
"Great place for a quick bite, friendly staff.",4,Manchester Central,2024-02-20 02:24:00.048415
"Loved the burgers here, will definitely come back.",5,Birmingham Solihull,2024-02-20 02:24:00.048415
"Great place for a quick bite, friendly staff.",4,Liverpool City Centre,2024-02-20 02:24:00.048415
"Great place for a quick bite, friendly staff.",4,London Canary Wharf,2024-02-20 02:24:00.048415
"Decent place, but I've had better.",3,London Hackney,2024-02-20 02:24:00.048415
"Great place for a quick bite, friendly staff.",4,London Chelsea,2024-02-20 02:24:00.048415
"Amazing experience, highly recommend.",5,Birmingham City Centre,2024-02-20 02:24:00.048415
Terrible service and cold food.,2,Edinburgh Old Town,2024-02-20 02:24:00.048415
"Loved the burgers here, will definitely come back.",5,Glasgow West End,2024-02-20 02:24:00.048415
Rude staff and long waiting times.,2,Manchester Didsbury,2024-02-20 02:24:00.048415
"Great place for a quick bite, friendly staff.",4,Manchester Didsbury,2024-02-20 02:24:00.048415
"Decent place, but I've had better.",3,London Hackney,2024-02-20 02:24:00.048415
"Amazing experience, highly recommend.",5,Edinburgh Old Town,2024-02-20 02:24:00.048415
"Awful place, would not recommend.",1,Bristol Clifton,2024-02-21 02:24:00.048415
"Amazing experience, highly recommend.",5,London Soho,2024-02-21 02:24:00.048415
"Decent place, but I've had better.",3,Sheffield City Centre,2024-02-21 02:24:00.048415
"Amazing experience, highly recommend.",4,Manchester Salford,2024-02-21 02:24:00.048415
"Great place for a quick bite, friendly staff.",4,Sheffield City Centre,2024-02-21 02:24:00.048415
"Great place for a quick bite, friendly staff.",4,Birmingham City Centre,2024-02-21 02:24:00.048415
Delicious meals and very clean environment.,5,Cardiff Bay,2024-02-21 02:24:00.048415
"Amazing experience, highly recommend.",4,London Camden,2024-02-21 02:24:00.048415
"Decent place, but I've had better.",3,London Hackney,2024-02-21 02:24:00.048415
Delicious meals and very clean environment.,5,Manchester Central,2024-02-21 02:24:00.048415
Delicious meals and very clean environment.,5,London Camden,2024-02-21 02:24:00.048415
Fantastic food and great service!,4,Manchester Central,2024-02-21 02:24:00.048415
"Food was okay, nothing special.",3,Bristol City Centre,2024-02-21 02:24:00.048415
"Loved the burgers here, will definitely come back.",5,London Canary Wharf,2024-02-21 02:24:00.048415
"Loved the burgers here, will definitely come back.",4,London Hackney,2024-02-21 02:24:00.048415
"Loved the burgers here, will definitely come back.",4,London Soho,2024-02-21 02:24:00.048415
"It was alright, the service could be better.",3,Leeds Headingley,2024-02-21 02:24:00.048415
Delicious meals and very clean environment.,4,Glasgow West End,2024-02-21 02:24:00.048415
Delicious meals and very clean environment.,4,London Soho,2024-02-21 02:24:00.048415
"Amazing experience, highly recommend.",5,Manchester Salford,2024-02-21 02:24:00.048415
"Awful place, would not recommend.",2,London Soho,2024-02-21 02:24:00.048415
"Great place for a quick bite, friendly staff.",5,Edinburgh New Town,2024-02-22 02:24:00.048415
"Great place for a quick bite, friendly staff.",5,Glasgow West End,2024-02-22 02:24:00.048415
"Loved the burgers here, will definitely come back.",4,London Canary Wharf,2024-02-22 02:24:00.048415
"Great place for a quick bite, friendly staff.",5,London Hackney,2024-02-22 02:24:00.048415
"Awful place, would not recommend.",1,Sheffield Ecclesall Road,2024-02-22 02:24:00.048415
"Loved the burgers here, will definitely come back.",4,London Hackney,2024-02-22 02:24:00.048415
Rude staff and long waiting times.,1,Manchester Salford,2024-02-22 02:24:00.048415
Delicious meals and very clean environment.,5,Manchester Salford,2024-02-22 02:24:00.048415
"Loved the burgers here, will definitely come back.",5,Cardiff Bay,2024-02-22 02:24:00.048415
Delicious meals and very clean environment.,5,Cardiff Bay,2024-02-22 02:24:00.048415
"Food was okay, nothing special.",3,Bristol City Centre,2024-02-22 02:24:00.048415
"Awful place, would not recommend.",2,Leeds City Centre,2024-02-22 02:24:00.048415
"Amazing experience, highly recommend.",4,Edinburgh Old Town,2024-02-22 02:24:00.048415
"Amazing experience, highly recommend.",4,Sheffield City Centre,2024-02-23 02:24:00.048415
Rude staff and long waiting times.,2,Liverpool City Centre,2024-02-23 02:24:00.048415
"Mediocre food, acceptable for a quick meal.",3,Sheffield City Centre,2024-02-23 02:24:00.048415
"Loved the burgers here, will definitely come back.",5,London Canary Wharf,2024-02-23 02:24:00.048415
"It was alright, the service could be better.",3,Cardiff Bay,2024-02-23 02:24:00.048415
"Amazing experience, highly recommend.",4,London Camden,2024-02-23 02:24:00.048415
Terrible service and cold food.,1,Sheffield City Centre,2024-02-23 02:24:00.048415
Fantastic food and great service!,5,Manchester Salford,2024-02-23 02:24:00.048415
"Loved the burgers here, will definitely come back.",5,London Camden,2024-02-23 02:24:00.048415
"Awful place, would not recommend.",1,London Hackney,2024-02-23 02:24:00.048415
Delicious meals and very clean environment.,5,Manchester Didsbury,2024-02-23 02:24:00.048415
"Great place for a quick bite, friendly staff.",4,Glasgow West End,2024-02-23 02:24:00.048415
"Loved the burgers here, will definitely come back.",4,Sheffield City Centre,2024-02-23 02:24:00.048415
Fantastic food and great service!,5,Birmingham Edgbaston,2024-02-23 02:24:00.048415
"Loved the burgers here, will definitely come back.",4,Manchester Central,2024-02-23 02:24:00.048415
"Loved the burgers here, will definitely come back.",5,Manchester Central,2024-02-23 02:24:00.048415
Delicious meals and very clean environment.,5,Sheffield City Centre,2024-02-24 02:24:00.048415
"Loved the burgers here, will definitely come back.",4,Cardiff Bay,2024-02-24 02:24:00.048415
"Average experience, not bad but not great.",3,London Chelsea,2024-02-24 02:24:00.048415
"Very disappointing experience, will not return.",1,London Camden,2024-02-24 02:24:00.048415
Rude staff and long waiting times.,2,London Chelsea,2024-02-24 02:24:00.048415
"Decent place, but I've had better.",3,London Soho,2024-02-24 02:24:00.048415
"Amazing experience, highly recommend.",5,London Soho,2024-02-24 02:24:00.048415
"Average experience, not bad but not great.",3,Liverpool Anfield,2024-02-24 02:24:00.048415
"Great place for a quick bite, friendly staff.",5,Manchester Salford,2024-02-24 02:24:00.048415
"It was alright, the service could be better.",3,Sheffield Ecclesall Road,2024-02-24 02:24:00.048415
"Awful place, would not recommend.",1,London Hackney,2024-02-24 02:24:00.048415
Fantastic food and great service!,4,Edinburgh Old Town,2024-02-24 02:24:00.048415
Fantastic food and great service!,5,London Chelsea,2024-02-24 02:24:00.048415
"Amazing experience, highly recommend.",4,London Soho,2024-02-24 02:24:00.048415
"It was alright, the service could be better.",3,London Hackney,2024-02-24 02:24:00.048415
Delicious meals and very clean environment.,4,London Soho,2024-02-24 02:24:00.048415
"Amazing experience, highly recommend.",4,Manchester Central,2024-02-24 02:24:00.048415
"Poor quality food, waste of money.",2,Leeds Headingley,2024-02-24 02:24:00.048415
Delicious meals and very clean environment.,4,Leeds City Centre,2024-02-24 02:24:00.048415
"Great place for a quick bite, friendly staff.",5,London Soho,2024-02-24 02:24:00.048415
Fantastic food and great service!,4,London Canary Wharf,2024-02-25 02:24:00.048415
"Great place for a quick bite, friendly staff.",5,London Camden,2024-02-25 02:24:00.048415
"Amazing experience, highly recommend.",4,London Hackney,2024-02-25 02:24:00.048415
"Amazing experience, highly recommend.",5,London Camden,2024-02-25 02:24:00.048415
Fantastic food and great service!,5,Liverpool City Centre,2024-02-25 02:24:00.048415
"Loved the burgers here, will definitely come back.",4,Manchester Didsbury,2024-02-25 02:24:00.048415
Fantastic food and great service!,4,Sheffield Ecclesall Road,2024-02-25 02:24:00.048415
Fantastic food and great service!,5,Birmingham Solihull,2024-02-25 02:24:00.048415
"Mediocre food, acceptable for a quick meal.",3,Cardiff City Centre,2024-02-25 02:24:00.048415
"Great place for a quick bite, friendly staff.",4,Birmingham City Centre,2024-02-25 02:24:00.048415
Fantastic food and great service!,5,London Hackney,2024-02-25 02:24:00.048415
"Awful place, would not recommend.",1,London Chelsea,2024-02-25 02:24:00.048415
Terrible service and cold food.,1,Manchester Didsbury,2024-02-25 02:24:00.048415
"Amazing experience, highly recommend.",4,Cardiff City Centre,2024-02-25 02:24:00.048415
"Very disappointing experience, will not return.",1,Cardiff City Centre,2024-02-26 02:24:00.048415
Delicious meals and very clean environment.,4,Birmingham Edgbaston,2024-02-26 02:24:00.048415
"Great place for a quick bite, friendly staff.",5,Glasgow City Centre,2024-02-26 02:24:00.048415
Fantastic food and great service!,4,Glasgow West End,2024-02-26 02:24:00.048415
"Amazing experience, highly recommend.",5,London Canary Wharf,2024-02-26 02:24:00.048415
"Loved the burgers here, will definitely come back.",4,Liverpool Anfield,2024-02-26 02:24:00.048415
Delicious meals and very clean environment.,4,Sheffield Ecclesall Road,2024-02-26 02:24:00.048415
"Loved the burgers here, will definitely come back.",5,Sheffield Ecclesall Road,2024-02-26 02:24:00.048415
"Great place for a quick bite, friendly staff.",4,Bristol City Centre,2024-02-26 02:24:00.048415
Delicious meals and very clean environment.,5,London Hackney,2024-02-26 02:24:00.048415
Fantastic food and great service!,4,Manchester Salford,2024-02-26 02:24:00.048415
"Mediocre food, acceptable for a quick meal.",3,Liverpool City Centre,2024-02-26 02:24:00.048415
Fantastic food and great service!,5,London Canary Wharf,2024-02-26 02:24:00.048415
"Amazing experience, highly recommend.",5,London Canary Wharf,2024-02-27 02:24:00.048415
"Poor quality food, waste of money.",1,Edinburgh New Town,2024-02-27 02:24:00.048415
Terrible service and cold food.,1,Manchester Salford,2024-02-27 02:24:00.048415
"Loved the burgers here, will definitely come back.",4,Leeds City Centre,2024-02-27 02:24:00.048415
"Loved the burgers here, will definitely come back.",5,Leeds Headingley,2024-02-27 02:24:00.048415
"Great place for a quick bite, friendly staff.",5,Sheffield Ecclesall Road,2024-02-27 02:24:00.048415
Delicious meals and very clean environment.,5,London Camden,2024-02-27 02:24:00.048415
Delicious meals and very clean environment.,5,London Soho,2024-02-27 02:24:00.048415
Delicious meals and very clean environment.,5,London Hackney,2024-02-27 02:24:00.048415
"Loved the burgers here, will definitely come back.",5,Birmingham City Centre,2024-02-27 02:24:00.048415
"Very disappointing experience, will not return.",2,Manchester Central,2024-02-27 02:24:00.048415
"Amazing experience, highly recommend.",4,London Soho,2024-02-27 02:24:00.048415
"Very disappointing experience, will not return.",1,Manchester Central,2024-02-27 02:24:00.048415
Delicious meals and very clean environment.,5,London Chelsea,2024-02-28 02:24:00.048415
Delicious meals and very clean environment.,5,London Canary Wharf,2024-02-28 02:24:00.048415
"Amazing experience, highly recommend.",5,Leeds Headingley,2024-02-28 02:24:00.048415
"Loved the burgers here, will definitely come back.",5,London Camden,2024-02-28 02:24:00.048415
"Average experience, not bad but not great.",3,Manchester Central,2024-02-28 02:24:00.048415
Rude staff and long waiting times.,1,Manchester Central,2024-02-28 02:24:00.048415
"Amazing experience, highly recommend.",5,Manchester Central,2024-02-28 02:24:00.048415
"Poor quality food, waste of money.",2,Bristol Clifton,2024-02-28 02:24:00.048415
"Loved the burgers here, will definitely come back.",5,London Camden,2024-02-28 02:24:00.048415
Delicious meals and very clean environment.,4,Cardiff City Centre,2024-02-28 02:24:00.048415
Delicious meals and very clean environment.,5,London Canary Wharf,2024-02-28 02:24:00.048415
"Poor quality food, waste of money.",2,London Camden,2024-02-28 02:24:00.048415
"Amazing experience, highly recommend.",5,London Canary Wharf,2024-02-28 02:24:00.048415
"Loved the burgers here, will definitely come back.",4,London Canary Wharf,2024-02-29 02:24:00.048415
"Amazing experience, highly recommend.",5,Leeds Headingley,2024-02-29 02:24:00.048415
"Loved the burgers here, will definitely come back.",4,Manchester Didsbury,2024-02-29 02:24:00.048415
"Amazing experience, highly recommend.",5,London Camden,2024-02-29 02:24:00.048415
"Very disappointing experience, will not return.",1,London Soho,2024-02-29 02:24:00.048415
Delicious meals and very clean environment.,5,Birmingham Edgbaston,2024-02-29 02:24:00.048415
"Great place for a quick bite, friendly staff.",4,London Soho,2024-02-29 02:24:00.048415
"Very disappointing experience, will not return.",2,Bristol Clifton,2024-02-29 02:24:00.048415
Fantastic food and great service!,4,London Camden,2024-02-29 02:24:00.048415
"Loved the burgers here, will definitely come back.",4,Bristol City Centre,2024-02-29 02:24:00.048415
Delicious meals and very clean environment.,5,London Canary Wharf,2024-02-29 02:24:00.048415
Rude staff and long waiting times.,1,Leeds City Centre,2024-02-29 02:24:00.048415
"Amazing experience, highly recommend.",5,Manchester Central,2024-02-29 02:24:00.048415
"Very disappointing experience, will not return.",1,Liverpool Anfield,2024-02-29 02:24:00.048415
Delicious meals and very clean environment.,5,Leeds City Centre,2024-02-29 02:24:00.048415
"Amazing experience, highly recommend.",5,London Camden,2024-02-29 02:24:00.048415
"Great place for a quick bite, friendly staff.",5,Liverpool Anfield,2024-02-29 02:24:00.048415
"Mediocre food, acceptable for a quick meal.",3,Manchester Central,2024-03-01 02:24:00.048415
"Very disappointing experience, will not return.",2,Liverpool Anfield,2024-03-01 02:24:00.048415
"Amazing experience, highly recommend.",4,London Chelsea,2024-03-01 02:24:00.048415
"Poor quality food, waste of money.",2,Birmingham City Centre,2024-03-01 02:24:00.048415
"Very disappointing experience, will not return.",2,London Soho,2024-03-01 02:24:00.048415
"Poor quality food, waste of money.",1,Leeds City Centre,2024-03-01 02:24:00.048415
Fantastic food and great service!,4,London Chelsea,2024-03-01 02:24:00.048415
"Loved the burgers here, will definitely come back.",5,Edinburgh New Town,2024-03-01 02:24:00.048415
"Very disappointing experience, will not return.",2,London Chelsea,2024-03-01 02:24:00.048415
Terrible service and cold food.,2,Bristol City Centre,2024-03-01 02:24:00.048415
Rude staff and long waiting times.,1,London Hackney,2024-03-01 02:24:00.048415
"Loved the burgers here, will definitely come back.",4,London Canary Wharf,2024-03-01 02:24:00.048415
"Loved the burgers here, will definitely come back.",4,Liverpool Anfield,2024-03-01 02:24:00.048415
"Very disappointing experience, will not return.",1,London Hackney,2024-03-01 02:24:00.048415
Delicious meals and very clean environment.,4,Glasgow West End,2024-03-01 02:24:00.048415
"Average experience, not bad but not great.",3,Manchester Didsbury,2024-03-02 02:24:00.048415
Fantastic food and great service!,4,Manchester Salford,2024-03-02 02:24:00.048415
"Amazing experience, highly recommend.",4,Edinburgh New Town,2024-03-02 02:24:00.048415
"Great place for a quick bite, friendly staff.",5,Manchester Didsbury,2024-03-02 02:24:00.048415
Delicious meals and very clean environment.,4,London Chelsea,2024-03-02 02:24:00.048415
Delicious meals and very clean environment.,4,London Soho,2024-03-02 02:24:00.048415
Fantastic food and great service!,5,Cardiff City Centre,2024-03-02 02:24:00.048415
Terrible service and cold food.,2,Manchester Central,2024-03-02 02:24:00.048415
"Loved the burgers here, will definitely come back.",5,London Camden,2024-03-02 02:24:00.048415
"Food was okay, nothing special.",3,Cardiff City Centre,2024-03-02 02:24:00.048415
Delicious meals and very clean environment.,5,London Camden,2024-03-02 02:24:00.048415
Fantastic food and great service!,5,Birmingham Edgbaston,2024-03-02 02:24:00.048415
"Great place for a quick bite, friendly staff.",4,Sheffield City Centre,2024-03-02 02:24:00.048415
"Loved the burgers here, will definitely come back.",5,London Soho,2024-03-03 02:24:00.048415
"Mediocre food, acceptable for a quick meal.",3,Sheffield City Centre,2024-03-03 02:24:00.048415
"Poor quality food, waste of money.",2,Birmingham Solihull,2024-03-03 02:24:00.048415
"Loved the burgers here, will definitely come back.",5,London Hackney,2024-03-03 02:24:00.048415
"Loved the burgers here, will definitely come back.",5,Birmingham Solihull,2024-03-03 02:24:00.048415
Fantastic food and great service!,5,Manchester Salford,2024-03-03 02:24:00.048415
Fantastic food and great service!,4,London Chelsea,2024-03-03 02:24:00.048415
Fantastic food and great service!,5,London Chelsea,2024-03-03 02:24:00.048415
"Poor quality food, waste of money.",1,Birmingham City Centre,2024-03-03 02:24:00.048415
"Food was okay, nothing special.",3,Bristol Clifton,2024-03-03 02:24:00.048415
"Loved the burgers here, will definitely come back.",4,London Camden,2024-03-03 02:24:00.048415
Fantastic food and great service!,4,Leeds Headingley,2024-03-03 02:24:00.048415
Delicious meals and very clean environment.,5,London Canary Wharf,2024-03-04 02:24:00.048415
"Loved the burgers here, will definitely come back.",4,Liverpool City Centre,2024-03-04 02:24:00.048415
"Loved the burgers here, will definitely come back.",5,London Chelsea,2024-03-04 02:24:00.048415
Delicious meals and very clean environment.,4,London Camden,2024-03-04 02:24:00.048415
Rude staff and long waiting times.,1,London Soho,2024-03-04 02:24:00.048415
"Great place for a quick bite, friendly staff.",5,London Hackney,2024-03-04 02:24:00.048415
"Very disappointing experience, will not return.",1,Birmingham Edgbaston,2024-03-04 02:24:00.048415
Delicious meals and very clean environment.,4,London Canary Wharf,2024-03-04 02:24:00.048415
Fantastic food and great service!,4,London Canary Wharf,2024-03-04 02:24:00.048415
"Loved the burgers here, will definitely come back.",5,Birmingham Edgbaston,2024-03-04 02:24:00.048415
"Very disappointing experience, will not return.",1,Cardiff Bay,2024-03-04 02:24:00.048415
"Amazing experience, highly recommend.",4,Bristol City Centre,2024-03-04 02:24:00.048415
Delicious meals and very clean environment.,5,London Hackney,2024-03-04 02:24:00.048415
"Loved the burgers here, will definitely come back.",5,Birmingham Edgbaston,2024-03-04 02:24:00.048415
"Great place for a quick bite, friendly staff.",4,Birmingham Solihull,2024-03-05 02:24:00.048415
Rude staff and long waiting times.,2,Manchester Central,2024-03-05 02:24:00.048415
Fantastic food and great service!,4,Manchester Central,2024-03-05 02:24:00.048415
Rude staff and long waiting times.,2,Birmingham City Centre,2024-03-05 02:24:00.048415
"Amazing experience, highly recommend.",5,Manchester Salford,2024-03-05 02:24:00.048415
Fantastic food and great service!,5,Bristol City Centre,2024-03-05 02:24:00.048415
Delicious meals and very clean environment.,5,London Hackney,2024-03-05 02:24:00.048415
"Loved the burgers here, will definitely come back.",5,Leeds Headingley,2024-03-05 02:24:00.048415
"Very disappointing experience, will not return.",2,London Chelsea,2024-03-05 02:24:00.048415
Rude staff and long waiting times.,2,London Soho,2024-03-05 02:24:00.048415
Delicious meals and very clean environment.,5,Liverpool Anfield,2024-03-05 02:24:00.048415
Delicious meals and very clean environment.,4,Manchester Central,2024-03-05 02:24:00.048415
"Poor quality food, waste of money.",1,Glasgow City Centre,2024-03-05 02:24:00.048415
Delicious meals and very clean environment.,5,Manchester Didsbury,2024-03-05 02:24:00.048415
"Great place for a quick bite, friendly staff.",4,Leeds Headingley,2024-03-05 02:24:00.048415
"Decent place, but I've had better.",3,London Chelsea,2024-03-06 02:24:00.048415
"Great place for a quick bite, friendly staff.",4,London Camden,2024-03-06 02:24:00.048415
Delicious meals and very clean environment.,4,London Chelsea,2024-03-06 02:24:00.048415
Fantastic food and great service!,5,Liverpool Anfield,2024-03-06 02:24:00.048415
Delicious meals and very clean environment.,5,Manchester Central,2024-03-06 02:24:00.048415
"Awful place, would not recommend.",2,Sheffield City Centre,2024-03-06 02:24:00.048415
Terrible service and cold food.,1,Liverpool Anfield,2024-03-06 02:24:00.048415
"Amazing experience, highly recommend.",5,Birmingham Edgbaston,2024-03-06 02:24:00.048415
Fantastic food and great service!,4,London Soho,2024-03-06 02:24:00.048415
"Loved the burgers here, will definitely come back.",4,Birmingham City Centre,2024-03-06 02:24:00.048415
"Great place for a quick bite, friendly staff.",4,Bristol City Centre,2024-03-06 02:24:00.048415
"Great place for a quick bite, friendly staff.",4,London Camden,2024-03-06 02:24:00.048415
"Great place for a quick bite, friendly staff.",4,London Soho,2024-03-06 02:24:00.048415
Delicious meals and very clean environment.,5,Birmingham Edgbaston,2024-03-06 02:24:00.048415
Terrible service and cold food.,1,London Canary Wharf,2024-03-06 02:24:00.048415
Delicious meals and very clean environment.,5,Manchester Salford,2024-03-06 02:24:00.048415
"Great place for a quick bite, friendly staff.",4,Glasgow West End,2024-03-06 02:24:00.048415
Fantastic food and great service!,5,Glasgow City Centre,2024-03-06 02:24:00.048415
Fantastic food and great service!,4,Manchester Central,2024-03-07 02:24:00.048415
"Decent place, but I've had better.",3,London Canary Wharf,2024-03-07 02:24:00.048415
"Awful place, would not recommend.",2,Cardiff City Centre,2024-03-07 02:24:00.048415
"Loved the burgers here, will definitely come back.",4,Glasgow City Centre,2024-03-07 02:24:00.048415
Fantastic food and great service!,5,Manchester Didsbury,2024-03-07 02:24:00.048415
"Great place for a quick bite, friendly staff.",5,Liverpool Anfield,2024-03-07 02:24:00.048415
Delicious meals and very clean environment.,5,Birmingham Edgbaston,2024-03-07 02:24:00.048415
Terrible service and cold food.,1,London Camden,2024-03-07 02:24:00.048415
"Awful place, would not recommend.",1,Sheffield Ecclesall Road,2024-03-07 02:24:00.048415
"Poor quality food, waste of money.",1,Manchester Didsbury,2024-03-07 02:24:00.048415
Rude staff and long waiting times.,2,London Camden,2024-03-07 02:24:00.048415
Terrible service and cold food.,1,Cardiff City Centre,2024-03-07 02:24:00.048415
"Food was okay, nothing special.",3,London Camden,2024-03-07 02:24:00.048415
"Loved the burgers here, will definitely come back.",5,London Soho,2024-03-08 02:24:00.048415
Fantastic food and great service!,5,Manchester Central,2024-03-08 02:24:00.048415
Delicious meals and very clean environment.,5,London Camden,2024-03-08 02:24:00.048415
Delicious meals and very clean environment.,4,London Hackney,2024-03-08 02:24:00.048415
Fantastic food and great service!,5,London Canary Wharf,2024-03-08 02:24:00.048415
Fantastic food and great service!,4,Liverpool Anfield,2024-03-08 02:24:00.048415
Delicious meals and very clean environment.,5,Bristol Clifton,2024-03-08 02:24:00.048415
"Food was okay, nothing special.",3,Cardiff Bay,2024-03-08 02:24:00.048415
"Great place for a quick bite, friendly staff.",5,Manchester Didsbury,2024-03-08 02:24:00.048415
Terrible service and cold food.,2,Manchester Didsbury,2024-03-08 02:24:00.048415
Delicious meals and very clean environment.,5,London Camden,2024-03-08 02:24:00.048415
"Loved the burgers here, will definitely come back.",4,London Hackney,2024-03-08 02:24:00.048415
"Great place for a quick bite, friendly staff.",4,Edinburgh Old Town,2024-03-08 02:24:00.048415
Delicious meals and very clean environment.,5,Manchester Central,2024-03-08 02:24:00.048415
"Amazing experience, highly recommend.",4,Edinburgh Old Town,2024-03-08 02:24:00.048415
"Great place for a quick bite, friendly staff.",4,Edinburgh New Town,2024-03-08 02:24:00.048415
Delicious meals and very clean environment.,4,Birmingham Solihull,2024-03-09 02:24:00.048415
"Amazing experience, highly recommend.",5,Birmingham City Centre,2024-03-09 02:24:00.048415
"Awful place, would not recommend.",1,Birmingham City Centre,2024-03-09 02:24:00.048415
Fantastic food and great service!,4,Liverpool Anfield,2024-03-09 02:24:00.048415
Rude staff and long waiting times.,1,London Chelsea,2024-03-09 02:24:00.048415
"Amazing experience, highly recommend.",4,London Soho,2024-03-09 02:24:00.048415
"Poor quality food, waste of money.",1,Edinburgh Old Town,2024-03-09 02:24:00.048415
Delicious meals and very clean environment.,4,Bristol City Centre,2024-03-09 02:24:00.048415
"Food was okay, nothing special.",3,Manchester Central,2024-03-09 02:24:00.048415
"Very disappointing experience, will not return.",2,London Canary Wharf,2024-03-09 02:24:00.048415
"Very disappointing experience, will not return.",2,Birmingham Edgbaston,2024-03-09 02:24:00.048415
"Great place for a quick bite, friendly staff.",5,Edinburgh Old Town,2024-03-09 02:24:00.048415
"Food was okay, nothing special.",3,Sheffield City Centre,2024-03-09 02:24:00.048415
Terrible service and cold food.,1,London Canary Wharf,2024-03-09 02:24:00.048415
Fantastic food and great service!,4,London Chelsea,2024-03-09 02:24:00.048415
Delicious meals and very clean environment.,5,Manchester Central,2024-03-09 02:24:00.048415
"Amazing experience, highly recommend.",4,London Soho,2024-03-09 02:24:00.048415
"Loved the burgers here, will definitely come back.",5,Birmingham Edgbaston,2024-03-10 02:24:00.048415
"Loved the burgers here, will definitely come back.",5,Manchester Didsbury,2024-03-10 02:24:00.048415
"It was alright, the service could be better.",3,London Chelsea,2024-03-10 02:24:00.048415
Rude staff and long waiting times.,1,London Hackney,2024-03-10 02:24:00.048415
Delicious meals and very clean environment.,4,Glasgow City Centre,2024-03-10 02:24:00.048415
Delicious meals and very clean environment.,5,London Soho,2024-03-10 02:24:00.048415
Fantastic food and great service!,5,London Soho,2024-03-10 02:24:00.048415
Terrible service and cold food.,1,Manchester Didsbury,2024-03-10 02:24:00.048415
"Amazing experience, highly recommend.",5,Sheffield City Centre,2024-03-10 02:24:00.048415
"Poor quality food, waste of money.",2,Manchester Didsbury,2024-03-10 02:24:00.048415
"Poor quality food, waste of money.",2,London Hackney,2024-03-10 02:24:00.048415
"Loved the burgers here, will definitely come back.",5,Birmingham City Centre,2024-03-10 02:24:00.048415
"Loved the burgers here, will definitely come back.",5,London Canary Wharf,2024-03-11 02:24:00.048415
"Awful place, would not recommend.",1,Edinburgh Old Town,2024-03-11 02:24:00.048415
"Decent place, but I've had better.",3,Manchester Didsbury,2024-03-11 02:24:00.048415
Rude staff and long waiting times.,2,Cardiff City Centre,2024-03-11 02:24:00.048415
"Loved the burgers here, will definitely come back.",4,London Chelsea,2024-03-11 02:24:00.048415
Delicious meals and very clean environment.,4,London Hackney,2024-03-11 02:24:00.048415
"Loved the burgers here, will definitely come back.",4,London Camden,2024-03-11 02:24:00.048415
Fantastic food and great service!,5,London Canary Wharf,2024-03-11 02:24:00.048415
Fantastic food and great service!,4,Manchester Salford,2024-03-11 02:24:00.048415
Rude staff and long waiting times.,2,Manchester Didsbury,2024-03-11 02:24:00.048415
Delicious meals and very clean environment.,5,Edinburgh Old Town,2024-03-11 02:24:00.048415
Fantastic food and great service!,4,Manchester Salford,2024-03-11 02:24:00.048415
"Mediocre food, acceptable for a quick meal.",3,London Hackney,2024-03-11 02:24:00.048415
"Amazing experience, highly recommend.",5,Leeds Headingley,2024-03-11 02:24:00.048415
"Amazing experience, highly recommend.",5,Sheffield City Centre,2024-03-11 02:24:00.048415
"Great place for a quick bite, friendly staff.",4,Sheffield City Centre,2024-03-11 02:24:00.048415
Fantastic food and great service!,4,Edinburgh Old Town,2024-03-12 02:24:00.048415
Fantastic food and great service!,5,London Soho,2024-03-12 02:24:00.048415
"Loved the burgers here, will definitely come back.",4,London Hackney,2024-03-12 02:24:00.048415
Delicious meals and very clean environment.,5,Birmingham Edgbaston,2024-03-12 02:24:00.048415
Terrible service and cold food.,1,Manchester Salford,2024-03-12 02:24:00.048415
"Amazing experience, highly recommend.",4,London Camden,2024-03-12 02:24:00.048415
Fantastic food and great service!,4,Manchester Central,2024-03-12 02:24:00.048415
"Mediocre food, acceptable for a quick meal.",3,Liverpool Anfield,2024-03-12 02:24:00.048415
"Loved the burgers here, will definitely come back.",4,London Canary Wharf,2024-03-13 02:24:00.048415
Fantastic food and great service!,5,Glasgow West End,2024-03-13 02:24:00.048415
"Decent place, but I've had better.",3,Leeds City Centre,2024-03-13 02:24:00.048415
"Great place for a quick bite, friendly staff.",5,Cardiff Bay,2024-03-13 02:24:00.048415
"Food was okay, nothing special.",3,Manchester Didsbury,2024-03-13 02:24:00.048415
"Awful place, would not recommend.",2,London Soho,2024-03-13 02:24:00.048415
"Poor quality food, waste of money.",1,Edinburgh Old Town,2024-03-13 02:24:00.048415
Delicious meals and very clean environment.,5,London Canary Wharf,2024-03-13 02:24:00.048415
"Great place for a quick bite, friendly staff.",4,Manchester Central,2024-03-13 02:24:00.048415
Delicious meals and very clean environment.,5,Manchester Central,2024-03-13 02:24:00.048415
"Very disappointing experience, will not return.",1,Birmingham Solihull,2024-03-13 02:24:00.048415
"Amazing experience, highly recommend.",4,Manchester Salford,2024-03-13 02:24:00.048415
Fantastic food and great service!,5,Liverpool City Centre,2024-03-14 02:24:00.048415
Delicious meals and very clean environment.,4,Cardiff City Centre,2024-03-14 02:24:00.048415
Delicious meals and very clean environment.,4,Cardiff Bay,2024-03-14 02:24:00.048415
"Loved the burgers here, will definitely come back.",5,London Soho,2024-03-14 02:24:00.048415
"Amazing experience, highly recommend.",5,London Chelsea,2024-03-14 02:24:00.048415
Fantastic food and great service!,4,Glasgow West End,2024-03-14 02:24:00.048415
"Very disappointing experience, will not return.",2,London Canary Wharf,2024-03-14 02:24:00.048415
"Poor quality food, waste of money.",1,Manchester Didsbury,2024-03-14 02:24:00.048415
"Great place for a quick bite, friendly staff.",4,Leeds City Centre,2024-03-14 02:24:00.048415
"Great place for a quick bite, friendly staff.",5,Cardiff City Centre,2024-03-14 02:24:00.048415
"Average experience, not bad but not great.",3,Manchester Central,2024-03-14 02:24:00.048415
Fantastic food and great service!,5,London Soho,2024-03-14 02:24:00.048415
Delicious meals and very clean environment.,5,Birmingham Edgbaston,2024-03-14 02:24:00.048415
"Loved the burgers here, will definitely come back.",4,Glasgow City Centre,2024-03-14 02:24:00.048415
"Amazing experience, highly recommend.",5,Birmingham City Centre,2024-03-14 02:24:00.048415
Fantastic food and great service!,5,Liverpool City Centre,2024-03-14 02:24:00.048415
"Poor quality food, waste of money.",1,London Hackney,2024-03-14 02:24:00.048415
"Loved the burgers here, will definitely come back.",4,London Hackney,2024-03-14 02:24:00.048415
"Food was okay, nothing special.",3,Sheffield Ecclesall Road,2024-03-14 02:24:00.048415
Fantastic food and great service!,5,Bristol City Centre,2024-03-14 02:24:00.048415
"Amazing experience, highly recommend.",4,London Soho,2024-03-14 02:24:00.048415
"Amazing experience, highly recommend.",5,London Hackney,2024-03-15 02:24:00.048415
Fantastic food and great service!,4,Manchester Didsbury,2024-03-15 02:24:00.048415
Fantastic food and great service!,4,London Chelsea,2024-03-15 02:24:00.048415
Fantastic food and great service!,5,London Soho,2024-03-15 02:24:00.048415
"Decent place, but I've had better.",3,Manchester Didsbury,2024-03-15 02:24:00.048415
Delicious meals and very clean environment.,5,Birmingham City Centre,2024-03-15 02:24:00.048415
Fantastic food and great service!,5,London Soho,2024-03-15 02:24:00.048415
"Amazing experience, highly recommend.",5,Leeds Headingley,2024-03-15 02:24:00.048415
"Mediocre food, acceptable for a quick meal.",3,Manchester Didsbury,2024-03-15 02:24:00.048415
"Average experience, not bad but not great.",3,Glasgow West End,2024-03-15 02:24:00.048415
"Loved the burgers here, will definitely come back.",5,London Soho,2024-03-15 02:24:00.048415
"Amazing experience, highly recommend.",4,Birmingham Solihull,2024-03-15 02:24:00.048415
Delicious meals and very clean environment.,5,Glasgow City Centre,2024-03-15 02:24:00.048415
"Amazing experience, highly recommend.",5,Manchester Central,2024-03-15 02:24:00.048415
Delicious meals and very clean environment.,4,London Soho,2024-03-15 02:24:00.048415
"Average experience, not bad but not great.",3,Birmingham Edgbaston,2024-03-15 02:24:00.048415
"Very disappointing experience, will not return.",2,Birmingham Solihull,2024-03-15 02:24:00.048415
Terrible service and cold food.,2,London Camden,2024-03-15 02:24:00.048415
Delicious meals and very clean environment.,5,Manchester Didsbury,2024-03-15 02:24:00.048415
"Amazing experience, highly recommend.",5,Leeds Headingley,2024-03-15 02:24:00.048415
Delicious meals and very clean environment.,4,Birmingham Edgbaston,2024-03-15 02:24:00.048415
"Loved the burgers here, will definitely come back.",4,Leeds Headingley,2024-03-15 02:24:00.048415
"Very disappointing experience, will not return.",1,Manchester Central,2024-03-15 02:24:00.048415
"Mediocre food, acceptable for a quick meal.",3,Manchester Didsbury,2024-03-15 02:24:00.048415
"Poor quality food, waste of money.",1,Edinburgh New Town,2024-03-15 02:24:00.048415
Rude staff and long waiting times.,1,London Canary Wharf,2024-03-15 02:24:00.048415
"Amazing experience, highly recommend.",5,London Soho,2024-03-15 02:24:00.048415
"Amazing experience, highly recommend.",4,Bristol City Centre,2024-03-15 02:24:00.048415
"Amazing experience, highly recommend.",4,Bristol City Centre,2024-03-15 02:24:00.048415
Delicious meals and very clean environment.,5,Manchester Salford,2024-03-16 02:24:00.048415
"Food was okay, nothing special.",3,Edinburgh New Town,2024-03-16 02:24:00.048415
Delicious meals and very clean environment.,5,London Hackney,2024-03-16 02:24:00.048415
Fantastic food and great service!,5,London Chelsea,2024-03-16 02:24:00.048415
"Loved the burgers here, will definitely come back.",4,Glasgow West End,2024-03-16 02:24:00.048415
"Very disappointing experience, will not return.",2,London Camden,2024-03-16 02:24:00.048415
"Amazing experience, highly recommend.",4,Cardiff City Centre,2024-03-16 02:24:00.048415
"Loved the burgers here, will definitely come back.",4,London Camden,2024-03-16 02:24:00.048415
"Great place for a quick bite, friendly staff.",5,London Chelsea,2024-03-16 02:24:00.048415
Fantastic food and great service!,5,Manchester Central,2024-03-16 02:24:00.048415
"Great place for a quick bite, friendly staff.",4,Manchester Didsbury,2024-03-16 02:24:00.048415
Delicious meals and very clean environment.,5,London Chelsea,2024-03-16 02:24:00.048415
"Loved the burgers here, will definitely come back.",5,Manchester Salford,2024-03-16 02:24:00.048415
"Loved the burgers here, will definitely come back.",5,Glasgow West End,2024-03-16 02:24:00.048415
Rude staff and long waiting times.,2,Birmingham Solihull,2024-03-16 02:24:00.048415
Rude staff and long waiting times.,2,Birmingham Solihull,2024-03-16 02:24:00.048415
Rude staff and long waiting times.,1,Manchester Central,2024-03-17 02:24:00.048415
"Very disappointing experience, will not return.",1,Liverpool Anfield,2024-03-17 02:24:00.048415
"Awful place, would not recommend.",2,London Hackney,2024-03-17 02:24:00.048415
"Poor quality food, waste of money.",2,Manchester Salford,2024-03-17 02:24:00.048415
"Poor quality food, waste of money.",2,London Chelsea,2024-03-17 02:24:00.048415
"Loved the burgers here, will definitely come back.",5,Cardiff City Centre,2024-03-17 02:24:00.048415
"Great place for a quick bite, friendly staff.",4,Manchester Central,2024-03-17 02:24:00.048415
"Loved the burgers here, will definitely come back.",5,Glasgow West End,2024-03-17 02:24:00.048415
"Loved the burgers here, will definitely come back.",4,Birmingham Edgbaston,2024-03-17 02:24:00.048415
"Great place for a quick bite, friendly staff.",4,Edinburgh New Town,2024-03-17 02:24:00.048415
Terrible service and cold food.,1,Leeds City Centre,2024-03-17 02:24:00.048415
Delicious meals and very clean environment.,4,Birmingham Solihull,2024-03-17 02:24:00.048415
"Great place for a quick bite, friendly staff.",5,Manchester Central,2024-03-17 02:24:00.048415
"Loved the burgers here, will definitely come back.",4,Manchester Didsbury,2024-03-18 02:24:00.048415
"It was alright, the service could be better.",3,Manchester Didsbury,2024-03-18 02:24:00.048415
"Average experience, not bad but not great.",3,London Soho,2024-03-18 02:24:00.048415
Fantastic food and great service!,4,Bristol Clifton,2024-03-18 02:24:00.048415
"Loved the burgers here, will definitely come back.",5,London Chelsea,2024-03-18 02:24:00.048415
Fantastic food and great service!,5,Manchester Didsbury,2024-03-18 02:24:00.048415
"Amazing experience, highly recommend.",4,Manchester Central,2024-03-18 02:24:00.048415
Delicious meals and very clean environment.,4,Manchester Salford,2024-03-18 02:24:00.048415
"Great place for a quick bite, friendly staff.",4,Liverpool Anfield,2024-03-18 02:24:00.048415
Rude staff and long waiting times.,2,Glasgow City Centre,2024-03-18 02:24:00.048415
"Awful place, would not recommend.",2,Sheffield Ecclesall Road,2024-03-18 02:24:00.048415
"Very disappointing experience, will not return.",2,Birmingham Solihull,2024-03-18 02:24:00.048415
Fantastic food and great service!,5,Edinburgh New Town,2024-03-18 02:24:00.048415
Fantastic food and great service!,5,London Camden,2024-03-18 02:24:00.048415
Delicious meals and very clean environment.,4,Birmingham Solihull,2024-03-18 02:24:00.048415
Delicious meals and very clean environment.,5,Birmingham Edgbaston,2024-03-18 02:24:00.048415
Fantastic food and great service!,5,Manchester Central,2024-03-18 02:24:00.048415
Fantastic food and great service!,4,Cardiff Bay,2024-03-18 02:24:00.048415
"Amazing experience, highly recommend.",5,Manchester Salford,2024-03-18 02:24:00.048415
"Amazing experience, highly recommend.",5,London Canary Wharf,2024-03-18 02:24:00.048415
"Poor quality food, waste of money.",2,London Canary Wharf,2024-03-18 02:24:00.048415
"Loved the burgers here, will definitely come back.",4,London Hackney,2024-03-18 02:24:00.048415
"Amazing experience, highly recommend.",5,London Hackney,2024-03-19 02:24:00.048415
"Amazing experience, highly recommend.",4,Bristol City Centre,2024-03-19 02:24:00.048415
"Amazing experience, highly recommend.",5,Birmingham Edgbaston,2024-03-19 02:24:00.048415
"Poor quality food, waste of money.",1,Sheffield City Centre,2024-03-19 02:24:00.048415
"Food was okay, nothing special.",3,London Hackney,2024-03-19 02:24:00.048415
"Mediocre food, acceptable for a quick meal.",3,Edinburgh Old Town,2024-03-19 02:24:00.048415
"Amazing experience, highly recommend.",5,Manchester Didsbury,2024-03-19 02:24:00.048415
"Amazing experience, highly recommend.",4,Birmingham Solihull,2024-03-19 02:24:00.048415
"Great place for a quick bite, friendly staff.",4,Birmingham Solihull,2024-03-19 02:24:00.048415
"Amazing experience, highly recommend.",5,London Canary Wharf,2024-03-19 02:24:00.048415
"Great place for a quick bite, friendly staff.",5,Birmingham City Centre,2024-03-19 02:24:00.048415
"Amazing experience, highly recommend.",5,Glasgow West End,2024-03-19 02:24:00.048415
Fantastic food and great service!,4,London Camden,2024-03-20 02:24:00.048415
"Amazing experience, highly recommend.",4,London Soho,2024-03-20 02:24:00.048415
"Very disappointing experience, will not return.",1,Manchester Salford,2024-03-20 02:24:00.048415
Fantastic food and great service!,5,London Chelsea,2024-03-20 02:24:00.048415
"Awful place, would not recommend.",2,London Canary Wharf,2024-03-20 02:24:00.048415
"Amazing experience, highly recommend.",5,Birmingham Solihull,2024-03-20 02:24:00.048415
Fantastic food and great service!,5,Edinburgh New Town,2024-03-20 02:24:00.048415
Delicious meals and very clean environment.,5,London Canary Wharf,2024-03-20 02:24:00.048415
"Amazing experience, highly recommend.",5,London Hackney,2024-03-20 02:24:00.048415
"It was alright, the service could be better.",3,Manchester Central,2024-03-20 02:24:00.048415
"Very disappointing experience, will not return.",1,Birmingham Edgbaston,2024-03-20 02:24:00.048415
"Very disappointing experience, will not return.",2,Glasgow West End,2024-03-20 02:24:00.048415
Fantastic food and great service!,5,Leeds City Centre,2024-03-20 02:24:00.048415
"Loved the burgers here, will definitely come back.",5,Birmingham Edgbaston,2024-03-20 02:24:00.048415
Delicious meals and very clean environment.,5,Bristol Clifton,2024-03-20 02:24:00.048415
"Mediocre food, acceptable for a quick meal.",3,Manchester Salford,2024-03-21 02:24:00.048415
"Great place for a quick bite, friendly staff.",4,London Chelsea,2024-03-21 02:24:00.048415
"Decent place, but I've had better.",3,Manchester Didsbury,2024-03-21 02:24:00.048415
Delicious meals and very clean environment.,4,Birmingham City Centre,2024-03-21 02:24:00.048415
"Great place for a quick bite, friendly staff.",5,London Chelsea,2024-03-21 02:24:00.048415
"Amazing experience, highly recommend.",4,Liverpool City Centre,2024-03-21 02:24:00.048415
"Food was okay, nothing special.",3,Birmingham Solihull,2024-03-21 02:24:00.048415
Fantastic food and great service!,4,Manchester Didsbury,2024-03-21 02:24:00.048415
"Great place for a quick bite, friendly staff.",5,Leeds City Centre,2024-03-21 02:24:00.048415
"Mediocre food, acceptable for a quick meal.",3,London Canary Wharf,2024-03-21 02:24:00.048415
Fantastic food and great service!,4,Cardiff City Centre,2024-03-21 02:24:00.048415
"Very disappointing experience, will not return.",2,Bristol City Centre,2024-03-21 02:24:00.048415
Fantastic food and great service!,5,Manchester Central,2024-03-21 02:24:00.048415
Fantastic food and great service!,5,Glasgow West End,2024-03-21 02:24:00.048415
"Awful place, would not recommend.",2,Birmingham City Centre,2024-03-21 02:24:00.048415
"Amazing experience, highly recommend.",4,Liverpool Anfield,2024-03-21 02:24:00.048415
"Loved the burgers here, will definitely come back.",4,Manchester Salford,2024-03-21 02:24:00.048415
Delicious meals and very clean environment.,5,Bristol Clifton,2024-03-21 02:24:00.048415
Fantastic food and great service!,4,Edinburgh Old Town,2024-03-21 02:24:00.048415
"Very disappointing experience, will not return.",1,Cardiff City Centre,2024-03-21 02:24:00.048415
Fantastic food and great service!,5,Manchester Salford,2024-03-21 02:24:00.048415
"Food was okay, nothing special.",3,Birmingham Edgbaston,2024-03-21 02:24:00.048415
Delicious meals and very clean environment.,5,Leeds Headingley,2024-03-21 02:24:00.048415
Rude staff and long waiting times.,1,Sheffield City Centre,2024-03-21 02:24:00.048415
"Great place for a quick bite, friendly staff.",5,Manchester Salford,2024-03-21 02:24:00.048415
Delicious meals and very clean environment.,5,London Hackney,2024-03-21 02:24:00.048415
"Amazing experience, highly recommend.",5,Sheffield Ecclesall Road,2024-03-21 02:24:00.048415
"Decent place, but I've had better.",3,London Chelsea,2024-03-21 02:24:00.048415
Fantastic food and great service!,5,London Chelsea,2024-03-21 02:24:00.048415
"Poor quality food, waste of money.",1,Liverpool Anfield,2024-03-21 02:24:00.048415
"Food was okay, nothing special.",3,Birmingham Edgbaston,2024-03-21 02:24:00.048415
"Poor quality food, waste of money.",1,London Hackney,2024-03-21 02:24:00.048415
Fantastic food and great service!,5,Birmingham Edgbaston,2024-03-21 02:24:00.048415
"Amazing experience, highly recommend.",4,Cardiff City Centre,2024-03-21 02:24:00.048415
Rude staff and long waiting times.,1,Manchester Salford,2024-03-21 02:24:00.048415
"Amazing experience, highly recommend.",5,Leeds City Centre,2024-03-21 02:24:00.048415
Terrible service and cold food.,1,London Camden,2024-03-21 02:24:00.048415
"Amazing experience, highly recommend.",4,Sheffield Ecclesall Road,2024-03-21 02:24:00.048415
Delicious meals and very clean environment.,4,Birmingham City Centre,2024-03-21 02:24:00.048415
"Amazing experience, highly recommend.",4,Sheffield Ecclesall Road,2024-03-21 02:24:00.048415
Fantastic food and great service!,4,London Canary Wharf,2024-03-21 02:24:00.048415
"Poor quality food, waste of money.",2,Liverpool City Centre,2024-03-21 02:24:00.048415
Fantastic food and great service!,4,Birmingham City Centre,2024-03-21 02:24:00.048415
"Poor quality food, waste of money.",1,Bristol City Centre,2024-03-21 02:24:00.048415
"Loved the burgers here, will definitely come back.",5,London Soho,2024-03-21 02:24:00.048415
"Amazing experience, highly recommend.",5,London Chelsea,2024-03-21 02:24:00.048415
Delicious meals and very clean environment.,5,London Soho,2024-03-21 02:24:00.048415
Delicious meals and very clean environment.,4,London Canary Wharf,2024-03-21 02:24:00.048415
"Loved the burgers here, will definitely come back.",4,Birmingham Edgbaston,2024-03-21 02:24:00.048415
"Very disappointing experience, will not return.",1,London Camden,2024-03-21 02:24:00.048415
"Amazing experience, highly recommend.",5,Liverpool City Centre,2024-03-21 02:24:00.048415
Fantastic food and great service!,5,Liverpool City Centre,2024-03-21 02:24:00.048415
Fantastic food and great service!,5,Glasgow City Centre,2024-03-21 02:24:00.048415
"Loved the burgers here, will definitely come back.",4,London Soho,2024-03-21 02:24:00.048415
"Amazing experience, highly recommend.",4,London Chelsea,2024-03-21 02:24:00.048415
Fantastic food and great service!,4,Birmingham City Centre,2024-03-21 02:24:00.048415
Fantastic food and great service!,5,London Hackney,2024-03-21 02:24:00.048415
Fantastic food and great service!,4,Sheffield City Centre,2024-03-21 02:24:00.048415
Terrible service and cold food.,1,Sheffield Ecclesall Road,2024-03-21 02:24:00.048415
Rude staff and long waiting times.,2,London Canary Wharf,2024-03-21 02:24:00.048415
Terrible service and cold food.,1,London Canary Wharf,2024-03-21 02:24:00.048415
"Amazing experience, highly recommend.",5,Birmingham City Centre,2024-03-21 02:24:00.048415
Terrible service and cold food.,2,Leeds City Centre,2024-03-21 02:24:00.048415
"Very disappointing experience, will not return.",1,London Canary Wharf,2024-03-21 02:24:00.048415
Delicious meals and very clean environment.,4,London Chelsea,2024-03-21 02:24:00.048415
Rude staff and long waiting times.,1,Cardiff Bay,2024-03-21 02:24:00.048415
"Loved the burgers here, will definitely come back.",5,Liverpool Anfield,2024-03-21 02:24:00.048415
Rude staff and long waiting times.,2,London Camden,2024-03-21 02:24:00.048415
"Poor quality food, waste of money.",1,Glasgow City Centre,2024-03-21 02:24:00.048415
Fantastic food and great service!,5,London Hackney,2024-03-21 02:24:00.048415
Rude staff and long waiting times.,1,London Chelsea,2024-03-21 02:24:00.048415
"Amazing experience, highly recommend.",4,Bristol Clifton,2024-03-21 02:24:00.048415
Delicious meals and very clean environment.,4,Birmingham Edgbaston,2024-03-21 02:24:00.048415
"Amazing experience, highly recommend.",5,Liverpool City Centre,2024-03-21 02:24:00.048415
"Loved the burgers here, will definitely come back.",4,Glasgow West End,2024-03-21 02:24:00.048415
"Amazing experience, highly recommend.",5,London Soho,2024-03-21 02:24:00.048415
Delicious meals and very clean environment.,5,Birmingham Solihull,2024-03-21 02:24:00.048415
Delicious meals and very clean environment.,4,London Chelsea,2024-03-21 02:24:00.048415
"Loved the burgers here, will definitely come back.",5,Manchester Central,2024-03-21 02:24:00.048415
Fantastic food and great service!,4,London Camden,2024-03-21 02:24:00.048415
Delicious meals and very clean environment.,5,London Soho,2024-03-21 02:24:00.048415
"Amazing experience, highly recommend.",4,London Camden,2024-03-22 02:24:00.048415
"Average experience, not bad but not great.",3,Manchester Central,2024-03-22 02:24:00.048415
Fantastic food and great service!,4,Birmingham Edgbaston,2024-03-22 02:24:00.048415
"Decent place, but I've had better.",3,Edinburgh New Town,2024-03-22 02:24:00.048415
"Amazing experience, highly recommend.",5,Bristol Clifton,2024-03-22 02:24:00.048415
Terrible service and cold food.,1,Cardiff Bay,2024-03-22 02:24:00.048415
"Loved the burgers here, will definitely come back.",5,Cardiff Bay,2024-03-22 02:24:00.048415
Fantastic food and great service!,5,Birmingham Edgbaston,2024-03-22 02:24:00.048415
"Mediocre food, acceptable for a quick meal.",3,Birmingham City Centre,2024-03-22 02:24:00.048415
Rude staff and long waiting times.,2,Manchester Central,2024-03-22 02:24:00.048415
"Mediocre food, acceptable for a quick meal.",3,Liverpool City Centre,2024-03-23 02:24:00.048415
"Awful place, would not recommend.",1,Edinburgh New Town,2024-03-23 02:24:00.048415
"Loved the burgers here, will definitely come back.",5,Birmingham Solihull,2024-03-23 02:24:00.048415
"Loved the burgers here, will definitely come back.",5,London Canary Wharf,2024-03-23 02:24:00.048415
"Great place for a quick bite, friendly staff.",4,Bristol Clifton,2024-03-23 02:24:00.048415
Fantastic food and great service!,4,London Canary Wharf,2024-03-23 02:24:00.048415
"Great place for a quick bite, friendly staff.",5,London Canary Wharf,2024-03-23 02:24:00.048415
"Awful place, would not recommend.",2,Birmingham Edgbaston,2024-03-23 02:24:00.048415
"Mediocre food, acceptable for a quick meal.",3,Manchester Salford,2024-03-23 02:24:00.048415
"Loved the burgers here, will definitely come back.",5,Manchester Didsbury,2024-03-23 02:24:00.048415
"Poor quality food, waste of money.",2,Edinburgh Old Town,2024-03-23 02:24:00.048415
"Great place for a quick bite, friendly staff.",5,London Chelsea,2024-03-23 02:24:00.048415
Fantastic food and great service!,5,London Camden,2024-03-23 02:24:00.048415
"Food was okay, nothing special.",3,Birmingham City Centre,2024-03-23 02:24:00.048415
"Loved the burgers here, will definitely come back.",5,London Camden,2024-03-24 02:24:00.048415
Delicious meals and very clean environment.,4,Manchester Central,2024-03-24 02:24:00.048415
"Loved the burgers here, will definitely come back.",4,London Soho,2024-03-24 02:24:00.048415
"Great place for a quick bite, friendly staff.",5,London Hackney,2024-03-24 02:24:00.048415
Terrible service and cold food.,1,Manchester Didsbury,2024-03-24 02:24:00.048415
Rude staff and long waiting times.,2,London Hackney,2024-03-24 02:24:00.048415
Delicious meals and very clean environment.,5,Birmingham Solihull,2024-03-24 02:24:00.048415
Fantastic food and great service!,4,London Hackney,2024-03-24 02:24:00.048415
"Food was okay, nothing special.",3,London Chelsea,2024-03-24 02:24:00.048415
"Great place for a quick bite, friendly staff.",4,London Canary Wharf,2024-03-24 02:24:00.048415
Fantastic food and great service!,5,Edinburgh Old Town,2024-03-24 02:24:00.048415
Fantastic food and great service!,5,Liverpool Anfield,2024-03-24 02:24:00.048415
"Great place for a quick bite, friendly staff.",5,London Hackney,2024-03-24 02:24:00.048415
Fantastic food and great service!,4,London Chelsea,2024-03-25 02:24:00.048415
"Great place for a quick bite, friendly staff.",5,Glasgow City Centre,2024-03-25 02:24:00.048415
Delicious meals and very clean environment.,4,London Chelsea,2024-03-25 02:24:00.048415
"Loved the burgers here, will definitely come back.",5,Manchester Salford,2024-03-25 02:24:00.048415
"Amazing experience, highly recommend.",5,Manchester Salford,2024-03-25 02:24:00.048415
Delicious meals and very clean environment.,4,London Hackney,2024-03-25 02:24:00.048415
"Amazing experience, highly recommend.",4,London Soho,2024-03-25 02:24:00.048415
Terrible service and cold food.,2,London Chelsea,2024-03-25 02:24:00.048415
"Great place for a quick bite, friendly staff.",5,Manchester Didsbury,2024-03-25 02:24:00.048415
Fantastic food and great service!,4,Manchester Salford,2024-03-25 02:24:00.048415
Delicious meals and very clean environment.,5,Birmingham Edgbaston,2024-03-25 02:24:00.048415
Rude staff and long waiting times.,1,London Chelsea,2024-03-25 02:24:00.048415
Delicious meals and very clean environment.,4,Manchester Salford,2024-03-25 02:24:00.048415
Rude staff and long waiting times.,1,London Canary Wharf,2024-03-25 02:24:00.048415
"Great place for a quick bite, friendly staff.",4,Liverpool City Centre,2024-03-25 02:24:00.048415
Rude staff and long waiting times.,2,Manchester Didsbury,2024-03-26 02:24:00.048415
"Amazing experience, highly recommend.",4,Manchester Central,2024-03-26 02:24:00.048415
"Great place for a quick bite, friendly staff.",4,London Camden,2024-03-26 02:24:00.048415
"Amazing experience, highly recommend.",5,Birmingham Edgbaston,2024-03-26 02:24:00.048415
"Amazing experience, highly recommend.",5,London Chelsea,2024-03-26 02:24:00.048415
"Loved the burgers here, will definitely come back.",5,Manchester Salford,2024-03-26 02:24:00.048415
"Great place for a quick bite, friendly staff.",4,London Hackney,2024-03-26 02:24:00.048415
Delicious meals and very clean environment.,5,Cardiff Bay,2024-03-26 02:24:00.048415
Terrible service and cold food.,2,Cardiff City Centre,2024-03-26 02:24:00.048415
Terrible service and cold food.,2,Birmingham City Centre,2024-03-26 02:24:00.048415
"Great place for a quick bite, friendly staff.",5,Manchester Didsbury,2024-03-26 02:24:00.048415
Fantastic food and great service!,4,Leeds City Centre,2024-03-26 02:24:00.048415
"Great place for a quick bite, friendly staff.",5,Manchester Central,2024-03-27 02:24:00.048415
"Amazing experience, highly recommend.",4,Manchester Salford,2024-03-27 02:24:00.048415
"Amazing experience, highly recommend.",4,London Camden,2024-03-27 02:24:00.048415
"Loved the burgers here, will definitely come back.",4,London Hackney,2024-03-27 02:24:00.048415
"Loved the burgers here, will definitely come back.",4,Sheffield Ecclesall Road,2024-03-27 02:24:00.048415
Delicious meals and very clean environment.,5,Glasgow City Centre,2024-03-27 02:24:00.048415
"Great place for a quick bite, friendly staff.",5,Manchester Salford,2024-03-27 02:24:00.048415
"Loved the burgers here, will definitely come back.",4,London Canary Wharf,2024-03-27 02:24:00.048415
Fantastic food and great service!,5,Cardiff Bay,2024-03-27 02:24:00.048415
"Very disappointing experience, will not return.",1,Edinburgh Old Town,2024-03-27 02:24:00.048415
"It was alright, the service could be better.",3,Edinburgh Old Town,2024-03-27 02:24:00.048415
"Great place for a quick bite, friendly staff.",5,London Chelsea,2024-03-27 02:24:00.048415
"Awful place, would not recommend.",2,Manchester Central,2024-03-27 02:24:00.048415
"Loved the burgers here, will definitely come back.",5,Birmingham City Centre,2024-03-27 02:24:00.048415
"Mediocre food, acceptable for a quick meal.",3,Sheffield Ecclesall Road,2024-03-27 02:24:00.048415
Fantastic food and great service!,5,Edinburgh New Town,2024-03-27 02:24:00.048415
"Awful place, would not recommend.",1,London Chelsea,2024-03-27 02:24:00.048415
"Loved the burgers here, will definitely come back.",5,London Camden,2024-03-27 02:24:00.048415
"It was alright, the service could be better.",3,London Chelsea,2024-03-27 02:24:00.048415
"Great place for a quick bite, friendly staff.",4,Cardiff Bay,2024-03-27 02:24:00.048415
"Poor quality food, waste of money.",1,Manchester Salford,2024-03-27 02:24:00.048415
Terrible service and cold food.,1,Glasgow City Centre,2024-03-27 02:24:00.048415
"Great place for a quick bite, friendly staff.",4,Manchester Salford,2024-03-27 02:24:00.048415
Rude staff and long waiting times.,1,Manchester Didsbury,2024-03-27 02:24:00.048415
"Awful place, would not recommend.",2,Cardiff Bay,2024-03-27 02:24:00.048415
"Awful place, would not recommend.",1,London Hackney,2024-03-27 02:24:00.048415
Terrible service and cold food.,1,Birmingham Edgbaston,2024-03-27 02:24:00.048415
"Loved the burgers here, will definitely come back.",4,London Camden,2024-03-27 02:24:00.048415
"Great place for a quick bite, friendly staff.",5,Bristol City Centre,2024-03-27 02:24:00.048415
"Great place for a quick bite, friendly staff.",4,London Hackney,2024-03-27 02:24:00.048415
"Amazing experience, highly recommend.",4,London Hackney,2024-03-27 02:24:00.048415
"Poor quality food, waste of money.",2,Bristol City Centre,2024-03-27 02:24:00.048415
Fantastic food and great service!,4,Sheffield Ecclesall Road,2024-03-27 02:24:00.048415
"Amazing experience, highly recommend.",5,Birmingham Edgbaston,2024-03-27 02:24:00.048415
"Great place for a quick bite, friendly staff.",5,Birmingham City Centre,2024-03-27 02:24:00.048415
"Loved the burgers here, will definitely come back.",4,Manchester Salford,2024-03-27 02:24:00.048415
"Poor quality food, waste of money.",2,Manchester Central,2024-03-27 02:24:00.048415
"Great place for a quick bite, friendly staff.",5,London Soho,2024-03-27 02:24:00.048415
"Very disappointing experience, will not return.",1,Sheffield Ecclesall Road,2024-03-27 02:24:00.048415
"Amazing experience, highly recommend.",4,Manchester Didsbury,2024-03-27 02:24:00.048415
"Amazing experience, highly recommend.",4,Bristol City Centre,2024-03-27 02:24:00.048415
Fantastic food and great service!,5,Leeds City Centre,2024-03-27 02:24:00.048415
"Very disappointing experience, will not return.",1,London Hackney,2024-03-27 02:24:00.048415
"Mediocre food, acceptable for a quick meal.",3,Birmingham Edgbaston,2024-03-27 02:24:00.048415
"Mediocre food, acceptable for a quick meal.",3,London Soho,2024-03-27 02:24:00.048415
"Amazing experience, highly recommend.",4,Bristol City Centre,2024-03-27 02:24:00.048415
"Amazing experience, highly recommend.",4,Birmingham Edgbaston,2024-03-27 02:24:00.048415
"Awful place, would not recommend.",1,London Hackney,2024-03-27 02:24:00.048415
Fantastic food and great service!,4,Birmingham Edgbaston,2024-03-27 02:24:00.048415
"Loved the burgers here, will definitely come back.",5,Bristol Clifton,2024-03-27 02:24:00.048415
"Loved the burgers here, will definitely come back.",4,Cardiff Bay,2024-03-27 02:24:00.048415
Fantastic food and great service!,4,London Soho,2024-03-27 02:24:00.048415
Fantastic food and great service!,5,London Camden,2024-03-27 02:24:00.048415
"Food was okay, nothing special.",3,Manchester Central,2024-03-27 02:24:00.048415
"Amazing experience, highly recommend.",5,Bristol City Centre,2024-03-27 02:24:00.048415
Rude staff and long waiting times.,1,Manchester Didsbury,2024-03-27 02:24:00.048415
"Average experience, not bad but not great.",3,Glasgow West End,2024-03-27 02:24:00.048415
"Food was okay, nothing special.",3,London Chelsea,2024-03-27 02:24:00.048415
Fantastic food and great service!,5,London Canary Wharf,2024-03-27 02:24:00.048415
"Great place for a quick bite, friendly staff.",4,London Soho,2024-03-27 02:24:00.048415
Delicious meals and very clean environment.,5,Manchester Salford,2024-03-27 02:24:00.048415
"Average experience, not bad but not great.",3,Cardiff Bay,2024-03-28 02:24:00.048415
"Loved the burgers here, will definitely come back.",5,Birmingham Solihull,2024-03-28 02:24:00.048415
Delicious meals and very clean environment.,4,Cardiff Bay,2024-03-28 02:24:00.048415
"Amazing experience, highly recommend.",5,Sheffield City Centre,2024-03-28 02:24:00.048415
"Loved the burgers here, will definitely come back.",5,Birmingham City Centre,2024-03-28 02:24:00.048415
Delicious meals and very clean environment.,4,Manchester Salford,2024-03-28 02:24:00.048415
Rude staff and long waiting times.,2,Bristol City Centre,2024-03-28 02:24:00.048415
Delicious meals and very clean environment.,5,London Hackney,2024-03-28 02:24:00.048415
Fantastic food and great service!,4,Bristol City Centre,2024-03-28 02:24:00.048415
"Poor quality food, waste of money.",2,Leeds Headingley,2024-03-28 02:24:00.048415
Terrible service and cold food.,1,Manchester Salford,2024-03-28 02:24:00.048415
"Loved the burgers here, will definitely come back.",4,Liverpool City Centre,2024-03-28 02:24:00.048415
"Poor quality food, waste of money.",1,Birmingham Edgbaston,2024-03-28 02:24:00.048415
"Very disappointing experience, will not return.",2,London Canary Wharf,2024-03-28 02:24:00.048415
"Very disappointing experience, will not return.",1,Manchester Central,2024-03-28 02:24:00.048415
"Food was okay, nothing special.",3,Manchester Didsbury,2024-03-28 02:24:00.048415
"Great place for a quick bite, friendly staff.",5,London Canary Wharf,2024-03-28 02:24:00.048415
"Mediocre food, acceptable for a quick meal.",3,Edinburgh New Town,2024-03-28 02:24:00.048415
"Loved the burgers here, will definitely come back.",5,Sheffield City Centre,2024-03-28 02:24:00.048415
"Great place for a quick bite, friendly staff.",5,London Hackney,2024-03-28 02:24:00.048415
"Great place for a quick bite, friendly staff.",5,London Soho,2024-03-28 02:24:00.048415
"Great place for a quick bite, friendly staff.",5,Manchester Central,2024-03-28 02:24:00.048415
Fantastic food and great service!,4,London Chelsea,2024-03-28 02:24:00.048415
Delicious meals and very clean environment.,4,Sheffield City Centre,2024-03-28 02:24:00.048415
"Amazing experience, highly recommend.",4,London Camden,2024-03-28 02:24:00.048415
Fantastic food and great service!,4,Bristol Clifton,2024-03-28 02:24:00.048415
Fantastic food and great service!,4,Birmingham Edgbaston,2024-03-28 02:24:00.048415
"Mediocre food, acceptable for a quick meal.",3,Edinburgh New Town,2024-03-28 02:24:00.048415
Fantastic food and great service!,5,Liverpool Anfield,2024-03-28 02:24:00.048415
"Loved the burgers here, will definitely come back.",4,Liverpool Anfield,2024-03-28 02:24:00.048415
Delicious meals and very clean environment.,4,London Hackney,2024-03-28 02:24:00.048415
"Very disappointing experience, will not return.",1,London Canary Wharf,2024-03-28 02:24:00.048415
Fantastic food and great service!,5,Bristol Clifton,2024-03-28 02:24:00.048415
"Loved the burgers here, will definitely come back.",4,Birmingham City Centre,2024-03-28 02:24:00.048415
"Loved the burgers here, will definitely come back.",4,Bristol City Centre,2024-03-28 02:24:00.048415
"Loved the burgers here, will definitely come back.",4,Manchester Salford,2024-03-28 02:24:00.048415
"Loved the burgers here, will definitely come back.",5,Birmingham City Centre,2024-03-28 02:24:00.048415
Delicious meals and very clean environment.,5,Manchester Central,2024-03-28 02:24:00.048415
"Great place for a quick bite, friendly staff.",5,Birmingham Solihull,2024-03-28 02:24:00.048415
"Amazing experience, highly recommend.",5,Glasgow City Centre,2024-03-28 02:24:00.048415
Delicious meals and very clean environment.,4,Bristol City Centre,2024-03-28 02:24:00.048415
"Loved the burgers here, will definitely come back.",5,Bristol City Centre,2024-03-28 02:24:00.048415
"Food was okay, nothing special.",3,London Chelsea,2024-03-28 02:24:00.048415
"Amazing experience, highly recommend.",4,London Camden,2024-03-28 02:24:00.048415
"Awful place, would not recommend.",2,Sheffield City Centre,2024-03-28 02:24:00.048415
Delicious meals and very clean environment.,5,London Soho,2024-03-28 02:24:00.048415
Rude staff and long waiting times.,2,Sheffield City Centre,2024-03-28 02:24:00.048415
"Amazing experience, highly recommend.",5,Leeds Headingley,2024-03-28 02:24:00.048415
Rude staff and long waiting times.,1,Edinburgh New Town,2024-03-28 02:24:00.048415
"Amazing experience, highly recommend.",5,Bristol City Centre,2024-03-29 02:24:00.048415
"Awful place, would not recommend.",1,London Camden,2024-03-29 02:24:00.048415
"Very disappointing experience, will not return.",2,Glasgow West End,2024-03-29 02:24:00.048415
"Mediocre food, acceptable for a quick meal.",3,Birmingham City Centre,2024-03-29 02:24:00.048415
Delicious meals and very clean environment.,5,London Canary Wharf,2024-03-29 02:24:00.048415
"Great place for a quick bite, friendly staff.",4,Leeds Headingley,2024-03-29 02:24:00.048415
Delicious meals and very clean environment.,4,London Soho,2024-03-29 02:24:00.048415
"Food was okay, nothing special.",3,Leeds Headingley,2024-03-29 02:24:00.048415
Delicious meals and very clean environment.,5,Birmingham Solihull,2024-03-29 02:24:00.048415
"Loved the burgers here, will definitely come back.",4,Manchester Central,2024-03-29 02:24:00.048415
"Amazing experience, highly recommend.",5,Edinburgh Old Town,2024-03-29 02:24:00.048415
"Awful place, would not recommend.",2,London Soho,2024-03-29 02:24:00.048415
"Amazing experience, highly recommend.",5,London Camden,2024-03-29 02:24:00.048415
"Awful place, would not recommend.",1,Bristol City Centre,2024-03-29 02:24:00.048415
"Great place for a quick bite, friendly staff.",5,Birmingham City Centre,2024-03-29 02:24:00.048415
"Awful place, would not recommend.",2,London Chelsea,2024-03-29 02:24:00.048415
"Amazing experience, highly recommend.",5,London Canary Wharf,2024-03-29 02:24:00.048415
"Great place for a quick bite, friendly staff.",4,Birmingham City Centre,2024-03-29 02:24:00.048415
Fantastic food and great service!,4,Manchester Central,2024-03-29 02:24:00.048415
Delicious meals and very clean environment.,4,Birmingham Edgbaston,2024-03-29 02:24:00.048415
"Amazing experience, highly recommend.",5,Birmingham City Centre,2024-03-29 02:24:00.048415
"Loved the burgers here, will definitely come back.",4,Birmingham Solihull,2024-03-29 02:24:00.048415
Fantastic food and great service!,5,Birmingham City Centre,2024-03-29 02:24:00.048415
Delicious meals and very clean environment.,5,London Hackney,2024-03-29 02:24:00.048415
"Awful place, would not recommend.",2,Manchester Didsbury,2024-03-29 02:24:00.048415
"Awful place, would not recommend.",1,Leeds City Centre,2024-03-29 02:24:00.048415
"Great place for a quick bite, friendly staff.",4,Edinburgh Old Town,2024-03-29 02:24:00.048415
Fantastic food and great service!,5,Manchester Didsbury,2024-03-29 02:24:00.048415
"Very disappointing experience, will not return.",2,Glasgow West End,2024-03-29 02:24:00.048415
"Very disappointing experience, will not return.",1,Cardiff Bay,2024-03-29 02:24:00.048415
Fantastic food and great service!,5,Glasgow West End,2024-03-29 02:24:00.048415
Fantastic food and great service!,4,Birmingham City Centre,2024-03-29 02:24:00.048415
"Loved the burgers here, will definitely come back.",5,London Chelsea,2024-03-29 02:24:00.048415
Delicious meals and very clean environment.,5,Birmingham Solihull,2024-03-29 02:24:00.048415
"Amazing experience, highly recommend.",5,Manchester Salford,2024-03-29 02:24:00.048415
Delicious meals and very clean environment.,5,Cardiff Bay,2024-03-29 02:24:00.048415
Delicious meals and very clean environment.,5,Birmingham City Centre,2024-03-29 02:24:00.048415
"Great place for a quick bite, friendly staff.",4,Manchester Didsbury,2024-03-29 02:24:00.048415
"It was alright, the service could be better.",3,Manchester Didsbury,2024-03-29 02:24:00.048415
"Amazing experience, highly recommend.",4,Manchester Salford,2024-03-29 02:24:00.048415
"Awful place, would not recommend.",2,London Canary Wharf,2024-03-30 02:24:00.048415
Terrible service and cold food.,1,London Camden,2024-03-30 02:24:00.048415
"Amazing experience, highly recommend.",4,Manchester Didsbury,2024-03-30 02:24:00.048415
Delicious meals and very clean environment.,4,Cardiff City Centre,2024-03-30 02:24:00.048415
"Loved the burgers here, will definitely come back.",4,London Camden,2024-03-30 02:24:00.048415
"Loved the burgers here, will definitely come back.",5,Leeds City Centre,2024-03-30 02:24:00.048415
Delicious meals and very clean environment.,5,Birmingham Edgbaston,2024-03-30 02:24:00.048415
"Amazing experience, highly recommend.",5,Liverpool City Centre,2024-03-30 02:24:00.048415
"Loved the burgers here, will definitely come back.",5,Birmingham Solihull,2024-03-30 02:24:00.048415
Delicious meals and very clean environment.,4,Manchester Salford,2024-03-30 02:24:00.048415
"Great place for a quick bite, friendly staff.",4,Liverpool Anfield,2024-03-30 02:24:00.048415
"Amazing experience, highly recommend.",4,Glasgow West End,2024-03-30 02:24:00.048415
"Amazing experience, highly recommend.",5,London Canary Wharf,2024-03-30 02:24:00.048415
"Great place for a quick bite, friendly staff.",5,London Canary Wharf,2024-03-30 02:24:00.048415
"It was alright, the service could be better.",3,London Hackney,2024-03-30 02:24:00.048415
"Great place for a quick bite, friendly staff.",5,Glasgow City Centre,2024-03-30 02:24:00.048415
Delicious meals and very clean environment.,5,London Canary Wharf,2024-03-30 02:24:00.048415
"Loved the burgers here, will definitely come back.",5,Bristol Clifton,2024-03-30 02:24:00.048415
Rude staff and long waiting times.,1,Manchester Salford,2024-03-30 02:24:00.048415
Delicious meals and very clean environment.,4,Manchester Salford,2024-03-30 02:24:00.048415
Fantastic food and great service!,5,Birmingham Solihull,2024-03-30 02:24:00.048415
"Great place for a quick bite, friendly staff.",4,Manchester Didsbury,2024-03-30 02:24:00.048415
Delicious meals and very clean environment.,5,Manchester Central,2024-03-30 02:24:00.048415
Terrible service and cold food.,1,Birmingham Edgbaston,2024-03-30 02:24:00.048415
Terrible service and cold food.,2,Birmingham Solihull,2024-03-30 02:24:00.048415
"Great place for a quick bite, friendly staff.",4,Leeds City Centre,2024-03-30 02:24:00.048415
Fantastic food and great service!,4,London Canary Wharf,2024-03-30 02:24:00.048415
"Loved the burgers here, will definitely come back.",4,Manchester Salford,2024-03-30 02:24:00.048415
"Great place for a quick bite, friendly staff.",5,Birmingham Edgbaston,2024-03-30 02:24:00.048415
Fantastic food and great service!,4,Liverpool City Centre,2024-03-30 02:24:00.048415
"Awful place, would not recommend.",2,Manchester Salford,2024-03-30 02:24:00.048415
"Great place for a quick bite, friendly staff.",5,Birmingham City Centre,2024-03-30 02:24:00.048415
Fantastic food and great service!,5,Manchester Salford,2024-03-30 02:24:00.048415
"Decent place, but I've had better.",3,Manchester Salford,2024-03-30 02:24:00.048415
Delicious meals and very clean environment.,5,Birmingham Edgbaston,2024-03-30 02:24:00.048415
"Great place for a quick bite, friendly staff.",5,Sheffield City Centre,2024-03-30 02:24:00.048415
Fantastic food and great service!,4,Birmingham Edgbaston,2024-03-30 02:24:00.048415
Delicious meals and very clean environment.,4,Leeds City Centre,2024-03-30 02:24:00.048415
Fantastic food and great service!,5,London Soho,2024-03-30 02:24:00.048415
Delicious meals and very clean environment.,4,Manchester Salford,2024-03-30 02:24:00.048415
"Loved the burgers here, will definitely come back.",5,Manchester Salford,2024-03-30 02:24:00.048415
"Great place for a quick bite, friendly staff.",4,Bristol Clifton,2024-03-30 02:24:00.048415
"Great place for a quick bite, friendly staff.",5,Manchester Didsbury,2024-03-30 02:24:00.048415
"Awful place, would not recommend.",2,Birmingham City Centre,2024-03-30 02:24:00.048415
"Amazing experience, highly recommend.",5,London Canary Wharf,2024-03-30 02:24:00.048415
"Amazing experience, highly recommend.",5,Birmingham Solihull,2024-03-30 02:24:00.048415
"It was alright, the service could be better.",3,Birmingham City Centre,2024-03-31 02:24:00.048415
Delicious meals and very clean environment.,5,London Hackney,2024-03-31 02:24:00.048415
Rude staff and long waiting times.,1,London Hackney,2024-03-31 02:24:00.048415
"Great place for a quick bite, friendly staff.",5,London Soho,2024-03-31 02:24:00.048415
Delicious meals and very clean environment.,4,Manchester Salford,2024-03-31 02:24:00.048415
"Amazing experience, highly recommend.",4,London Soho,2024-03-31 02:24:00.048415
"Great place for a quick bite, friendly staff.",5,London Chelsea,2024-03-31 02:24:00.048415
Terrible service and cold food.,2,Cardiff City Centre,2024-03-31 02:24:00.048415
"Loved the burgers here, will definitely come back.",4,London Canary Wharf,2024-03-31 02:24:00.048415
"Loved the burgers here, will definitely come back.",5,Manchester Salford,2024-03-31 02:24:00.048415
"Loved the burgers here, will definitely come back.",5,London Camden,2024-03-31 02:24:00.048415
"Decent place, but I've had better.",3,Edinburgh New Town,2024-03-31 02:24:00.048415
Delicious meals and very clean environment.,4,Bristol City Centre,2024-03-31 02:24:00.048415
"Loved the burgers here, will definitely come back.",5,London Hackney,2024-03-31 02:24:00.048415
Delicious meals and very clean environment.,5,London Hackney,2024-03-31 02:24:00.048415
"Awful place, would not recommend.",1,London Soho,2024-03-31 02:24:00.048415
"Great place for a quick bite, friendly staff.",5,Birmingham Edgbaston,2024-03-31 02:24:00.048415
Rude staff and long waiting times.,2,Manchester Salford,2024-03-31 02:24:00.048415
Fantastic food and great service!,5,Birmingham Solihull,2024-03-31 02:24:00.048415
"Amazing experience, highly recommend.",5,Birmingham City Centre,2024-03-31 02:24:00.048415
Delicious meals and very clean environment.,5,Cardiff Bay,2024-03-31 02:24:00.048415
Terrible service and cold food.,1,London Camden,2024-03-31 02:24:00.048415
"Great place for a quick bite, friendly staff.",5,Manchester Central,2024-03-31 02:24:00.048415
"It was alright, the service could be better.",3,London Canary Wharf,2024-03-31 02:24:00.048415
Delicious meals and very clean environment.,4,London Chelsea,2024-03-31 02:24:00.048415
"Very disappointing experience, will not return.",1,Glasgow City Centre,2024-03-31 02:24:00.048415
Delicious meals and very clean environment.,4,London Soho,2024-03-31 02:24:00.048415
"Very disappointing experience, will not return.",2,Birmingham Solihull,2024-03-31 02:24:00.048415
Delicious meals and very clean environment.,4,London Canary Wharf,2024-03-31 02:24:00.048415
Delicious meals and very clean environment.,5,Liverpool City Centre,2024-03-31 02:24:00.048415
Fantastic food and great service!,4,Edinburgh Old Town,2024-03-31 02:24:00.048415
"Great place for a quick bite, friendly staff.",5,London Chelsea,2024-03-31 02:24:00.048415
Rude staff and long waiting times.,2,Birmingham Solihull,2024-03-31 02:24:00.048415
"Amazing experience, highly recommend.",5,Glasgow City Centre,2024-03-31 02:24:00.048415
"Great place for a quick bite, friendly staff.",4,Leeds Headingley,2024-03-31 02:24:00.048415
"Amazing experience, highly recommend.",5,London Hackney,2024-03-31 02:24:00.048415
"Awful place, would not recommend.",2,Birmingham Solihull,2024-03-31 02:24:00.048415
"Awful place, would not recommend.",1,Birmingham Solihull,2024-03-31 02:24:00.048415
"Great place for a quick bite, friendly staff.",5,Manchester Didsbury,2024-03-31 02:24:00.048415
"Great place for a quick bite, friendly staff.",5,Glasgow City Centre,2024-03-31 02:24:00.048415
"Awful place, would not recommend.",2,Birmingham City Centre,2024-03-31 02:24:00.048415
Fantastic food and great service!,5,London Canary Wharf,2024-03-31 02:24:00.048415
Delicious meals and very clean environment.,4,London Soho,2024-03-31 02:24:00.048415
Rude staff and long waiting times.,2,Cardiff City Centre,2024-03-31 02:24:00.048415
"Amazing experience, highly recommend.",4,London Hackney,2024-03-31 02:24:00.048415
Fantastic food and great service!,5,London Camden,2024-03-31 02:24:00.048415
"Amazing experience, highly recommend.",4,Manchester Didsbury,2024-03-31 02:24:00.048415
Fantastic food and great service!,4,London Hackney,2024-03-31 02:24:00.048415
"Amazing experience, highly recommend.",5,Glasgow City Centre,2024-03-31 02:24:00.048415
"Amazing experience, highly recommend.",5,London Hackney,2024-04-01 02:24:00.048415
"Loved the burgers here, will definitely come back.",5,Glasgow City Centre,2024-04-01 02:24:00.048415
"Loved the burgers here, will definitely come back.",5,Liverpool Anfield,2024-04-01 02:24:00.048415
Fantastic food and great service!,5,London Canary Wharf,2024-04-01 02:24:00.048415
"Average experience, not bad but not great.",3,Manchester Salford,2024-04-01 02:24:00.048415
Delicious meals and very clean environment.,5,Manchester Didsbury,2024-04-01 02:24:00.048415
"Loved the burgers here, will definitely come back.",4,Leeds Headingley,2024-04-01 02:24:00.048415
Fantastic food and great service!,5,Liverpool Anfield,2024-04-01 02:24:00.048415
"Amazing experience, highly recommend.",4,Leeds City Centre,2024-04-01 02:24:00.048415
Fantastic food and great service!,5,London Hackney,2024-04-01 02:24:00.048415
Rude staff and long waiting times.,1,Birmingham Edgbaston,2024-04-01 02:24:00.048415
Fantastic food and great service!,4,London Soho,2024-04-01 02:24:00.048415
"Amazing experience, highly recommend.",5,London Camden,2024-04-01 02:24:00.048415
Delicious meals and very clean environment.,5,London Soho,2024-04-01 02:24:00.048415
Delicious meals and very clean environment.,4,Edinburgh New Town,2024-04-01 02:24:00.048415
"Loved the burgers here, will definitely come back.",5,London Canary Wharf,2024-04-01 02:24:00.048415
"Loved the burgers here, will definitely come back.",5,London Canary Wharf,2024-04-01 02:24:00.048415
"Amazing experience, highly recommend.",5,Sheffield Ecclesall Road,2024-04-01 02:24:00.048415
"Great place for a quick bite, friendly staff.",5,Manchester Didsbury,2024-04-01 02:24:00.048415
"Average experience, not bad but not great.",3,Liverpool Anfield,2024-04-01 02:24:00.048415
Delicious meals and very clean environment.,4,Manchester Didsbury,2024-04-01 02:24:00.048415
"Awful place, would not recommend.",1,London Chelsea,2024-04-01 02:24:00.048415
"Amazing experience, highly recommend.",4,Manchester Didsbury,2024-04-01 02:24:00.048415
"It was alright, the service could be better.",3,Edinburgh New Town,2024-04-01 02:24:00.048415
Fantastic food and great service!,4,Manchester Salford,2024-04-01 02:24:00.048415
Terrible service and cold food.,1,Birmingham City Centre,2024-04-01 02:24:00.048415
Delicious meals and very clean environment.,4,London Canary Wharf,2024-04-01 02:24:00.048415
Fantastic food and great service!,4,Manchester Salford,2024-04-01 02:24:00.048415
Fantastic food and great service!,4,London Soho,2024-04-01 02:24:00.048415
Terrible service and cold food.,2,London Chelsea,2024-04-01 02:24:00.048415
"Poor quality food, waste of money.",1,Glasgow City Centre,2024-04-01 02:24:00.048415
Delicious meals and very clean environment.,4,London Chelsea,2024-04-01 02:24:00.048415
Terrible service and cold food.,1,Birmingham City Centre,2024-04-01 02:24:00.048415
"Amazing experience, highly recommend.",5,Leeds Headingley,2024-04-01 02:24:00.048415
Terrible service and cold food.,2,London Camden,2024-04-01 02:24:00.048415
"Loved the burgers here, will definitely come back.",5,Cardiff City Centre,2024-04-01 02:24:00.048415
Delicious meals and very clean environment.,5,Liverpool City Centre,2024-04-01 02:24:00.048415
"Amazing experience, highly recommend.",5,Manchester Didsbury,2024-04-01 02:24:00.048415
"Great place for a quick bite, friendly staff.",4,Glasgow City Centre,2024-04-01 02:24:00.048415
"Great place for a quick bite, friendly staff.",4,Glasgow City Centre,2024-04-01 02:24:00.048415
"It was alright, the service could be better.",3,Edinburgh New Town,2024-04-01 02:24:00.048415
Delicious meals and very clean environment.,5,Birmingham City Centre,2024-04-01 02:24:00.048415
Delicious meals and very clean environment.,5,Liverpool City Centre,2024-04-01 02:24:00.048415
"Mediocre food, acceptable for a quick meal.",3,London Chelsea,2024-04-01 02:24:00.048415
"Loved the burgers here, will definitely come back.",5,Sheffield Ecclesall Road,2024-04-01 02:24:00.048415
"Great place for a quick bite, friendly staff.",5,London Camden,2024-04-01 02:24:00.048415
"Great place for a quick bite, friendly staff.",4,Birmingham Edgbaston,2024-04-01 02:24:00.048415
Delicious meals and very clean environment.,5,Manchester Didsbury,2024-04-01 02:24:00.048415
"Great place for a quick bite, friendly staff.",5,Birmingham Edgbaston,2024-04-01 02:24:00.048415
Delicious meals and very clean environment.,5,London Chelsea,2024-04-01 02:24:00.048415
"Awful place, would not recommend.",1,Glasgow City Centre,2024-04-01 02:24:00.048415
"Great place for a quick bite, friendly staff.",5,London Hackney,2024-04-01 02:24:00.048415
"Great place for a quick bite, friendly staff.",5,Bristol City Centre,2024-04-01 02:24:00.048415
"Great place for a quick bite, friendly staff.",5,London Hackney,2024-04-02 02:24:00.048415
Delicious meals and very clean environment.,5,Birmingham Solihull,2024-04-02 02:24:00.048415
Fantastic food and great service!,5,Edinburgh Old Town,2024-04-02 02:24:00.048415
Rude staff and long waiting times.,2,Edinburgh New Town,2024-04-02 02:24:00.048415
"Great place for a quick bite, friendly staff.",4,Manchester Didsbury,2024-04-02 02:24:00.048415
Fantastic food and great service!,4,Leeds City Centre,2024-04-02 02:24:00.048415
"Amazing experience, highly recommend.",5,Bristol City Centre,2024-04-02 02:24:00.048415
"It was alright, the service could be better.",3,Manchester Central,2024-04-02 02:24:00.048415
Fantastic food and great service!,5,London Hackney,2024-04-02 02:24:00.048415
"Great place for a quick bite, friendly staff.",5,Edinburgh New Town,2024-04-02 02:24:00.048415
"It was alright, the service could be better.",3,Birmingham City Centre,2024-04-02 02:24:00.048415
Terrible service and cold food.,1,Glasgow West End,2024-04-02 02:24:00.048415
Rude staff and long waiting times.,1,Birmingham Solihull,2024-04-02 02:24:00.048415
Delicious meals and very clean environment.,5,Birmingham City Centre,2024-04-02 02:24:00.048415
"Loved the burgers here, will definitely come back.",5,London Soho,2024-04-02 02:24:00.048415
"Amazing experience, highly recommend.",5,London Hackney,2024-04-02 02:24:00.048415
"Average experience, not bad but not great.",3,Glasgow City Centre,2024-04-02 02:24:00.048415
Delicious meals and very clean environment.,5,London Canary Wharf,2024-04-02 02:24:00.048415
"Amazing experience, highly recommend.",4,London Chelsea,2024-04-02 02:24:00.048415
"Great place for a quick bite, friendly staff.",5,London Chelsea,2024-04-02 02:24:00.048415
"Amazing experience, highly recommend.",4,Leeds Headingley,2024-04-02 02:24:00.048415
Delicious meals and very clean environment.,5,Edinburgh New Town,2024-04-02 02:24:00.048415
"Amazing experience, highly recommend.",5,London Chelsea,2024-04-02 02:24:00.048415
"Loved the burgers here, will definitely come back.",5,Liverpool City Centre,2024-04-02 02:24:00.048415
"Loved the burgers here, will definitely come back.",5,London Canary Wharf,2024-04-02 02:24:00.048415
Fantastic food and great service!,5,Glasgow West End,2024-04-02 02:24:00.048415
"Poor quality food, waste of money.",1,Birmingham Solihull,2024-04-02 02:24:00.048415
"Loved the burgers here, will definitely come back.",5,London Soho,2024-04-02 02:24:00.048415
"Great place for a quick bite, friendly staff.",5,London Canary Wharf,2024-04-02 02:24:00.048415
Fantastic food and great service!,4,Bristol City Centre,2024-04-02 02:24:00.048415
"Great place for a quick bite, friendly staff.",5,Manchester Salford,2024-04-02 02:24:00.048415
"Great place for a quick bite, friendly staff.",5,London Canary Wharf,2024-04-02 02:24:00.048415
"Amazing experience, highly recommend.",5,London Camden,2024-04-02 02:24:00.048415
"Loved the burgers here, will definitely come back.",5,Edinburgh Old Town,2024-04-02 02:24:00.048415
Delicious meals and very clean environment.,5,London Soho,2024-04-02 02:24:00.048415
"Very disappointing experience, will not return.",2,Birmingham Solihull,2024-04-02 02:24:00.048415
"Great place for a quick bite, friendly staff.",5,London Camden,2024-04-02 02:24:00.048415
Delicious meals and very clean environment.,5,Liverpool Anfield,2024-04-02 02:24:00.048415
"Decent place, but I've had better.",3,Birmingham Edgbaston,2024-04-02 02:24:00.048415
Terrible service and cold food.,1,London Hackney,2024-04-02 02:24:00.048415
"Great place for a quick bite, friendly staff.",5,Birmingham Solihull,2024-04-02 02:24:00.048415
Delicious meals and very clean environment.,4,Bristol Clifton,2024-04-02 02:24:00.048415
Fantastic food and great service!,4,Bristol City Centre,2024-04-02 02:24:00.048415
"Poor quality food, waste of money.",1,Manchester Salford,2024-04-02 02:24:00.048415
"Great place for a quick bite, friendly staff.",5,London Chelsea,2024-04-02 02:24:00.048415
"Loved the burgers here, will definitely come back.",5,Edinburgh Old Town,2024-04-02 02:24:00.048415
Delicious meals and very clean environment.,5,London Camden,2024-04-02 02:24:00.048415
"Loved the burgers here, will definitely come back.",4,Birmingham City Centre,2024-04-02 02:24:00.048415
Fantastic food and great service!,4,London Chelsea,2024-04-02 02:24:00.048415
"Average experience, not bad but not great.",3,Bristol City Centre,2024-04-02 02:24:00.048415
"Great place for a quick bite, friendly staff.",4,London Chelsea,2024-04-02 02:24:00.048415
"Loved the burgers here, will definitely come back.",5,Liverpool Anfield,2024-04-03 02:24:00.048415
Delicious meals and very clean environment.,5,Manchester Salford,2024-04-03 02:24:00.048415
"Loved the burgers here, will definitely come back.",5,Birmingham Solihull,2024-04-03 02:24:00.048415
Fantastic food and great service!,4,Manchester Central,2024-04-03 02:24:00.048415
"Amazing experience, highly recommend.",4,London Soho,2024-04-03 02:24:00.048415
"Poor quality food, waste of money.",2,Manchester Didsbury,2024-04-03 02:24:00.048415
Fantastic food and great service!,4,Sheffield Ecclesall Road,2024-04-03 02:24:00.048415
Delicious meals and very clean environment.,4,London Soho,2024-04-03 02:24:00.048415
"Amazing experience, highly recommend.",4,Liverpool City Centre,2024-04-03 02:24:00.048415
Fantastic food and great service!,5,London Camden,2024-04-03 02:24:00.048415
"Decent place, but I've had better.",3,Glasgow West End,2024-04-03 02:24:00.048415
"Awful place, would not recommend.",1,London Camden,2024-04-03 02:24:00.048415
Delicious meals and very clean environment.,5,London Camden,2024-04-03 02:24:00.048415
"Great place for a quick bite, friendly staff.",4,London Chelsea,2024-04-03 02:24:00.048415
"It was alright, the service could be better.",3,Cardiff City Centre,2024-04-03 02:24:00.048415
"Amazing experience, highly recommend.",5,Manchester Central,2024-04-03 02:24:00.048415
Fantastic food and great service!,4,London Hackney,2024-04-03 02:24:00.048415
"Amazing experience, highly recommend.",5,Glasgow West End,2024-04-03 02:24:00.048415
"Mediocre food, acceptable for a quick meal.",3,Bristol Clifton,2024-04-03 02:24:00.048415
"Loved the burgers here, will definitely come back.",5,London Canary Wharf,2024-04-03 02:24:00.048415
"Awful place, would not recommend.",2,London Camden,2024-04-03 02:24:00.048415
"Amazing experience, highly recommend.",5,London Canary Wharf,2024-04-03 02:24:00.048415
Fantastic food and great service!,4,Edinburgh New Town,2024-04-03 02:24:00.048415
Terrible service and cold food.,2,Bristol Clifton,2024-04-03 02:24:00.048415
Terrible service and cold food.,1,Sheffield Ecclesall Road,2024-04-03 02:24:00.048415
Rude staff and long waiting times.,1,Liverpool City Centre,2024-04-03 02:24:00.048415
"Great place for a quick bite, friendly staff.",4,London Soho,2024-04-03 02:24:00.048415
"Amazing experience, highly recommend.",5,Manchester Didsbury,2024-04-03 02:24:00.048415
"Amazing experience, highly recommend.",5,Birmingham Edgbaston,2024-04-03 02:24:00.048415
"Decent place, but I've had better.",3,Manchester Didsbury,2024-04-03 02:24:00.048415
"Mediocre food, acceptable for a quick meal.",3,Manchester Salford,2024-04-03 02:24:00.048415
"Great place for a quick bite, friendly staff.",5,Edinburgh New Town,2024-04-03 02:24:00.048415
Fantastic food and great service!,5,Cardiff City Centre,2024-04-03 02:24:00.048415
"Great place for a quick bite, friendly staff.",5,Manchester Central,2024-04-03 02:24:00.048415
"Poor quality food, waste of money.",1,Manchester Central,2024-04-03 02:24:00.048415
Delicious meals and very clean environment.,5,London Canary Wharf,2024-04-03 02:24:00.048415
"Great place for a quick bite, friendly staff.",5,Glasgow City Centre,2024-04-03 02:24:00.048415
"Great place for a quick bite, friendly staff.",4,Glasgow City Centre,2024-04-03 02:24:00.048415
Delicious meals and very clean environment.,5,Manchester Salford,2024-04-03 02:24:00.048415
"Loved the burgers here, will definitely come back.",5,Manchester Salford,2024-04-03 02:24:00.048415
Rude staff and long waiting times.,2,London Canary Wharf,2024-04-03 02:24:00.048415
"Amazing experience, highly recommend.",5,Cardiff Bay,2024-04-03 02:24:00.048415
"Awful place, would not recommend.",1,Manchester Salford,2024-04-03 02:24:00.048415
"Great place for a quick bite, friendly staff.",5,London Soho,2024-04-03 02:24:00.048415
"Great place for a quick bite, friendly staff.",5,Manchester Central,2024-04-03 02:24:00.048415
"Amazing experience, highly recommend.",4,Birmingham Edgbaston,2024-04-04 02:24:00.048415
"Very disappointing experience, will not return.",1,Manchester Salford,2024-04-04 02:24:00.048415
Delicious meals and very clean environment.,5,London Camden,2024-04-04 02:24:00.048415
Delicious meals and very clean environment.,4,Liverpool Anfield,2024-04-04 02:24:00.048415
"Poor quality food, waste of money.",1,London Canary Wharf,2024-04-04 02:24:00.048415
Delicious meals and very clean environment.,5,Manchester Central,2024-04-04 02:24:00.048415
"Loved the burgers here, will definitely come back.",4,Birmingham City Centre,2024-04-04 02:24:00.048415
Fantastic food and great service!,5,Leeds Headingley,2024-04-04 02:24:00.048415
"Amazing experience, highly recommend.",4,Bristol Clifton,2024-04-04 02:24:00.048415
"Amazing experience, highly recommend.",4,London Chelsea,2024-04-04 02:24:00.048415
Delicious meals and very clean environment.,4,Bristol Clifton,2024-04-04 02:24:00.048415
Fantastic food and great service!,5,London Canary Wharf,2024-04-04 02:24:00.048415
Delicious meals and very clean environment.,4,London Camden,2024-04-04 02:24:00.048415
"Loved the burgers here, will definitely come back.",4,Manchester Salford,2024-04-04 02:24:00.048415
"Awful place, would not recommend.",1,London Chelsea,2024-04-04 02:24:00.048415
"Food was okay, nothing special.",3,London Soho,2024-04-04 02:24:00.048415
"Amazing experience, highly recommend.",5,London Chelsea,2024-04-04 02:24:00.048415
"Great place for a quick bite, friendly staff.",4,Birmingham Edgbaston,2024-04-04 02:24:00.048415
"Food was okay, nothing special.",3,Sheffield Ecclesall Road,2024-04-04 02:24:00.048415
"Great place for a quick bite, friendly staff.",5,Birmingham Edgbaston,2024-04-04 02:24:00.048415
"Amazing experience, highly recommend.",4,Cardiff City Centre,2024-04-04 02:24:00.048415
"Mediocre food, acceptable for a quick meal.",3,Bristol Clifton,2024-04-04 02:24:00.048415
Rude staff and long waiting times.,1,Birmingham City Centre,2024-04-04 02:24:00.048415
"Amazing experience, highly recommend.",4,Edinburgh Old Town,2024-04-04 02:24:00.048415
"Amazing experience, highly recommend.",5,London Canary Wharf,2024-04-04 02:24:00.048415
"Average experience, not bad but not great.",3,Birmingham Solihull,2024-04-04 02:24:00.048415
Delicious meals and very clean environment.,5,Liverpool City Centre,2024-04-04 02:24:00.048415
"Amazing experience, highly recommend.",4,Liverpool City Centre,2024-04-04 02:24:00.048415
Fantastic food and great service!,5,London Hackney,2024-04-04 02:24:00.048415
"Mediocre food, acceptable for a quick meal.",3,London Hackney,2024-04-04 02:24:00.048415
Terrible service and cold food.,2,Birmingham Solihull,2024-04-04 02:24:00.048415
Fantastic food and great service!,4,London Canary Wharf,2024-04-04 02:24:00.048415
"Loved the burgers here, will definitely come back.",5,Liverpool City Centre,2024-04-04 02:24:00.048415
Delicious meals and very clean environment.,4,Birmingham Edgbaston,2024-04-04 02:24:00.048415
"Amazing experience, highly recommend.",4,Birmingham Solihull,2024-04-04 02:24:00.048415
"Amazing experience, highly recommend.",4,London Canary Wharf,2024-04-04 02:24:00.048415
"Great place for a quick bite, friendly staff.",4,Glasgow City Centre,2024-04-04 02:24:00.048415
"Great place for a quick bite, friendly staff.",5,Edinburgh Old Town,2024-04-04 02:24:00.048415
Delicious meals and very clean environment.,4,Cardiff Bay,2024-04-04 02:24:00.048415
"Amazing experience, highly recommend.",4,London Chelsea,2024-04-04 02:24:00.048415
"Great place for a quick bite, friendly staff.",4,London Hackney,2024-04-05 02:24:00.048415
"Great place for a quick bite, friendly staff.",5,London Camden,2024-04-05 02:24:00.048415
Fantastic food and great service!,4,London Camden,2024-04-05 02:24:00.048415
Fantastic food and great service!,4,Birmingham Edgbaston,2024-04-05 02:24:00.048415
"Mediocre food, acceptable for a quick meal.",3,London Soho,2024-04-05 02:24:00.048415
"Loved the burgers here, will definitely come back.",5,Bristol Clifton,2024-04-05 02:24:00.048415
"Average experience, not bad but not great.",3,Birmingham Edgbaston,2024-04-05 02:24:00.048415
Delicious meals and very clean environment.,4,Manchester Didsbury,2024-04-05 02:24:00.048415
"Amazing experience, highly recommend.",4,Bristol Clifton,2024-04-05 02:24:00.048415
"Amazing experience, highly recommend.",5,Birmingham Edgbaston,2024-04-05 02:24:00.048415
"Food was okay, nothing special.",3,Manchester Central,2024-04-05 02:24:00.048415
Rude staff and long waiting times.,1,Birmingham Edgbaston,2024-04-05 02:24:00.048415
Delicious meals and very clean environment.,4,London Canary Wharf,2024-04-05 02:24:00.048415
"Amazing experience, highly recommend.",4,Edinburgh Old Town,2024-04-05 02:24:00.048415
"Loved the burgers here, will definitely come back.",4,London Soho,2024-04-05 02:24:00.048415
"Food was okay, nothing special.",3,London Hackney,2024-04-05 02:24:00.048415
"Awful place, would not recommend.",1,London Canary Wharf,2024-04-05 02:24:00.048415
Delicious meals and very clean environment.,4,Manchester Salford,2024-04-05 02:24:00.048415
"Great place for a quick bite, friendly staff.",4,Glasgow West End,2024-04-05 02:24:00.048415
"Amazing experience, highly recommend.",5,London Canary Wharf,2024-04-05 02:24:00.048415
Delicious meals and very clean environment.,5,London Hackney,2024-04-05 02:24:00.048415
"Loved the burgers here, will definitely come back.",4,London Hackney,2024-04-05 02:24:00.048415
"It was alright, the service could be better.",3,London Camden,2024-04-05 02:24:00.048415
Terrible service and cold food.,1,London Soho,2024-04-05 02:24:00.048415
"Awful place, would not recommend.",1,London Camden,2024-04-05 02:24:00.048415
Fantastic food and great service!,5,Leeds Headingley,2024-04-05 02:24:00.048415
"It was alright, the service could be better.",3,Sheffield Ecclesall Road,2024-04-05 02:24:00.048415
"Great place for a quick bite, friendly staff.",5,London Soho,2024-04-05 02:24:00.048415
"Amazing experience, highly recommend.",4,Leeds Headingley,2024-04-05 02:24:00.048415
"Great place for a quick bite, friendly staff.",4,Leeds Headingley,2024-04-05 02:24:00.048415
"Amazing experience, highly recommend.",5,Birmingham Edgbaston,2024-04-05 02:24:00.048415
Terrible service and cold food.,1,Birmingham Edgbaston,2024-04-05 02:24:00.048415
"Amazing experience, highly recommend.",5,Birmingham City Centre,2024-04-05 02:24:00.048415
Rude staff and long waiting times.,1,Cardiff Bay,2024-04-05 02:24:00.048415
Fantastic food and great service!,5,Cardiff City Centre,2024-04-05 02:24:00.048415
"Loved the burgers here, will definitely come back.",4,Cardiff Bay,2024-04-05 02:24:00.048415
"Mediocre food, acceptable for a quick meal.",3,London Soho,2024-04-05 02:24:00.048415
"Great place for a quick bite, friendly staff.",5,Sheffield Ecclesall Road,2024-04-05 02:24:00.048415
"Loved the burgers here, will definitely come back.",5,Leeds City Centre,2024-04-06 02:24:00.048415
"Food was okay, nothing special.",3,London Hackney,2024-04-06 02:24:00.048415
Delicious meals and very clean environment.,4,London Soho,2024-04-06 02:24:00.048415
"Great place for a quick bite, friendly staff.",4,London Soho,2024-04-06 02:24:00.048415
"Decent place, but I've had better.",3,London Canary Wharf,2024-04-06 02:24:00.048415
Fantastic food and great service!,4,London Camden,2024-04-06 02:24:00.048415
"Food was okay, nothing special.",3,Edinburgh Old Town,2024-04-06 02:24:00.048415
"Amazing experience, highly recommend.",4,London Chelsea,2024-04-06 02:24:00.048415
"Great place for a quick bite, friendly staff.",5,London Hackney,2024-04-06 02:24:00.048415
Delicious meals and very clean environment.,4,Birmingham Edgbaston,2024-04-06 02:24:00.048415
"Great place for a quick bite, friendly staff.",5,Cardiff City Centre,2024-04-06 02:24:00.048415
Fantastic food and great service!,4,Edinburgh New Town,2024-04-06 02:24:00.048415
Fantastic food and great service!,4,London Canary Wharf,2024-04-06 02:24:00.048415
"Loved the burgers here, will definitely come back.",4,London Soho,2024-04-06 02:24:00.048415
Delicious meals and very clean environment.,5,London Chelsea,2024-04-06 02:24:00.048415
Fantastic food and great service!,4,Manchester Salford,2024-04-06 02:24:00.048415
"Awful place, would not recommend.",2,Birmingham Edgbaston,2024-04-06 02:24:00.048415
"Amazing experience, highly recommend.",5,Glasgow West End,2024-04-06 02:24:00.048415
"Decent place, but I've had better.",3,Manchester Central,2024-04-06 02:24:00.048415
Delicious meals and very clean environment.,5,Sheffield City Centre,2024-04-06 02:24:00.048415
"Great place for a quick bite, friendly staff.",4,Manchester Salford,2024-04-06 02:24:00.048415
Rude staff and long waiting times.,2,Manchester Didsbury,2024-04-06 02:24:00.048415
"Loved the burgers here, will definitely come back.",4,Birmingham Edgbaston,2024-04-06 02:24:00.048415
"Amazing experience, highly recommend.",4,London Canary Wharf,2024-04-06 02:24:00.048415
Delicious meals and very clean environment.,5,London Camden,2024-04-06 02:24:00.048415
Fantastic food and great service!,5,Glasgow West End,2024-04-06 02:24:00.048415
Delicious meals and very clean environment.,5,London Hackney,2024-04-06 02:24:00.048415
"Amazing experience, highly recommend.",4,Birmingham Solihull,2024-04-06 02:24:00.048415
"Very disappointing experience, will not return.",1,Glasgow City Centre,2024-04-06 02:24:00.048415
"Great place for a quick bite, friendly staff.",5,Birmingham Solihull,2024-04-06 02:24:00.048415
"Average experience, not bad but not great.",3,Manchester Didsbury,2024-04-06 02:24:00.048415
Delicious meals and very clean environment.,5,London Hackney,2024-04-06 02:24:00.048415
"Great place for a quick bite, friendly staff.",5,Glasgow West End,2024-04-06 02:24:00.048415
"Amazing experience, highly recommend.",5,Bristol City Centre,2024-04-06 02:24:00.048415
Fantastic food and great service!,4,London Chelsea,2024-04-06 02:24:00.048415
"Amazing experience, highly recommend.",4,Manchester Salford,2024-04-06 02:24:00.048415
"Awful place, would not recommend.",2,Cardiff Bay,2024-04-06 02:24:00.048415
Delicious meals and very clean environment.,5,Edinburgh New Town,2024-04-06 02:24:00.048415
"It was alright, the service could be better.",3,London Chelsea,2024-04-06 02:24:00.048415
Delicious meals and very clean environment.,4,Bristol Clifton,2024-04-06 02:24:00.048415
Delicious meals and very clean environment.,5,London Canary Wharf,2024-04-06 02:24:00.048415
"Amazing experience, highly recommend.",5,Edinburgh Old Town,2024-04-06 02:24:00.048415
"It was alright, the service could be better.",3,Cardiff Bay,2024-04-06 02:24:00.048415
"It was alright, the service could be better.",3,London Camden,2024-04-06 02:24:00.048415
"Amazing experience, highly recommend.",4,London Chelsea,2024-04-06 02:24:00.048415
"It was alright, the service could be better.",3,London Soho,2024-04-06 02:24:00.048415
"Amazing experience, highly recommend.",4,Manchester Didsbury,2024-04-06 02:24:00.048415
"Great place for a quick bite, friendly staff.",5,Manchester Salford,2024-04-06 02:24:00.048415
"Amazing experience, highly recommend.",5,Liverpool Anfield,2024-04-06 02:24:00.048415
"Awful place, would not recommend.",2,Birmingham Solihull,2024-04-06 02:24:00.048415
"Mediocre food, acceptable for a quick meal.",3,Manchester Salford,2024-04-06 02:24:00.048415
"Great place for a quick bite, friendly staff.",5,Manchester Salford,2024-04-06 02:24:00.048415
Rude staff and long waiting times.,2,Leeds Headingley,2024-04-07 02:24:00.048415
Terrible service and cold food.,2,London Canary Wharf,2024-04-07 02:24:00.048415
"Loved the burgers here, will definitely come back.",4,Cardiff City Centre,2024-04-07 02:24:00.048415
"Great place for a quick bite, friendly staff.",5,Glasgow West End,2024-04-07 02:24:00.048415
"Loved the burgers here, will definitely come back.",4,Glasgow West End,2024-04-07 02:24:00.048415
"Amazing experience, highly recommend.",4,London Chelsea,2024-04-07 02:24:00.048415
Delicious meals and very clean environment.,4,Leeds Headingley,2024-04-07 02:24:00.048415
"Amazing experience, highly recommend.",4,Birmingham Edgbaston,2024-04-07 02:24:00.048415
"Amazing experience, highly recommend.",5,London Chelsea,2024-04-07 02:24:00.048415
"It was alright, the service could be better.",3,London Hackney,2024-04-07 02:24:00.048415
"Great place for a quick bite, friendly staff.",5,London Chelsea,2024-04-07 02:24:00.048415
"Loved the burgers here, will definitely come back.",4,London Chelsea,2024-04-07 02:24:00.048415
"Great place for a quick bite, friendly staff.",5,Manchester Salford,2024-04-07 02:24:00.048415
"Amazing experience, highly recommend.",5,London Soho,2024-04-07 02:24:00.048415
Terrible service and cold food.,1,London Canary Wharf,2024-04-07 02:24:00.048415
"Loved the burgers here, will definitely come back.",5,Manchester Central,2024-04-07 02:24:00.048415
"Loved the burgers here, will definitely come back.",5,Edinburgh New Town,2024-04-07 02:24:00.048415
"Food was okay, nothing special.",3,Manchester Salford,2024-04-07 02:24:00.048415
"Amazing experience, highly recommend.",5,Cardiff City Centre,2024-04-07 02:24:00.048415
"Amazing experience, highly recommend.",4,Birmingham Solihull,2024-04-07 02:24:00.048415
"Mediocre food, acceptable for a quick meal.",3,Birmingham City Centre,2024-04-07 02:24:00.048415
"Loved the burgers here, will definitely come back.",5,London Soho,2024-04-07 02:24:00.048415
"Amazing experience, highly recommend.",4,London Soho,2024-04-07 02:24:00.048415
Delicious meals and very clean environment.,5,London Soho,2024-04-07 02:24:00.048415
Fantastic food and great service!,5,Bristol Clifton,2024-04-07 02:24:00.048415
"It was alright, the service could be better.",3,Leeds City Centre,2024-04-07 02:24:00.048415
Delicious meals and very clean environment.,4,London Canary Wharf,2024-04-07 02:24:00.048415
"Great place for a quick bite, friendly staff.",4,London Canary Wharf,2024-04-07 02:24:00.048415
"Food was okay, nothing special.",3,Cardiff Bay,2024-04-07 02:24:00.048415
"Mediocre food, acceptable for a quick meal.",3,Manchester Salford,2024-04-07 02:24:00.048415
"Amazing experience, highly recommend.",5,Leeds Headingley,2024-04-07 02:24:00.048415
"Amazing experience, highly recommend.",5,Manchester Didsbury,2024-04-07 02:24:00.048415
Delicious meals and very clean environment.,4,Manchester Salford,2024-04-07 02:24:00.048415
Delicious meals and very clean environment.,5,London Camden,2024-04-07 02:24:00.048415
Terrible service and cold food.,1,Manchester Salford,2024-04-07 02:24:00.048415
Fantastic food and great service!,5,Sheffield City Centre,2024-04-07 02:24:00.048415
"Loved the burgers here, will definitely come back.",5,Edinburgh Old Town,2024-04-07 02:24:00.048415
"Awful place, would not recommend.",1,Manchester Central,2024-04-07 02:24:00.048415
"Average experience, not bad but not great.",3,Manchester Didsbury,2024-04-07 02:24:00.048415
"Amazing experience, highly recommend.",5,London Hackney,2024-04-07 02:24:00.048415
"Decent place, but I've had better.",3,London Hackney,2024-04-07 02:24:00.048415
Fantastic food and great service!,5,Liverpool City Centre,2024-04-07 02:24:00.048415
Delicious meals and very clean environment.,5,Manchester Didsbury,2024-04-07 02:24:00.048415
"Awful place, would not recommend.",1,London Soho,2024-04-07 02:24:00.048415
"Decent place, but I've had better.",3,London Soho,2024-04-07 02:24:00.048415
"Loved the burgers here, will definitely come back.",5,London Canary Wharf,2024-04-07 02:24:00.048415
"Amazing experience, highly recommend.",4,London Canary Wharf,2024-04-07 02:24:00.048415
"Amazing experience, highly recommend.",5,London Hackney,2024-04-07 02:24:00.048415
"Amazing experience, highly recommend.",4,Birmingham Edgbaston,2024-04-07 02:24:00.048415
Fantastic food and great service!,4,Manchester Salford,2024-04-07 02:24:00.048415
"Amazing experience, highly recommend.",5,London Soho,2024-04-07 02:24:00.048415
"Great place for a quick bite, friendly staff.",5,London Camden,2024-04-08 02:24:00.048415
Terrible service and cold food.,2,Manchester Central,2024-04-08 02:24:00.048415
"Great place for a quick bite, friendly staff.",4,Bristol City Centre,2024-04-08 02:24:00.048415
Fantastic food and great service!,4,Birmingham Solihull,2024-04-08 02:24:00.048415
"Great place for a quick bite, friendly staff.",5,Edinburgh Old Town,2024-04-08 02:24:00.048415
"Amazing experience, highly recommend.",4,Leeds Headingley,2024-04-08 02:24:00.048415
"Amazing experience, highly recommend.",4,Bristol City Centre,2024-04-08 02:24:00.048415
"Great place for a quick bite, friendly staff.",5,Sheffield Ecclesall Road,2024-04-08 02:24:00.048415
"Great place for a quick bite, friendly staff.",4,Birmingham City Centre,2024-04-08 02:24:00.048415
"Average experience, not bad but not great.",3,Manchester Central,2024-04-08 02:24:00.048415
Delicious meals and very clean environment.,4,Bristol Clifton,2024-04-08 02:24:00.048415
"Awful place, would not recommend.",1,Sheffield Ecclesall Road,2024-04-08 02:24:00.048415
Fantastic food and great service!,5,London Camden,2024-04-08 02:24:00.048415
Delicious meals and very clean environment.,5,London Camden,2024-04-08 02:24:00.048415
"Great place for a quick bite, friendly staff.",4,London Canary Wharf,2024-04-08 02:24:00.048415
Fantastic food and great service!,4,London Soho,2024-04-08 02:24:00.048415
"Amazing experience, highly recommend.",5,London Soho,2024-04-08 02:24:00.048415
Delicious meals and very clean environment.,4,London Soho,2024-04-08 02:24:00.048415
"Great place for a quick bite, friendly staff.",5,Manchester Didsbury,2024-04-08 02:24:00.048415
Fantastic food and great service!,4,London Soho,2024-04-08 02:24:00.048415
"Very disappointing experience, will not return.",1,London Chelsea,2024-04-08 02:24:00.048415
"Decent place, but I've had better.",3,Birmingham Edgbaston,2024-04-08 02:24:00.048415
Fantastic food and great service!,4,Liverpool City Centre,2024-04-08 02:24:00.048415
"Food was okay, nothing special.",3,Leeds Headingley,2024-04-08 02:24:00.048415
"Loved the burgers here, will definitely come back.",4,Birmingham Edgbaston,2024-04-08 02:24:00.048415
Fantastic food and great service!,4,London Chelsea,2024-04-08 02:24:00.048415
"Amazing experience, highly recommend.",4,London Canary Wharf,2024-04-08 02:24:00.048415
"Great place for a quick bite, friendly staff.",5,Birmingham Edgbaston,2024-04-08 02:24:00.048415
Delicious meals and very clean environment.,5,London Hackney,2024-04-08 02:24:00.048415
Fantastic food and great service!,4,London Camden,2024-04-08 02:24:00.048415
"Decent place, but I've had better.",3,Manchester Didsbury,2024-04-08 02:24:00.048415
"Poor quality food, waste of money.",2,Sheffield City Centre,2024-04-08 02:24:00.048415
Fantastic food and great service!,4,Birmingham City Centre,2024-04-08 02:24:00.048415
Fantastic food and great service!,4,London Canary Wharf,2024-04-08 02:24:00.048415
Terrible service and cold food.,1,Manchester Salford,2024-04-08 02:24:00.048415
"Amazing experience, highly recommend.",5,Birmingham Edgbaston,2024-04-08 02:24:00.048415
"Loved the burgers here, will definitely come back.",4,London Soho,2024-04-08 02:24:00.048415
"Very disappointing experience, will not return.",1,London Canary Wharf,2024-04-08 02:24:00.048415
"Great place for a quick bite, friendly staff.",5,Bristol Clifton,2024-04-08 02:24:00.048415
Rude staff and long waiting times.,2,London Chelsea,2024-04-08 02:24:00.048415
"Amazing experience, highly recommend.",5,Birmingham Solihull,2024-04-08 02:24:00.048415
"Great place for a quick bite, friendly staff.",4,Cardiff Bay,2024-04-08 02:24:00.048415
"Poor quality food, waste of money.",1,London Canary Wharf,2024-04-08 02:24:00.048415
"Poor quality food, waste of money.",1,Bristol City Centre,2024-04-08 02:24:00.048415
Delicious meals and very clean environment.,4,Birmingham Solihull,2024-04-08 02:24:00.048415
"Poor quality food, waste of money.",1,Cardiff Bay,2024-04-08 02:24:00.048415
"Amazing experience, highly recommend.",5,Sheffield Ecclesall Road,2024-04-08 02:24:00.048415
Rude staff and long waiting times.,1,Birmingham City Centre,2024-04-08 02:24:00.048415
"Mediocre food, acceptable for a quick meal.",3,Glasgow West End,2024-04-08 02:24:00.048415
Terrible service and cold food.,2,London Chelsea,2024-04-08 02:24:00.048415
Terrible service and cold food.,2,Bristol Clifton,2024-04-08 02:24:00.048415
"Very disappointing experience, will not return.",2,Glasgow City Centre,2024-04-08 02:24:00.048415
"Great place for a quick bite, friendly staff.",4,Sheffield City Centre,2024-04-09 02:24:00.048415
Rude staff and long waiting times.,2,London Canary Wharf,2024-04-09 02:24:00.048415
Fantastic food and great service!,4,Liverpool City Centre,2024-04-09 02:24:00.048415
Terrible service and cold food.,1,London Hackney,2024-04-09 02:24:00.048415
"Loved the burgers here, will definitely come back.",5,London Soho,2024-04-09 02:24:00.048415
Delicious meals and very clean environment.,5,Birmingham Edgbaston,2024-04-09 02:24:00.048415
Delicious meals and very clean environment.,5,London Chelsea,2024-04-09 02:24:00.048415
"Loved the burgers here, will definitely come back.",5,London Camden,2024-04-09 02:24:00.048415
"Amazing experience, highly recommend.",4,London Chelsea,2024-04-09 02:24:00.048415
"Great place for a quick bite, friendly staff.",4,London Soho,2024-04-09 02:24:00.048415
"It was alright, the service could be better.",3,London Canary Wharf,2024-04-09 02:24:00.048415
Delicious meals and very clean environment.,4,London Chelsea,2024-04-09 02:24:00.048415
"Loved the burgers here, will definitely come back.",5,Bristol City Centre,2024-04-09 02:24:00.048415
"Loved the burgers here, will definitely come back.",5,London Canary Wharf,2024-04-09 02:24:00.048415
"It was alright, the service could be better.",3,Manchester Central,2024-04-09 02:24:00.048415
Terrible service and cold food.,2,London Chelsea,2024-04-09 02:24:00.048415
"Food was okay, nothing special.",3,Birmingham City Centre,2024-04-09 02:24:00.048415
"Amazing experience, highly recommend.",4,Manchester Didsbury,2024-04-09 02:24:00.048415
"Great place for a quick bite, friendly staff.",5,London Chelsea,2024-04-09 02:24:00.048415
"Loved the burgers here, will definitely come back.",5,London Chelsea,2024-04-09 02:24:00.048415
Fantastic food and great service!,5,Leeds City Centre,2024-04-09 02:24:00.048415
"Loved the burgers here, will definitely come back.",5,London Hackney,2024-04-09 02:24:00.048415
"Amazing experience, highly recommend.",5,Edinburgh New Town,2024-04-09 02:24:00.048415
"Loved the burgers here, will definitely come back.",4,London Hackney,2024-04-09 02:24:00.048415
"Amazing experience, highly recommend.",5,Manchester Didsbury,2024-04-09 02:24:00.048415
Fantastic food and great service!,4,London Soho,2024-04-09 02:24:00.048415
"Loved the burgers here, will definitely come back.",5,London Soho,2024-04-09 02:24:00.048415
"Loved the burgers here, will definitely come back.",4,London Soho,2024-04-09 02:24:00.048415
"Amazing experience, highly recommend.",4,London Hackney,2024-04-09 02:24:00.048415
"Decent place, but I've had better.",3,Manchester Salford,2024-04-09 02:24:00.048415
Fantastic food and great service!,4,Cardiff City Centre,2024-04-09 02:24:00.048415
"Great place for a quick bite, friendly staff.",5,Manchester Central,2024-04-09 02:24:00.048415
"Amazing experience, highly recommend.",5,Cardiff City Centre,2024-04-09 02:24:00.048415
"Loved the burgers here, will definitely come back.",4,London Canary Wharf,2024-04-09 02:24:00.048415
"Loved the burgers here, will definitely come back.",4,London Camden,2024-04-09 02:24:00.048415
"Average experience, not bad but not great.",3,Birmingham Edgbaston,2024-04-09 02:24:00.048415
"Great place for a quick bite, friendly staff.",5,London Hackney,2024-04-09 02:24:00.048415
"Loved the burgers here, will definitely come back.",5,London Camden,2024-04-09 02:24:00.048415
"Amazing experience, highly recommend.",5,Birmingham Edgbaston,2024-04-09 02:24:00.048415
Fantastic food and great service!,5,London Hackney,2024-04-09 02:24:00.048415
"Amazing experience, highly recommend.",4,Manchester Salford,2024-04-09 02:24:00.048415
"Poor quality food, waste of money.",2,Leeds City Centre,2024-04-09 02:24:00.048415
"Loved the burgers here, will definitely come back.",4,Sheffield City Centre,2024-04-09 02:24:00.048415
"Loved the burgers here, will definitely come back.",5,Edinburgh New Town,2024-04-09 02:24:00.048415
"Great place for a quick bite, friendly staff.",4,Cardiff Bay,2024-04-09 02:24:00.048415
Delicious meals and very clean environment.,5,Bristol Clifton,2024-04-09 02:24:00.048415
"Loved the burgers here, will definitely come back.",5,London Hackney,2024-04-09 02:24:00.048415
"Poor quality food, waste of money.",1,Sheffield Ecclesall Road,2024-04-09 02:24:00.048415
"Mediocre food, acceptable for a quick meal.",3,Birmingham Solihull,2024-04-09 02:24:00.048415
Fantastic food and great service!,5,Manchester Central,2024-04-09 02:24:00.048415
"Loved the burgers here, will definitely come back.",4,Birmingham Edgbaston,2024-04-09 02:24:00.048415
"Loved the burgers here, will definitely come back.",5,London Camden,2024-04-09 02:24:00.048415
Fantastic food and great service!,5,London Camden,2024-04-09 02:24:00.048415
Rude staff and long waiting times.,1,London Chelsea,2024-04-09 02:24:00.048415
"Loved the burgers here, will definitely come back.",4,Edinburgh Old Town,2024-04-09 02:24:00.048415
"Average experience, not bad but not great.",3,Manchester Central,2024-04-09 02:24:00.048415
Delicious meals and very clean environment.,4,Sheffield City Centre,2024-04-10 02:24:00.048415
"Mediocre food, acceptable for a quick meal.",3,London Soho,2024-04-10 02:24:00.048415
"Loved the burgers here, will definitely come back.",4,Birmingham Solihull,2024-04-10 02:24:00.048415
"Amazing experience, highly recommend.",5,Edinburgh New Town,2024-04-10 02:24:00.048415
"Very disappointing experience, will not return.",2,Birmingham Solihull,2024-04-10 02:24:00.048415
"Poor quality food, waste of money.",2,Birmingham City Centre,2024-04-10 02:24:00.048415
"Loved the burgers here, will definitely come back.",4,Birmingham Edgbaston,2024-04-10 02:24:00.048415
Rude staff and long waiting times.,2,London Camden,2024-04-10 02:24:00.048415
"Great place for a quick bite, friendly staff.",5,London Soho,2024-04-10 02:24:00.048415
Delicious meals and very clean environment.,4,Birmingham Solihull,2024-04-10 02:24:00.048415
"Amazing experience, highly recommend.",4,Birmingham Solihull,2024-04-10 02:24:00.048415
"Awful place, would not recommend.",2,Birmingham Solihull,2024-04-10 02:24:00.048415
Fantastic food and great service!,5,Manchester Salford,2024-04-10 02:24:00.048415
"Very disappointing experience, will not return.",1,Birmingham City Centre,2024-04-10 02:24:00.048415
"Average experience, not bad but not great.",3,Glasgow West End,2024-04-10 02:24:00.048415
Delicious meals and very clean environment.,4,Bristol Clifton,2024-04-10 02:24:00.048415
Fantastic food and great service!,4,Manchester Central,2024-04-10 02:24:00.048415
Fantastic food and great service!,4,Edinburgh Old Town,2024-04-10 02:24:00.048415
Delicious meals and very clean environment.,5,London Chelsea,2024-04-10 02:24:00.048415
"Amazing experience, highly recommend.",4,London Chelsea,2024-04-10 02:24:00.048415
Terrible service and cold food.,1,Sheffield Ecclesall Road,2024-04-10 02:24:00.048415
"Amazing experience, highly recommend.",5,London Hackney,2024-04-10 02:24:00.048415
Delicious meals and very clean environment.,4,Manchester Central,2024-04-10 02:24:00.048415
"Amazing experience, highly recommend.",4,London Chelsea,2024-04-10 02:24:00.048415
Fantastic food and great service!,5,Cardiff Bay,2024-04-10 02:24:00.048415
"Loved the burgers here, will definitely come back.",4,London Chelsea,2024-04-10 02:24:00.048415
Delicious meals and very clean environment.,4,Manchester Didsbury,2024-04-10 02:24:00.048415
Fantastic food and great service!,5,Manchester Central,2024-04-10 02:24:00.048415
"Amazing experience, highly recommend.",5,Leeds Headingley,2024-04-10 02:24:00.048415
Fantastic food and great service!,4,Birmingham Edgbaston,2024-04-10 02:24:00.048415
"Amazing experience, highly recommend.",5,Bristol City Centre,2024-04-10 02:24:00.048415
"Great place for a quick bite, friendly staff.",5,London Canary Wharf,2024-04-10 02:24:00.048415
Fantastic food and great service!,5,London Soho,2024-04-10 02:24:00.048415
Fantastic food and great service!,4,Manchester Central,2024-04-10 02:24:00.048415
Delicious meals and very clean environment.,4,Birmingham City Centre,2024-04-10 02:24:00.048415
"Mediocre food, acceptable for a quick meal.",3,London Soho,2024-04-10 02:24:00.048415
"Amazing experience, highly recommend.",5,Cardiff Bay,2024-04-10 02:24:00.048415
"Poor quality food, waste of money.",1,Birmingham City Centre,2024-04-10 02:24:00.048415
"Amazing experience, highly recommend.",5,London Canary Wharf,2024-04-10 02:24:00.048415
"Average experience, not bad but not great.",3,Manchester Didsbury,2024-04-10 02:24:00.048415
Fantastic food and great service!,5,Sheffield City Centre,2024-04-10 02:24:00.048415
"Awful place, would not recommend.",2,Leeds Headingley,2024-04-10 02:24:00.048415
"Poor quality food, waste of money.",2,Manchester Central,2024-04-10 02:24:00.048415
Fantastic food and great service!,4,London Chelsea,2024-04-10 02:24:00.048415
Delicious meals and very clean environment.,5,London Chelsea,2024-04-10 02:24:00.048415
Fantastic food and great service!,5,Bristol Clifton,2024-04-10 02:24:00.048415
"Amazing experience, highly recommend.",5,Birmingham Solihull,2024-04-11 02:24:00.048415
"Amazing experience, highly recommend.",5,Birmingham Solihull,2024-04-11 02:24:00.048415
Delicious meals and very clean environment.,5,Manchester Central,2024-04-11 02:24:00.048415
Fantastic food and great service!,4,Edinburgh New Town,2024-04-11 02:24:00.048415
"Amazing experience, highly recommend.",4,London Soho,2024-04-11 02:24:00.048415
"Food was okay, nothing special.",3,London Camden,2024-04-11 02:24:00.048415
Rude staff and long waiting times.,1,London Camden,2024-04-11 02:24:00.048415
Rude staff and long waiting times.,2,London Hackney,2024-04-11 02:24:00.048415
Fantastic food and great service!,5,Liverpool Anfield,2024-04-11 02:24:00.048415
Fantastic food and great service!,5,Birmingham Edgbaston,2024-04-11 02:24:00.048415
Fantastic food and great service!,5,Birmingham City Centre,2024-04-11 02:24:00.048415
"Loved the burgers here, will definitely come back.",4,Birmingham Solihull,2024-04-11 02:24:00.048415
Delicious meals and very clean environment.,5,Manchester Salford,2024-04-11 02:24:00.048415
"Mediocre food, acceptable for a quick meal.",3,London Chelsea,2024-04-11 02:24:00.048415
"Loved the burgers here, will definitely come back.",5,Birmingham Solihull,2024-04-11 02:24:00.048415
"Amazing experience, highly recommend.",4,Liverpool City Centre,2024-04-11 02:24:00.048415
"Great place for a quick bite, friendly staff.",5,Birmingham Solihull,2024-04-11 02:24:00.048415
Fantastic food and great service!,5,Sheffield City Centre,2024-04-11 02:24:00.048415
Delicious meals and very clean environment.,5,Birmingham Edgbaston,2024-04-11 02:24:00.048415
"Awful place, would not recommend.",2,London Hackney,2024-04-11 02:24:00.048415
"Great place for a quick bite, friendly staff.",4,Bristol Clifton,2024-04-11 02:24:00.048415
"It was alright, the service could be better.",3,Bristol City Centre,2024-04-11 02:24:00.048415
Delicious meals and very clean environment.,4,London Chelsea,2024-04-11 02:24:00.048415
"Great place for a quick bite, friendly staff.",5,Glasgow City Centre,2024-04-11 02:24:00.048415
"Awful place, would not recommend.",1,Manchester Salford,2024-04-11 02:24:00.048415
"Loved the burgers here, will definitely come back.",4,London Chelsea,2024-04-11 02:24:00.048415
Fantastic food and great service!,5,London Hackney,2024-04-11 02:24:00.048415
"Loved the burgers here, will definitely come back.",5,Manchester Central,2024-04-11 02:24:00.048415
"Loved the burgers here, will definitely come back.",4,Birmingham Edgbaston,2024-04-11 02:24:00.048415
Delicious meals and very clean environment.,4,Leeds City Centre,2024-04-11 02:24:00.048415
Delicious meals and very clean environment.,5,Birmingham Edgbaston,2024-04-11 02:24:00.048415
"Loved the burgers here, will definitely come back.",5,Edinburgh Old Town,2024-04-11 02:24:00.048415
"Poor quality food, waste of money.",2,London Chelsea,2024-04-11 02:24:00.048415
"Average experience, not bad but not great.",3,Liverpool Anfield,2024-04-11 02:24:00.048415
Terrible service and cold food.,2,Sheffield Ecclesall Road,2024-04-11 02:24:00.048415
"Poor quality food, waste of money.",1,Birmingham Edgbaston,2024-04-11 02:24:00.048415
"Loved the burgers here, will definitely come back.",4,London Canary Wharf,2024-04-11 02:24:00.048415
"Amazing experience, highly recommend.",5,London Soho,2024-04-11 02:24:00.048415
"Loved the burgers here, will definitely come back.",4,London Chelsea,2024-04-11 02:24:00.048415
Terrible service and cold food.,1,Cardiff City Centre,2024-04-11 02:24:00.048415
Rude staff and long waiting times.,1,Leeds Headingley,2024-04-11 02:24:00.048415
"Food was okay, nothing special.",3,London Hackney,2024-04-11 02:24:00.048415
"Average experience, not bad but not great.",3,London Soho,2024-04-11 02:24:00.048415
"Average experience, not bad but not great.",3,Glasgow West End,2024-04-11 02:24:00.048415
Delicious meals and very clean environment.,5,London Soho,2024-04-11 02:24:00.048415
"Very disappointing experience, will not return.",2,London Chelsea,2024-04-11 02:24:00.048415
Delicious meals and very clean environment.,5,London Camden,2024-04-11 02:24:00.048415
Delicious meals and very clean environment.,5,Manchester Salford,2024-04-11 02:24:00.048415
"Very disappointing experience, will not return.",2,Glasgow West End,2024-04-11 02:24:00.048415
"Loved the burgers here, will definitely come back.",5,Leeds Headingley,2024-04-11 02:24:00.048415
"Very disappointing experience, will not return.",2,Sheffield City Centre,2024-04-12 02:24:00.048415
"Loved the burgers here, will definitely come back.",4,Leeds City Centre,2024-04-12 02:24:00.048415
Fantastic food and great service!,4,Birmingham City Centre,2024-04-12 02:24:00.048415
Fantastic food and great service!,4,Manchester Central,2024-04-12 02:24:00.048415
"Great place for a quick bite, friendly staff.",4,Edinburgh Old Town,2024-04-12 02:24:00.048415
"Amazing experience, highly recommend.",4,Manchester Salford,2024-04-12 02:24:00.048415
"Amazing experience, highly recommend.",4,London Chelsea,2024-04-12 02:24:00.048415
"Great place for a quick bite, friendly staff.",4,Birmingham City Centre,2024-04-12 02:24:00.048415
Terrible service and cold food.,1,Sheffield Ecclesall Road,2024-04-12 02:24:00.048415
"Great place for a quick bite, friendly staff.",5,Sheffield City Centre,2024-04-12 02:24:00.048415
Rude staff and long waiting times.,2,Glasgow City Centre,2024-04-12 02:24:00.048415
Delicious meals and very clean environment.,5,Birmingham City Centre,2024-04-12 02:24:00.048415
"Loved the burgers here, will definitely come back.",5,London Soho,2024-04-12 02:24:00.048415
Fantastic food and great service!,4,Cardiff City Centre,2024-04-12 02:24:00.048415
"Loved the burgers here, will definitely come back.",5,Birmingham Edgbaston,2024-04-12 02:24:00.048415
Delicious meals and very clean environment.,4,Cardiff Bay,2024-04-12 02:24:00.048415
"Very disappointing experience, will not return.",2,Bristol Clifton,2024-04-12 02:24:00.048415
"Food was okay, nothing special.",3,London Hackney,2024-04-12 02:24:00.048415
"Loved the burgers here, will definitely come back.",4,London Camden,2024-04-12 02:24:00.048415
"Loved the burgers here, will definitely come back.",4,London Camden,2024-04-12 02:24:00.048415
"Amazing experience, highly recommend.",5,Birmingham City Centre,2024-04-12 02:24:00.048415
Fantastic food and great service!,4,Manchester Central,2024-04-12 02:24:00.048415
"Great place for a quick bite, friendly staff.",5,Manchester Central,2024-04-12 02:24:00.048415
Fantastic food and great service!,5,Birmingham City Centre,2024-04-12 02:24:00.048415
"Amazing experience, highly recommend.",4,Sheffield City Centre,2024-04-12 02:24:00.048415
"Great place for a quick bite, friendly staff.",5,London Canary Wharf,2024-04-12 02:24:00.048415
"Amazing experience, highly recommend.",5,Sheffield Ecclesall Road,2024-04-12 02:24:00.048415
"Great place for a quick bite, friendly staff.",5,Liverpool City Centre,2024-04-12 02:24:00.048415
"Awful place, would not recommend.",1,Manchester Central,2024-04-12 02:24:00.048415
Delicious meals and very clean environment.,5,Manchester Central,2024-04-12 02:24:00.048415
"Amazing experience, highly recommend.",4,Birmingham Solihull,2024-04-12 02:24:00.048415
"Great place for a quick bite, friendly staff.",4,Liverpool Anfield,2024-04-12 02:24:00.048415
"Very disappointing experience, will not return.",1,Liverpool City Centre,2024-04-12 02:24:00.048415
"Mediocre food, acceptable for a quick meal.",3,Leeds City Centre,2024-04-12 02:24:00.048415
"Amazing experience, highly recommend.",4,London Soho,2024-04-12 02:24:00.048415
"Poor quality food, waste of money.",2,London Canary Wharf,2024-04-12 02:24:00.048415
Rude staff and long waiting times.,2,Birmingham Solihull,2024-04-12 02:24:00.048415
"Great place for a quick bite, friendly staff.",4,Sheffield City Centre,2024-04-12 02:24:00.048415
Fantastic food and great service!,5,London Chelsea,2024-04-12 02:24:00.048415
Rude staff and long waiting times.,1,Birmingham Edgbaston,2024-04-12 02:24:00.048415
Fantastic food and great service!,4,Sheffield Ecclesall Road,2024-04-12 02:24:00.048415
"Great place for a quick bite, friendly staff.",5,Leeds Headingley,2024-04-12 02:24:00.048415
Fantastic food and great service!,5,Birmingham Edgbaston,2024-04-12 02:24:00.048415
"Amazing experience, highly recommend.",4,London Canary Wharf,2024-04-12 02:24:00.048415
"Great place for a quick bite, friendly staff.",4,London Canary Wharf,2024-04-12 02:24:00.048415
Fantastic food and great service!,5,London Hackney,2024-04-12 02:24:00.048415
"Great place for a quick bite, friendly staff.",5,Bristol City Centre,2024-04-12 02:24:00.048415
"Great place for a quick bite, friendly staff.",5,London Camden,2024-04-12 02:24:00.048415
"Poor quality food, waste of money.",1,Edinburgh New Town,2024-04-12 02:24:00.048415
"Loved the burgers here, will definitely come back.",4,London Canary Wharf,2024-04-12 02:24:00.048415
Fantastic food and great service!,4,Edinburgh New Town,2024-04-12 02:24:00.048415
"Awful place, would not recommend.",1,Sheffield City Centre,2024-04-12 02:24:00.048415
"Poor quality food, waste of money.",1,Manchester Salford,2024-04-13 02:24:00.048415
"Food was okay, nothing special.",3,Birmingham Edgbaston,2024-04-13 02:24:00.048415
Terrible service and cold food.,2,Birmingham Edgbaston,2024-04-13 02:24:00.048415
"Poor quality food, waste of money.",1,Cardiff City Centre,2024-04-13 02:24:00.048415
"Loved the burgers here, will definitely come back.",5,London Soho,2024-04-13 02:24:00.048415
"Loved the burgers here, will definitely come back.",5,Glasgow City Centre,2024-04-13 02:24:00.048415
"Very disappointing experience, will not return.",2,London Canary Wharf,2024-04-13 02:24:00.048415
Fantastic food and great service!,5,Edinburgh Old Town,2024-04-13 02:24:00.048415
Terrible service and cold food.,2,London Chelsea,2024-04-13 02:24:00.048415
Fantastic food and great service!,4,Manchester Central,2024-04-13 02:24:00.048415
"Loved the burgers here, will definitely come back.",5,Bristol Clifton,2024-04-13 02:24:00.048415
"Average experience, not bad but not great.",3,London Chelsea,2024-04-13 02:24:00.048415
"Great place for a quick bite, friendly staff.",4,Bristol Clifton,2024-04-13 02:24:00.048415
"Amazing experience, highly recommend.",5,London Chelsea,2024-04-13 02:24:00.048415
"Poor quality food, waste of money.",1,Bristol City Centre,2024-04-13 02:24:00.048415
Fantastic food and great service!,5,Birmingham Edgbaston,2024-04-13 02:24:00.048415
"Very disappointing experience, will not return.",1,Cardiff City Centre,2024-04-13 02:24:00.048415
Terrible service and cold food.,1,Manchester Central,2024-04-13 02:24:00.048415
Delicious meals and very clean environment.,5,London Hackney,2024-04-13 02:24:00.048415
Terrible service and cold food.,2,Birmingham Edgbaston,2024-04-13 02:24:00.048415
Terrible service and cold food.,1,London Soho,2024-04-13 02:24:00.048415
Rude staff and long waiting times.,1,Edinburgh New Town,2024-04-13 02:24:00.048415
Delicious meals and very clean environment.,4,Cardiff City Centre,2024-04-13 02:24:00.048415
Fantastic food and great service!,5,Sheffield Ecclesall Road,2024-04-13 02:24:00.048415
"Food was okay, nothing special.",3,Birmingham City Centre,2024-04-13 02:24:00.048415
Fantastic food and great service!,5,Manchester Salford,2024-04-13 02:24:00.048415
"Great place for a quick bite, friendly staff.",5,London Camden,2024-04-13 02:24:00.048415
Fantastic food and great service!,5,London Camden,2024-04-13 02:24:00.048415
"Loved the burgers here, will definitely come back.",5,London Soho,2024-04-13 02:24:00.048415
"Amazing experience, highly recommend.",5,London Canary Wharf,2024-04-13 02:24:00.048415
"Amazing experience, highly recommend.",5,London Canary Wharf,2024-04-13 02:24:00.048415
"Amazing experience, highly recommend.",4,Manchester Didsbury,2024-04-13 02:24:00.048415
"Great place for a quick bite, friendly staff.",5,London Canary Wharf,2024-04-13 02:24:00.048415
"Great place for a quick bite, friendly staff.",4,Manchester Salford,2024-04-13 02:24:00.048415
Fantastic food and great service!,5,London Chelsea,2024-04-13 02:24:00.048415
"Amazing experience, highly recommend.",5,Birmingham Solihull,2024-04-13 02:24:00.048415
Rude staff and long waiting times.,2,Bristol City Centre,2024-04-13 02:24:00.048415
Fantastic food and great service!,4,Birmingham City Centre,2024-04-13 02:24:00.048415
"Amazing experience, highly recommend.",5,Sheffield Ecclesall Road,2024-04-13 02:24:00.048415
"Great place for a quick bite, friendly staff.",4,London Camden,2024-04-13 02:24:00.048415
Fantastic food and great service!,4,Leeds City Centre,2024-04-13 02:24:00.048415
Fantastic food and great service!,5,London Chelsea,2024-04-13 02:24:00.048415
"Amazing experience, highly recommend.",4,London Canary Wharf,2024-04-13 02:24:00.048415
"Great place for a quick bite, friendly staff.",5,Birmingham City Centre,2024-04-13 02:24:00.048415
Delicious meals and very clean environment.,5,Liverpool Anfield,2024-04-13 02:24:00.048415
"Poor quality food, waste of money.",1,Manchester Central,2024-04-13 02:24:00.048415
"Mediocre food, acceptable for a quick meal.",3,Liverpool Anfield,2024-04-14 02:24:00.048415
"Great place for a quick bite, friendly staff.",4,London Hackney,2024-04-14 02:24:00.048415
"Mediocre food, acceptable for a quick meal.",3,London Chelsea,2024-04-14 02:24:00.048415
Delicious meals and very clean environment.,5,Manchester Didsbury,2024-04-14 02:24:00.048415
Delicious meals and very clean environment.,5,London Camden,2024-04-14 02:24:00.048415
"Loved the burgers here, will definitely come back.",4,London Soho,2024-04-14 02:24:00.048415
Delicious meals and very clean environment.,5,Cardiff City Centre,2024-04-14 02:24:00.048415
Fantastic food and great service!,5,Glasgow West End,2024-04-14 02:24:00.048415
"Mediocre food, acceptable for a quick meal.",3,London Chelsea,2024-04-14 02:24:00.048415
"Loved the burgers here, will definitely come back.",4,Edinburgh Old Town,2024-04-14 02:24:00.048415
"Great place for a quick bite, friendly staff.",5,Birmingham City Centre,2024-04-14 02:24:00.048415
Delicious meals and very clean environment.,4,Sheffield City Centre,2024-04-14 02:24:00.048415
"Average experience, not bad but not great.",3,London Hackney,2024-04-14 02:24:00.048415
Terrible service and cold food.,1,Leeds Headingley,2024-04-14 02:24:00.048415
"Great place for a quick bite, friendly staff.",5,London Camden,2024-04-14 02:24:00.048415
"Decent place, but I've had better.",3,London Chelsea,2024-04-14 02:24:00.048415
"Amazing experience, highly recommend.",5,London Hackney,2024-04-14 02:24:00.048415
"Great place for a quick bite, friendly staff.",4,London Canary Wharf,2024-04-14 02:24:00.048415
"Great place for a quick bite, friendly staff.",5,Leeds Headingley,2024-04-14 02:24:00.048415
"Loved the burgers here, will definitely come back.",5,Manchester Salford,2024-04-14 02:24:00.048415
"Decent place, but I've had better.",3,London Hackney,2024-04-14 02:24:00.048415
"Great place for a quick bite, friendly staff.",5,London Soho,2024-04-14 02:24:00.048415
Terrible service and cold food.,2,London Camden,2024-04-14 02:24:00.048415
"Amazing experience, highly recommend.",5,London Canary Wharf,2024-04-14 02:24:00.048415
Fantastic food and great service!,4,London Chelsea,2024-04-14 02:24:00.048415
"It was alright, the service could be better.",3,Birmingham City Centre,2024-04-14 02:24:00.048415
"Great place for a quick bite, friendly staff.",4,London Canary Wharf,2024-04-14 02:24:00.048415
Delicious meals and very clean environment.,4,London Canary Wharf,2024-04-14 02:24:00.048415
Terrible service and cold food.,2,Glasgow West End,2024-04-14 02:24:00.048415
"Loved the burgers here, will definitely come back.",5,Cardiff Bay,2024-04-14 02:24:00.048415
Terrible service and cold food.,1,Cardiff Bay,2024-04-14 02:24:00.048415
Delicious meals and very clean environment.,4,London Hackney,2024-04-14 02:24:00.048415
Terrible service and cold food.,1,London Canary Wharf,2024-04-14 02:24:00.048415
"Poor quality food, waste of money.",1,Birmingham City Centre,2024-04-14 02:24:00.048415
Fantastic food and great service!,5,Manchester Salford,2024-04-14 02:24:00.048415
"Great place for a quick bite, friendly staff.",4,Manchester Didsbury,2024-04-14 02:24:00.048415
Delicious meals and very clean environment.,5,Birmingham Edgbaston,2024-04-14 02:24:00.048415
Rude staff and long waiting times.,1,London Hackney,2024-04-14 02:24:00.048415
"It was alright, the service could be better.",3,Edinburgh Old Town,2024-04-14 02:24:00.048415
"Loved the burgers here, will definitely come back.",5,Manchester Didsbury,2024-04-14 02:24:00.048415
"Great place for a quick bite, friendly staff.",4,London Canary Wharf,2024-04-14 02:24:00.048415
Delicious meals and very clean environment.,4,Liverpool City Centre,2024-04-14 02:24:00.048415
Delicious meals and very clean environment.,4,London Hackney,2024-04-14 02:24:00.048415
Delicious meals and very clean environment.,5,Birmingham Edgbaston,2024-04-14 02:24:00.048415
"Amazing experience, highly recommend.",5,Liverpool Anfield,2024-04-14 02:24:00.048415
"Great place for a quick bite, friendly staff.",4,Glasgow West End,2024-04-14 02:24:00.048415
"Great place for a quick bite, friendly staff.",4,Manchester Central,2024-04-14 02:24:00.048415
"Amazing experience, highly recommend.",4,Leeds City Centre,2024-04-14 02:24:00.048415
"Very disappointing experience, will not return.",2,London Canary Wharf,2024-04-14 02:24:00.048415
Rude staff and long waiting times.,2,London Camden,2024-04-14 02:24:00.048415
"Great place for a quick bite, friendly staff.",5,Liverpool City Centre,2024-04-14 02:24:00.048415
Fantastic food and great service!,4,Manchester Salford,2024-04-15 02:24:00.048415
Fantastic food and great service!,5,Birmingham Edgbaston,2024-04-15 02:24:00.048415
Delicious meals and very clean environment.,4,London Hackney,2024-04-15 02:24:00.048415
"Amazing experience, highly recommend.",5,Sheffield Ecclesall Road,2024-04-15 02:24:00.048415
"Very disappointing experience, will not return.",1,Cardiff City Centre,2024-04-15 02:24:00.048415
"Amazing experience, highly recommend.",5,London Hackney,2024-04-15 02:24:00.048415
"Very disappointing experience, will not return.",1,Cardiff City Centre,2024-04-15 02:24:00.048415
"Loved the burgers here, will definitely come back.",5,Manchester Central,2024-04-15 02:24:00.048415
"Awful place, would not recommend.",2,Birmingham Solihull,2024-04-15 02:24:00.048415
"Amazing experience, highly recommend.",4,Sheffield Ecclesall Road,2024-04-15 02:24:00.048415
"Great place for a quick bite, friendly staff.",5,London Hackney,2024-04-15 02:24:00.048415
"Great place for a quick bite, friendly staff.",4,Edinburgh New Town,2024-04-15 02:24:00.048415
Fantastic food and great service!,4,Manchester Salford,2024-04-15 02:24:00.048415
Delicious meals and very clean environment.,4,Birmingham City Centre,2024-04-15 02:24:00.048415
"Great place for a quick bite, friendly staff.",5,London Soho,2024-04-15 02:24:00.048415
"Great place for a quick bite, friendly staff.",5,London Camden,2024-04-15 02:24:00.048415
Rude staff and long waiting times.,2,London Chelsea,2024-04-15 02:24:00.048415
"Amazing experience, highly recommend.",4,London Chelsea,2024-04-15 02:24:00.048415
"Amazing experience, highly recommend.",5,Bristol City Centre,2024-04-15 02:24:00.048415
"Loved the burgers here, will definitely come back.",5,London Soho,2024-04-15 02:24:00.048415
"Great place for a quick bite, friendly staff.",5,London Canary Wharf,2024-04-15 02:24:00.048415
"Poor quality food, waste of money.",2,Birmingham City Centre,2024-04-15 02:24:00.048415
"Loved the burgers here, will definitely come back.",5,London Camden,2024-04-15 02:24:00.048415
"Amazing experience, highly recommend.",5,Edinburgh New Town,2024-04-15 02:24:00.048415
Delicious meals and very clean environment.,4,Edinburgh New Town,2024-04-15 02:24:00.048415
"Average experience, not bad but not great.",3,Birmingham City Centre,2024-04-15 02:24:00.048415
"Loved the burgers here, will definitely come back.",4,London Camden,2024-04-15 02:24:00.048415
Fantastic food and great service!,5,London Soho,2024-04-15 02:24:00.048415
Fantastic food and great service!,5,London Soho,2024-04-15 02:24:00.048415
"Amazing experience, highly recommend.",5,London Camden,2024-04-15 02:24:00.048415
"Very disappointing experience, will not return.",1,Manchester Didsbury,2024-04-15 02:24:00.048415
"Great place for a quick bite, friendly staff.",5,Cardiff Bay,2024-04-15 02:24:00.048415
Terrible service and cold food.,1,Manchester Central,2024-04-15 02:24:00.048415
Delicious meals and very clean environment.,4,Manchester Didsbury,2024-04-15 02:24:00.048415
"Amazing experience, highly recommend.",4,Manchester Didsbury,2024-04-15 02:24:00.048415
"Food was okay, nothing special.",3,Sheffield City Centre,2024-04-15 02:24:00.048415
"Great place for a quick bite, friendly staff.",4,London Chelsea,2024-04-15 02:24:00.048415
Delicious meals and very clean environment.,4,Manchester Didsbury,2024-04-15 02:24:00.048415
Fantastic food and great service!,5,Bristol City Centre,2024-04-15 02:24:00.048415
"Loved the burgers here, will definitely come back.",4,Manchester Didsbury,2024-04-15 02:24:00.048415
"Loved the burgers here, will definitely come back.",4,Manchester Didsbury,2024-04-15 02:24:00.048415
"Amazing experience, highly recommend.",5,Birmingham Solihull,2024-04-15 02:24:00.048415
"Amazing experience, highly recommend.",5,Leeds Headingley,2024-04-15 02:24:00.048415
Delicious meals and very clean environment.,4,London Canary Wharf,2024-04-15 02:24:00.048415
Rude staff and long waiting times.,1,Manchester Salford,2024-04-15 02:24:00.048415
Fantastic food and great service!,4,London Soho,2024-04-15 02:24:00.048415
"Amazing experience, highly recommend.",5,London Hackney,2024-04-15 02:24:00.048415
"Amazing experience, highly recommend.",4,Birmingham Solihull,2024-04-15 02:24:00.048415
"Amazing experience, highly recommend.",5,London Camden,2024-04-15 02:24:00.048415
Delicious meals and very clean environment.,5,Birmingham Solihull,2024-04-15 02:24:00.048415
"Loved the burgers here, will definitely come back.",4,Birmingham Edgbaston,2024-04-15 02:24:00.048415
"Decent place, but I've had better.",3,London Chelsea,2024-04-16 02:24:00.048415
Fantastic food and great service!,5,London Chelsea,2024-04-16 02:24:00.048415
"Amazing experience, highly recommend.",5,Glasgow City Centre,2024-04-16 02:24:00.048415
Fantastic food and great service!,5,Glasgow City Centre,2024-04-16 02:24:00.048415
Delicious meals and very clean environment.,4,London Chelsea,2024-04-16 02:24:00.048415
"Loved the burgers here, will definitely come back.",4,London Soho,2024-04-16 02:24:00.048415
"Amazing experience, highly recommend.",5,Birmingham City Centre,2024-04-16 02:24:00.048415
"It was alright, the service could be better.",3,Bristol City Centre,2024-04-16 02:24:00.048415
"Great place for a quick bite, friendly staff.",4,Cardiff Bay,2024-04-16 02:24:00.048415
"Great place for a quick bite, friendly staff.",5,Edinburgh New Town,2024-04-16 02:24:00.048415
Fantastic food and great service!,4,Birmingham Solihull,2024-04-16 02:24:00.048415
Rude staff and long waiting times.,2,Sheffield City Centre,2024-04-16 02:24:00.048415
"Loved the burgers here, will definitely come back.",5,London Chelsea,2024-04-16 02:24:00.048415
"Loved the burgers here, will definitely come back.",4,London Chelsea,2024-04-16 02:24:00.048415
Delicious meals and very clean environment.,4,London Chelsea,2024-04-16 02:24:00.048415
"Great place for a quick bite, friendly staff.",5,Glasgow City Centre,2024-04-16 02:24:00.048415
"Loved the burgers here, will definitely come back.",5,Edinburgh New Town,2024-04-16 02:24:00.048415
"Great place for a quick bite, friendly staff.",4,Birmingham City Centre,2024-04-16 02:24:00.048415
"Loved the burgers here, will definitely come back.",4,Birmingham Edgbaston,2024-04-16 02:24:00.048415
Delicious meals and very clean environment.,5,Birmingham Solihull,2024-04-16 02:24:00.048415
"Very disappointing experience, will not return.",2,Birmingham Solihull,2024-04-16 02:24:00.048415
"Decent place, but I've had better.",3,London Chelsea,2024-04-16 02:24:00.048415
"Loved the burgers here, will definitely come back.",4,Birmingham Solihull,2024-04-16 02:24:00.048415
"Great place for a quick bite, friendly staff.",5,Birmingham City Centre,2024-04-16 02:24:00.048415
"Poor quality food, waste of money.",2,London Camden,2024-04-16 02:24:00.048415
"Amazing experience, highly recommend.",4,Cardiff City Centre,2024-04-16 02:24:00.048415
"Loved the burgers here, will definitely come back.",5,London Camden,2024-04-16 02:24:00.048415
"It was alright, the service could be better.",3,Cardiff Bay,2024-04-16 02:24:00.048415
"Amazing experience, highly recommend.",4,London Camden,2024-04-16 02:24:00.048415
Fantastic food and great service!,5,Manchester Central,2024-04-16 02:24:00.048415
"Amazing experience, highly recommend.",4,Birmingham Solihull,2024-04-16 02:24:00.048415
"Great place for a quick bite, friendly staff.",4,Leeds City Centre,2024-04-16 02:24:00.048415
"Average experience, not bad but not great.",3,London Camden,2024-04-16 02:24:00.048415
Delicious meals and very clean environment.,5,Birmingham Edgbaston,2024-04-16 02:24:00.048415
Delicious meals and very clean environment.,4,Liverpool Anfield,2024-04-16 02:24:00.048415
Delicious meals and very clean environment.,5,Cardiff City Centre,2024-04-16 02:24:00.048415
Rude staff and long waiting times.,1,Manchester Salford,2024-04-16 02:24:00.048415
"Great place for a quick bite, friendly staff.",5,London Canary Wharf,2024-04-16 02:24:00.048415
"Food was okay, nothing special.",3,Bristol Clifton,2024-04-16 02:24:00.048415
"Loved the burgers here, will definitely come back.",5,London Chelsea,2024-04-16 02:24:00.048415
Delicious meals and very clean environment.,4,London Camden,2024-04-16 02:24:00.048415
Fantastic food and great service!,5,London Chelsea,2024-04-16 02:24:00.048415
"Great place for a quick bite, friendly staff.",5,Sheffield Ecclesall Road,2024-04-16 02:24:00.048415
"Great place for a quick bite, friendly staff.",4,London Hackney,2024-04-16 02:24:00.048415
"Amazing experience, highly recommend.",5,Birmingham City Centre,2024-04-16 02:24:00.048415
"Amazing experience, highly recommend.",5,Liverpool City Centre,2024-04-16 02:24:00.048415
"Very disappointing experience, will not return.",2,Edinburgh Old Town,2024-04-16 02:24:00.048415
"Awful place, would not recommend.",1,London Hackney,2024-04-16 02:24:00.048415
"Loved the burgers here, will definitely come back.",4,Birmingham Edgbaston,2024-04-16 02:24:00.048415
Delicious meals and very clean environment.,4,London Soho,2024-04-16 02:24:00.048415
"Loved the burgers here, will definitely come back.",5,London Camden,2024-04-16 02:24:00.048415
"Amazing experience, highly recommend.",5,Birmingham Edgbaston,2024-04-16 02:24:00.048415
"Decent place, but I've had better.",3,Glasgow West End,2024-04-16 02:24:00.048415
"Loved the burgers here, will definitely come back.",5,Birmingham Solihull,2024-04-16 02:24:00.048415
"Poor quality food, waste of money.",1,London Chelsea,2024-04-16 02:24:00.048415
"Awful place, would not recommend.",2,Liverpool City Centre,2024-04-16 02:24:00.048415
Delicious meals and very clean environment.,4,Edinburgh New Town,2024-04-16 02:24:00.048415
"Average experience, not bad but not great.",3,Manchester Central,2024-04-16 02:24:00.048415
"Great place for a quick bite, friendly staff.",5,London Camden,2024-04-16 02:24:00.048415
"Awful place, would not recommend.",2,Birmingham Solihull,2024-04-16 02:24:00.048415
"Great place for a quick bite, friendly staff.",5,London Chelsea,2024-04-16 02:24:00.048415
Fantastic food and great service!,5,London Hackney,2024-04-16 02:24:00.048415
Delicious meals and very clean environment.,5,Sheffield City Centre,2024-04-16 02:24:00.048415
"Great place for a quick bite, friendly staff.",4,Liverpool City Centre,2024-04-16 02:24:00.048415
"Amazing experience, highly recommend.",5,London Soho,2024-04-16 02:24:00.048415
Delicious meals and very clean environment.,5,Birmingham Solihull,2024-04-16 02:24:00.048415
Fantastic food and great service!,5,London Camden,2024-04-16 02:24:00.048415
"Poor quality food, waste of money.",1,Manchester Salford,2024-04-17 02:24:00.048415
"Great place for a quick bite, friendly staff.",5,Manchester Didsbury,2024-04-17 02:24:00.048415
"Decent place, but I've had better.",3,Birmingham Edgbaston,2024-04-17 02:24:00.048415
"Loved the burgers here, will definitely come back.",5,Liverpool Anfield,2024-04-17 02:24:00.048415
"Amazing experience, highly recommend.",5,Manchester Salford,2024-04-17 02:24:00.048415
Terrible service and cold food.,2,Manchester Didsbury,2024-04-17 02:24:00.048415
"Loved the burgers here, will definitely come back.",5,Sheffield Ecclesall Road,2024-04-17 02:24:00.048415
Fantastic food and great service!,5,Manchester Didsbury,2024-04-17 02:24:00.048415
"Loved the burgers here, will definitely come back.",4,London Canary Wharf,2024-04-17 02:24:00.048415
"Great place for a quick bite, friendly staff.",5,Manchester Didsbury,2024-04-17 02:24:00.048415
"Great place for a quick bite, friendly staff.",5,London Hackney,2024-04-17 02:24:00.048415
"Very disappointing experience, will not return.",2,Liverpool City Centre,2024-04-17 02:24:00.048415
"Great place for a quick bite, friendly staff.",5,Sheffield Ecclesall Road,2024-04-17 02:24:00.048415
Delicious meals and very clean environment.,5,London Soho,2024-04-17 02:24:00.048415
"Loved the burgers here, will definitely come back.",4,London Chelsea,2024-04-17 02:24:00.048415
"Loved the burgers here, will definitely come back.",5,Sheffield City Centre,2024-04-17 02:24:00.048415
"Great place for a quick bite, friendly staff.",5,Manchester Didsbury,2024-04-17 02:24:00.048415
"Decent place, but I've had better.",3,London Soho,2024-04-17 02:24:00.048415
Fantastic food and great service!,4,Edinburgh Old Town,2024-04-17 02:24:00.048415
"Very disappointing experience, will not return.",2,Birmingham Edgbaston,2024-04-17 02:24:00.048415
"Average experience, not bad but not great.",3,London Hackney,2024-04-17 02:24:00.048415
"Amazing experience, highly recommend.",4,Birmingham Edgbaston,2024-04-17 02:24:00.048415
"Awful place, would not recommend.",1,London Hackney,2024-04-17 02:24:00.048415
"Food was okay, nothing special.",3,Manchester Didsbury,2024-04-17 02:24:00.048415
Fantastic food and great service!,4,Bristol City Centre,2024-04-17 02:24:00.048415
Terrible service and cold food.,1,London Chelsea,2024-04-17 02:24:00.048415
"Very disappointing experience, will not return.",2,Cardiff Bay,2024-04-17 02:24:00.048415
"Decent place, but I've had better.",3,Birmingham Edgbaston,2024-04-17 02:24:00.048415
"Poor quality food, waste of money.",2,Birmingham Edgbaston,2024-04-17 02:24:00.048415
"Awful place, would not recommend.",1,London Camden,2024-04-17 02:24:00.048415
"Great place for a quick bite, friendly staff.",5,Birmingham Solihull,2024-04-17 02:24:00.048415
Delicious meals and very clean environment.,4,London Canary Wharf,2024-04-17 02:24:00.048415
"Loved the burgers here, will definitely come back.",5,London Canary Wharf,2024-04-17 02:24:00.048415
"Loved the burgers here, will definitely come back.",4,Manchester Salford,2024-04-17 02:24:00.048415
Fantastic food and great service!,5,Bristol Clifton,2024-04-17 02:24:00.048415
"Amazing experience, highly recommend.",5,Manchester Salford,2024-04-17 02:24:00.048415
"Great place for a quick bite, friendly staff.",5,Edinburgh Old Town,2024-04-17 02:24:00.048415
Terrible service and cold food.,1,London Canary Wharf,2024-04-17 02:24:00.048415
"Amazing experience, highly recommend.",4,Manchester Central,2024-04-17 02:24:00.048415
"Great place for a quick bite, friendly staff.",5,Birmingham Solihull,2024-04-17 02:24:00.048415
"Great place for a quick bite, friendly staff.",5,Bristol Clifton,2024-04-17 02:24:00.048415
Delicious meals and very clean environment.,5,Glasgow West End,2024-04-17 02:24:00.048415
Delicious meals and very clean environment.,5,London Soho,2024-04-17 02:24:00.048415
"It was alright, the service could be better.",3,Sheffield Ecclesall Road,2024-04-17 02:24:00.048415
"Amazing experience, highly recommend.",5,Birmingham Solihull,2024-04-17 02:24:00.048415
"Average experience, not bad but not great.",3,London Camden,2024-04-17 02:24:00.048415
"Great place for a quick bite, friendly staff.",4,Birmingham Edgbaston,2024-04-17 02:24:00.048415
Delicious meals and very clean environment.,4,Manchester Central,2024-04-17 02:24:00.048415
"Loved the burgers here, will definitely come back.",4,Birmingham Solihull,2024-04-17 02:24:00.048415
"Loved the burgers here, will definitely come back.",4,London Chelsea,2024-04-17 02:24:00.048415
"Very disappointing experience, will not return.",1,Manchester Central,2024-04-17 02:24:00.048415
"Poor quality food, waste of money.",1,London Camden,2024-04-17 02:24:00.048415
"Loved the burgers here, will definitely come back.",5,Birmingham Edgbaston,2024-04-17 02:24:00.048415
"Very disappointing experience, will not return.",1,Sheffield Ecclesall Road,2024-04-17 02:24:00.048415
"Very disappointing experience, will not return.",2,London Chelsea,2024-04-18 02:24:00.048415
Delicious meals and very clean environment.,5,London Camden,2024-04-18 02:24:00.048415
"Decent place, but I've had better.",3,Cardiff City Centre,2024-04-18 02:24:00.048415
Delicious meals and very clean environment.,5,Sheffield City Centre,2024-04-18 02:24:00.048415
"Amazing experience, highly recommend.",5,Manchester Didsbury,2024-04-18 02:24:00.048415
"Loved the burgers here, will definitely come back.",5,London Chelsea,2024-04-18 02:24:00.048415
"Decent place, but I've had better.",3,Manchester Didsbury,2024-04-18 02:24:00.048415
"Great place for a quick bite, friendly staff.",5,Birmingham Solihull,2024-04-18 02:24:00.048415
"Loved the burgers here, will definitely come back.",5,London Hackney,2024-04-18 02:24:00.048415
"It was alright, the service could be better.",3,Sheffield City Centre,2024-04-18 02:24:00.048415
Delicious meals and very clean environment.,5,Birmingham Edgbaston,2024-04-18 02:24:00.048415
"Loved the burgers here, will definitely come back.",5,Sheffield City Centre,2024-04-18 02:24:00.048415
"Great place for a quick bite, friendly staff.",4,Bristol Clifton,2024-04-18 02:24:00.048415
"Great place for a quick bite, friendly staff.",5,London Hackney,2024-04-18 02:24:00.048415
Fantastic food and great service!,5,Sheffield City Centre,2024-04-18 02:24:00.048415
Terrible service and cold food.,1,Birmingham Edgbaston,2024-04-18 02:24:00.048415
Fantastic food and great service!,4,Cardiff City Centre,2024-04-18 02:24:00.048415
Fantastic food and great service!,5,London Soho,2024-04-18 02:24:00.048415
Terrible service and cold food.,2,Birmingham Solihull,2024-04-18 02:24:00.048415
"Mediocre food, acceptable for a quick meal.",3,Birmingham Solihull,2024-04-18 02:24:00.048415
"Loved the burgers here, will definitely come back.",5,Manchester Central,2024-04-18 02:24:00.048415
Delicious meals and very clean environment.,5,Bristol Clifton,2024-04-18 02:24:00.048415
"Amazing experience, highly recommend.",5,London Chelsea,2024-04-18 02:24:00.048415
Delicious meals and very clean environment.,5,London Hackney,2024-04-18 02:24:00.048415
Delicious meals and very clean environment.,4,Manchester Central,2024-04-18 02:24:00.048415
"Great place for a quick bite, friendly staff.",4,Liverpool Anfield,2024-04-18 02:24:00.048415
"Loved the burgers here, will definitely come back.",5,Birmingham Solihull,2024-04-18 02:24:00.048415
Fantastic food and great service!,5,Cardiff Bay,2024-04-18 02:24:00.048415
Delicious meals and very clean environment.,4,London Canary Wharf,2024-04-18 02:24:00.048415
Rude staff and long waiting times.,1,London Soho,2024-04-18 02:24:00.048415
"Great place for a quick bite, friendly staff.",4,London Camden,2024-04-18 02:24:00.048415
"Loved the burgers here, will definitely come back.",4,Cardiff City Centre,2024-04-18 02:24:00.048415
"Great place for a quick bite, friendly staff.",5,London Chelsea,2024-04-18 02:24:00.048415
"Amazing experience, highly recommend.",5,London Camden,2024-04-18 02:24:00.048415
Delicious meals and very clean environment.,4,Glasgow City Centre,2024-04-18 02:24:00.048415
"Mediocre food, acceptable for a quick meal.",3,London Hackney,2024-04-18 02:24:00.048415
Delicious meals and very clean environment.,5,Manchester Central,2024-04-18 02:24:00.048415
"Great place for a quick bite, friendly staff.",5,London Canary Wharf,2024-04-18 02:24:00.048415
"Decent place, but I've had better.",3,Edinburgh New Town,2024-04-18 02:24:00.048415
"Amazing experience, highly recommend.",5,Birmingham Solihull,2024-04-18 02:24:00.048415
Fantastic food and great service!,5,London Camden,2024-04-18 02:24:00.048415
"Amazing experience, highly recommend.",4,Manchester Salford,2024-04-18 02:24:00.048415
"Amazing experience, highly recommend.",4,Manchester Salford,2024-04-18 02:24:00.048415
"Loved the burgers here, will definitely come back.",4,Cardiff Bay,2024-04-18 02:24:00.048415
"Awful place, would not recommend.",2,Sheffield Ecclesall Road,2024-04-18 02:24:00.048415
"Decent place, but I've had better.",3,Edinburgh New Town,2024-04-18 02:24:00.048415
"Food was okay, nothing special.",3,London Hackney,2024-04-19 02:24:00.048415
"Great place for a quick bite, friendly staff.",4,London Hackney,2024-04-19 02:24:00.048415
"Mediocre food, acceptable for a quick meal.",3,Birmingham Solihull,2024-04-19 02:24:00.048415
Fantastic food and great service!,5,Birmingham Edgbaston,2024-04-19 02:24:00.048415
"Mediocre food, acceptable for a quick meal.",3,Liverpool Anfield,2024-04-19 02:24:00.048415
"Loved the burgers here, will definitely come back.",5,Birmingham Edgbaston,2024-04-19 02:24:00.048415
Delicious meals and very clean environment.,5,Liverpool Anfield,2024-04-19 02:24:00.048415
"Amazing experience, highly recommend.",5,London Camden,2024-04-19 02:24:00.048415
Fantastic food and great service!,4,London Chelsea,2024-04-19 02:24:00.048415
"Loved the burgers here, will definitely come back.",4,Edinburgh Old Town,2024-04-19 02:24:00.048415
Rude staff and long waiting times.,2,Glasgow West End,2024-04-19 02:24:00.048415
Delicious meals and very clean environment.,4,Manchester Central,2024-04-19 02:24:00.048415
"Amazing experience, highly recommend.",5,London Hackney,2024-04-19 02:24:00.048415
"Great place for a quick bite, friendly staff.",5,London Canary Wharf,2024-04-19 02:24:00.048415
"Very disappointing experience, will not return.",2,Bristol City Centre,2024-04-19 02:24:00.048415
"Amazing experience, highly recommend.",4,Glasgow West End,2024-04-19 02:24:00.048415
Fantastic food and great service!,5,Manchester Central,2024-04-19 02:24:00.048415
Fantastic food and great service!,4,Manchester Central,2024-04-19 02:24:00.048415
"Mediocre food, acceptable for a quick meal.",3,London Hackney,2024-04-19 02:24:00.048415
Rude staff and long waiting times.,1,London Hackney,2024-04-19 02:24:00.048415
Rude staff and long waiting times.,1,London Chelsea,2024-04-19 02:24:00.048415
"Great place for a quick bite, friendly staff.",4,London Chelsea,2024-04-19 02:24:00.048415
Delicious meals and very clean environment.,4,London Soho,2024-04-19 02:24:00.048415
Delicious meals and very clean environment.,4,Liverpool City Centre,2024-04-19 02:24:00.048415
"Great place for a quick bite, friendly staff.",4,Manchester Didsbury,2024-04-19 02:24:00.048415
"Amazing experience, highly recommend.",4,Edinburgh New Town,2024-04-19 02:24:00.048415
Fantastic food and great service!,5,Bristol City Centre,2024-04-19 02:24:00.048415
Terrible service and cold food.,1,London Canary Wharf,2024-04-19 02:24:00.048415
"Amazing experience, highly recommend.",5,Manchester Didsbury,2024-04-19 02:24:00.048415
"Loved the burgers here, will definitely come back.",4,London Chelsea,2024-04-19 02:24:00.048415
Fantastic food and great service!,5,Sheffield Ecclesall Road,2024-04-19 02:24:00.048415
"Great place for a quick bite, friendly staff.",5,Edinburgh New Town,2024-04-19 02:24:00.048415
Delicious meals and very clean environment.,4,Birmingham Solihull,2024-04-19 02:24:00.048415
"Poor quality food, waste of money.",1,Glasgow City Centre,2024-04-19 02:24:00.048415
"Loved the burgers here, will definitely come back.",5,London Chelsea,2024-04-19 02:24:00.048415
Fantastic food and great service!,4,London Soho,2024-04-19 02:24:00.048415
Fantastic food and great service!,5,London Soho,2024-04-19 02:24:00.048415
"Loved the burgers here, will definitely come back.",5,Manchester Central,2024-04-19 02:24:00.048415
"Very disappointing experience, will not return.",2,London Camden,2024-04-19 02:24:00.048415
"Very disappointing experience, will not return.",2,London Chelsea,2024-04-19 02:24:00.048415
"Mediocre food, acceptable for a quick meal.",3,Bristol City Centre,2024-04-19 02:24:00.048415
"Great place for a quick bite, friendly staff.",4,Liverpool Anfield,2024-04-19 02:24:00.048415
Fantastic food and great service!,4,London Soho,2024-04-19 02:24:00.048415
Delicious meals and very clean environment.,4,Leeds Headingley,2024-04-19 02:24:00.048415
"Mediocre food, acceptable for a quick meal.",3,London Canary Wharf,2024-04-19 02:24:00.048415
Fantastic food and great service!,5,London Canary Wharf,2024-04-19 02:24:00.048415
Fantastic food and great service!,5,Bristol Clifton,2024-04-19 02:24:00.048415
"Poor quality food, waste of money.",1,Bristol City Centre,2024-04-19 02:24:00.048415
"Poor quality food, waste of money.",1,Cardiff City Centre,2024-04-19 02:24:00.048415
Fantastic food and great service!,4,London Chelsea,2024-04-19 02:24:00.048415
Terrible service and cold food.,2,Manchester Didsbury,2024-04-19 02:24:00.048415
Delicious meals and very clean environment.,5,Edinburgh New Town,2024-04-19 02:24:00.048415
"Poor quality food, waste of money.",2,London Canary Wharf,2024-04-19 02:24:00.048415
Terrible service and cold food.,2,Bristol City Centre,2024-04-20 02:24:00.048415
"Mediocre food, acceptable for a quick meal.",3,London Canary Wharf,2024-04-20 02:24:00.048415
Terrible service and cold food.,1,Manchester Salford,2024-04-20 02:24:00.048415
"Mediocre food, acceptable for a quick meal.",3,Sheffield Ecclesall Road,2024-04-20 02:24:00.048415
"It was alright, the service could be better.",3,Edinburgh Old Town,2024-04-20 02:24:00.048415
Rude staff and long waiting times.,2,Glasgow West End,2024-04-20 02:24:00.048415
"Decent place, but I've had better.",3,Edinburgh Old Town,2024-04-20 02:24:00.048415
Fantastic food and great service!,5,London Chelsea,2024-04-20 02:24:00.048415
Delicious meals and very clean environment.,4,Bristol City Centre,2024-04-20 02:24:00.048415
"Loved the burgers here, will definitely come back.",4,Birmingham Solihull,2024-04-20 02:24:00.048415
Delicious meals and very clean environment.,5,Cardiff City Centre,2024-04-20 02:24:00.048415
"Average experience, not bad but not great.",3,Bristol Clifton,2024-04-20 02:24:00.048415
Delicious meals and very clean environment.,5,London Camden,2024-04-20 02:24:00.048415
Fantastic food and great service!,4,Glasgow City Centre,2024-04-20 02:24:00.048415
"Mediocre food, acceptable for a quick meal.",3,Cardiff Bay,2024-04-20 02:24:00.048415
Delicious meals and very clean environment.,5,Leeds City Centre,2024-04-20 02:24:00.048415
"Great place for a quick bite, friendly staff.",4,London Camden,2024-04-20 02:24:00.048415
"It was alright, the service could be better.",3,London Soho,2024-04-20 02:24:00.048415
Delicious meals and very clean environment.,5,Glasgow City Centre,2024-04-20 02:24:00.048415
"Amazing experience, highly recommend.",4,London Chelsea,2024-04-20 02:24:00.048415
"Loved the burgers here, will definitely come back.",5,Manchester Central,2024-04-20 02:24:00.048415
Terrible service and cold food.,1,London Camden,2024-04-20 02:24:00.048415
"Great place for a quick bite, friendly staff.",4,Edinburgh New Town,2024-04-20 02:24:00.048415
"Amazing experience, highly recommend.",4,Cardiff City Centre,2024-04-20 02:24:00.048415
Rude staff and long waiting times.,2,Cardiff City Centre,2024-04-20 02:24:00.048415
Fantastic food and great service!,5,London Soho,2024-04-20 02:24:00.048415
Rude staff and long waiting times.,2,Manchester Central,2024-04-20 02:24:00.048415
"Loved the burgers here, will definitely come back.",5,Cardiff City Centre,2024-04-20 02:24:00.048415
Terrible service and cold food.,1,Leeds City Centre,2024-04-20 02:24:00.048415
"Great place for a quick bite, friendly staff.",4,Birmingham Solihull,2024-04-20 02:24:00.048415
Fantastic food and great service!,4,Cardiff Bay,2024-04-20 02:24:00.048415
"Loved the burgers here, will definitely come back.",4,London Camden,2024-04-20 02:24:00.048415
Fantastic food and great service!,4,London Chelsea,2024-04-20 02:24:00.048415
"Loved the burgers here, will definitely come back.",5,London Soho,2024-04-20 02:24:00.048415
Rude staff and long waiting times.,2,Birmingham City Centre,2024-04-20 02:24:00.048415
"Very disappointing experience, will not return.",1,Bristol City Centre,2024-04-20 02:24:00.048415
"Loved the burgers here, will definitely come back.",5,Manchester Didsbury,2024-04-20 02:24:00.048415
"Amazing experience, highly recommend.",4,Birmingham City Centre,2024-04-20 02:24:00.048415
Fantastic food and great service!,5,London Soho,2024-04-20 02:24:00.048415
Terrible service and cold food.,1,Leeds City Centre,2024-04-20 02:24:00.048415
"Loved the burgers here, will definitely come back.",5,Birmingham Solihull,2024-04-20 02:24:00.048415
"Loved the burgers here, will definitely come back.",5,London Soho,2024-04-20 02:24:00.048415
Delicious meals and very clean environment.,5,Edinburgh New Town,2024-04-20 02:24:00.048415
Rude staff and long waiting times.,2,Sheffield Ecclesall Road,2024-04-20 02:24:00.048415
Fantastic food and great service!,5,Sheffield Ecclesall Road,2024-04-20 02:24:00.048415
"Amazing experience, highly recommend.",4,Manchester Central,2024-04-21 02:24:00.048415
Fantastic food and great service!,4,Bristol Clifton,2024-04-21 02:24:00.048415
"Amazing experience, highly recommend.",4,London Camden,2024-04-21 02:24:00.048415
Fantastic food and great service!,4,London Soho,2024-04-21 02:24:00.048415
"Loved the burgers here, will definitely come back.",5,Bristol Clifton,2024-04-21 02:24:00.048415
"Decent place, but I've had better.",3,Manchester Salford,2024-04-21 02:24:00.048415
Delicious meals and very clean environment.,5,Birmingham Solihull,2024-04-21 02:24:00.048415
Rude staff and long waiting times.,2,London Soho,2024-04-21 02:24:00.048415
"Amazing experience, highly recommend.",5,Leeds City Centre,2024-04-21 02:24:00.048415
Delicious meals and very clean environment.,4,London Chelsea,2024-04-21 02:24:00.048415
"Very disappointing experience, will not return.",1,Glasgow City Centre,2024-04-21 02:24:00.048415
"Great place for a quick bite, friendly staff.",5,Leeds Headingley,2024-04-21 02:24:00.048415
"Very disappointing experience, will not return.",2,London Canary Wharf,2024-04-21 02:24:00.048415
Fantastic food and great service!,5,Birmingham Edgbaston,2024-04-21 02:24:00.048415
"Food was okay, nothing special.",3,Sheffield City Centre,2024-04-21 02:24:00.048415
"Awful place, would not recommend.",1,Birmingham City Centre,2024-04-21 02:24:00.048415
"Food was okay, nothing special.",3,London Soho,2024-04-21 02:24:00.048415
Delicious meals and very clean environment.,4,Birmingham City Centre,2024-04-21 02:24:00.048415
"Decent place, but I've had better.",3,Leeds Headingley,2024-04-21 02:24:00.048415
Delicious meals and very clean environment.,4,Birmingham Solihull,2024-04-21 02:24:00.048415
Fantastic food and great service!,5,London Soho,2024-04-21 02:24:00.048415
Fantastic food and great service!,5,London Soho,2024-04-21 02:24:00.048415
Fantastic food and great service!,4,Birmingham Solihull,2024-04-21 02:24:00.048415
"Awful place, would not recommend.",2,London Camden,2024-04-21 02:24:00.048415
"Food was okay, nothing special.",3,Liverpool Anfield,2024-04-21 02:24:00.048415
"Loved the burgers here, will definitely come back.",5,Birmingham Solihull,2024-04-21 02:24:00.048415
Delicious meals and very clean environment.,4,London Hackney,2024-04-21 02:24:00.048415
"Amazing experience, highly recommend.",4,London Soho,2024-04-21 02:24:00.048415
"Great place for a quick bite, friendly staff.",5,London Camden,2024-04-21 02:24:00.048415
"Amazing experience, highly recommend.",4,Leeds Headingley,2024-04-21 02:24:00.048415
"Great place for a quick bite, friendly staff.",5,London Hackney,2024-04-21 02:24:00.048415
"Loved the burgers here, will definitely come back.",5,Birmingham Solihull,2024-04-21 02:24:00.048415
"Loved the burgers here, will definitely come back.",4,Sheffield City Centre,2024-04-21 02:24:00.048415
"Awful place, would not recommend.",2,London Camden,2024-04-21 02:24:00.048415
"Decent place, but I've had better.",3,Birmingham Solihull,2024-04-21 02:24:00.048415
"Awful place, would not recommend.",1,Glasgow City Centre,2024-04-21 02:24:00.048415
"Amazing experience, highly recommend.",4,Bristol City Centre,2024-04-21 02:24:00.048415
"Great place for a quick bite, friendly staff.",5,Manchester Central,2024-04-21 02:24:00.048415
"Loved the burgers here, will definitely come back.",5,London Camden,2024-04-21 02:24:00.048415
Delicious meals and very clean environment.,5,London Soho,2024-04-21 02:24:00.048415
Delicious meals and very clean environment.,5,London Chelsea,2024-04-21 02:24:00.048415
Delicious meals and very clean environment.,5,Leeds Headingley,2024-04-21 02:24:00.048415
Terrible service and cold food.,1,Leeds City Centre,2024-04-21 02:24:00.048415
"Loved the burgers here, will definitely come back.",5,Edinburgh Old Town,2024-04-21 02:24:00.048415
"Poor quality food, waste of money.",1,London Camden,2024-04-21 02:24:00.048415
"Amazing experience, highly recommend.",4,Manchester Didsbury,2024-04-21 02:24:00.048415
Delicious meals and very clean environment.,5,Sheffield City Centre,2024-04-21 02:24:00.048415
"Loved the burgers here, will definitely come back.",5,Cardiff City Centre,2024-04-21 02:24:00.048415
"Awful place, would not recommend.",1,Birmingham City Centre,2024-04-21 02:24:00.048415
"Loved the burgers here, will definitely come back.",5,Bristol Clifton,2024-04-21 02:24:00.048415
"Amazing experience, highly recommend.",4,Manchester Central,2024-04-22 02:24:00.048415
"Amazing experience, highly recommend.",5,Birmingham Solihull,2024-04-22 02:24:00.048415
"Amazing experience, highly recommend.",4,Manchester Salford,2024-04-22 02:24:00.048415
"Amazing experience, highly recommend.",5,London Camden,2024-04-22 02:24:00.048415
"Amazing experience, highly recommend.",4,Leeds City Centre,2024-04-22 02:24:00.048415
"Loved the burgers here, will definitely come back.",5,Bristol Clifton,2024-04-22 02:24:00.048415
"Awful place, would not recommend.",1,Edinburgh Old Town,2024-04-22 02:24:00.048415
"Loved the burgers here, will definitely come back.",5,Glasgow West End,2024-04-22 02:24:00.048415
"Food was okay, nothing special.",3,Birmingham Edgbaston,2024-04-22 02:24:00.048415
Rude staff and long waiting times.,1,London Hackney,2024-04-22 02:24:00.048415
Delicious meals and very clean environment.,5,Sheffield City Centre,2024-04-22 02:24:00.048415
Rude staff and long waiting times.,1,Bristol Clifton,2024-04-22 02:24:00.048415
"Loved the burgers here, will definitely come back.",5,London Soho,2024-04-22 02:24:00.048415
Terrible service and cold food.,2,Manchester Central,2024-04-22 02:24:00.048415
"Great place for a quick bite, friendly staff.",4,London Canary Wharf,2024-04-22 02:24:00.048415
"Loved the burgers here, will definitely come back.",5,Leeds Headingley,2024-04-22 02:24:00.048415
"Very disappointing experience, will not return.",2,Manchester Central,2024-04-22 02:24:00.048415
"Very disappointing experience, will not return.",2,Sheffield Ecclesall Road,2024-04-22 02:24:00.048415
"Food was okay, nothing special.",3,Birmingham Edgbaston,2024-04-22 02:24:00.048415
"Loved the burgers here, will definitely come back.",5,London Soho,2024-04-22 02:24:00.048415
"Amazing experience, highly recommend.",4,London Canary Wharf,2024-04-22 02:24:00.048415
Delicious meals and very clean environment.,5,London Soho,2024-04-22 02:24:00.048415
Delicious meals and very clean environment.,4,Sheffield Ecclesall Road,2024-04-22 02:24:00.048415
"Amazing experience, highly recommend.",5,London Canary Wharf,2024-04-22 02:24:00.048415
Rude staff and long waiting times.,1,Edinburgh New Town,2024-04-22 02:24:00.048415
Rude staff and long waiting times.,1,Glasgow City Centre,2024-04-22 02:24:00.048415
Rude staff and long waiting times.,2,Birmingham City Centre,2024-04-22 02:24:00.048415
"Amazing experience, highly recommend.",4,London Hackney,2024-04-22 02:24:00.048415
Rude staff and long waiting times.,1,Glasgow West End,2024-04-22 02:24:00.048415
"Loved the burgers here, will definitely come back.",4,Birmingham Solihull,2024-04-22 02:24:00.048415
Delicious meals and very clean environment.,5,Manchester Didsbury,2024-04-22 02:24:00.048415
Rude staff and long waiting times.,2,Leeds Headingley,2024-04-22 02:24:00.048415
"Amazing experience, highly recommend.",5,London Soho,2024-04-22 02:24:00.048415
"Loved the burgers here, will definitely come back.",5,Liverpool Anfield,2024-04-22 02:24:00.048415
"Loved the burgers here, will definitely come back.",5,London Camden,2024-04-22 02:24:00.048415
Fantastic food and great service!,4,Birmingham Solihull,2024-04-22 02:24:00.048415
"Amazing experience, highly recommend.",5,London Canary Wharf,2024-04-22 02:24:00.048415
"Loved the burgers here, will definitely come back.",5,London Camden,2024-04-22 02:24:00.048415
Fantastic food and great service!,5,London Camden,2024-04-22 02:24:00.048415
Terrible service and cold food.,1,London Soho,2024-04-22 02:24:00.048415
"Decent place, but I've had better.",3,Manchester Central,2024-04-22 02:24:00.048415
Terrible service and cold food.,2,London Chelsea,2024-04-22 02:24:00.048415
"Loved the burgers here, will definitely come back.",5,Edinburgh New Town,2024-04-22 02:24:00.048415
Terrible service and cold food.,2,Edinburgh Old Town,2024-04-22 02:24:00.048415
Rude staff and long waiting times.,1,Birmingham City Centre,2024-04-22 02:24:00.048415
"Great place for a quick bite, friendly staff.",4,Leeds Headingley,2024-04-22 02:24:00.048415
"Great place for a quick bite, friendly staff.",5,London Chelsea,2024-04-22 02:24:00.048415
"Awful place, would not recommend.",1,Birmingham Edgbaston,2024-04-22 02:24:00.048415
"Amazing experience, highly recommend.",5,Manchester Central,2024-04-22 02:24:00.048415
Delicious meals and very clean environment.,5,Glasgow West End,2024-04-22 02:24:00.048415
Fantastic food and great service!,4,London Canary Wharf,2024-04-22 02:24:00.048415
"Great place for a quick bite, friendly staff.",5,Birmingham City Centre,2024-04-23 02:24:00.048415
Rude staff and long waiting times.,2,Birmingham Solihull,2024-04-23 02:24:00.048415
Rude staff and long waiting times.,1,Glasgow City Centre,2024-04-23 02:24:00.048415
"Loved the burgers here, will definitely come back.",5,Manchester Didsbury,2024-04-23 02:24:00.048415
Fantastic food and great service!,5,London Soho,2024-04-23 02:24:00.048415
Fantastic food and great service!,5,Bristol City Centre,2024-04-23 02:24:00.048415
"Great place for a quick bite, friendly staff.",5,London Chelsea,2024-04-23 02:24:00.048415
Delicious meals and very clean environment.,4,Manchester Salford,2024-04-23 02:24:00.048415
Rude staff and long waiting times.,2,Cardiff Bay,2024-04-23 02:24:00.048415
"Amazing experience, highly recommend.",5,London Soho,2024-04-23 02:24:00.048415
Fantastic food and great service!,5,London Soho,2024-04-23 02:24:00.048415
"Amazing experience, highly recommend.",5,Leeds City Centre,2024-04-23 02:24:00.048415
"Mediocre food, acceptable for a quick meal.",3,Cardiff City Centre,2024-04-23 02:24:00.048415
"Awful place, would not recommend.",2,London Soho,2024-04-23 02:24:00.048415
"Great place for a quick bite, friendly staff.",4,London Hackney,2024-04-23 02:24:00.048415
Fantastic food and great service!,4,London Chelsea,2024-04-23 02:24:00.048415
"Average experience, not bad but not great.",3,Bristol Clifton,2024-04-23 02:24:00.048415
"Great place for a quick bite, friendly staff.",4,Manchester Salford,2024-04-23 02:24:00.048415
Delicious meals and very clean environment.,4,London Hackney,2024-04-23 02:24:00.048415
"Amazing experience, highly recommend.",4,Sheffield City Centre,2024-04-23 02:24:00.048415
Fantastic food and great service!,5,Manchester Salford,2024-04-23 02:24:00.048415
Terrible service and cold food.,1,Manchester Salford,2024-04-23 02:24:00.048415
Fantastic food and great service!,5,London Chelsea,2024-04-23 02:24:00.048415
Delicious meals and very clean environment.,5,Birmingham City Centre,2024-04-23 02:24:00.048415
Rude staff and long waiting times.,2,Birmingham Solihull,2024-04-23 02:24:00.048415
Delicious meals and very clean environment.,4,Manchester Didsbury,2024-04-23 02:24:00.048415
"Great place for a quick bite, friendly staff.",4,Liverpool City Centre,2024-04-23 02:24:00.048415
"Great place for a quick bite, friendly staff.",4,London Chelsea,2024-04-23 02:24:00.048415
"Average experience, not bad but not great.",3,Birmingham City Centre,2024-04-23 02:24:00.048415
Delicious meals and very clean environment.,4,Glasgow City Centre,2024-04-23 02:24:00.048415
"Amazing experience, highly recommend.",4,Birmingham Solihull,2024-04-23 02:24:00.048415
"Amazing experience, highly recommend.",5,Liverpool City Centre,2024-04-23 02:24:00.048415
Fantastic food and great service!,5,Manchester Didsbury,2024-04-23 02:24:00.048415
"Poor quality food, waste of money.",2,Manchester Didsbury,2024-04-23 02:24:00.048415
"Great place for a quick bite, friendly staff.",4,Manchester Didsbury,2024-04-23 02:24:00.048415
"Loved the burgers here, will definitely come back.",4,London Hackney,2024-04-23 02:24:00.048415
"Great place for a quick bite, friendly staff.",5,London Camden,2024-04-23 02:24:00.048415
"Great place for a quick bite, friendly staff.",5,Manchester Central,2024-04-23 02:24:00.048415
"Great place for a quick bite, friendly staff.",5,Birmingham Edgbaston,2024-04-23 02:24:00.048415
Delicious meals and very clean environment.,5,London Chelsea,2024-04-23 02:24:00.048415
Rude staff and long waiting times.,1,London Hackney,2024-04-23 02:24:00.048415
"Amazing experience, highly recommend.",4,Manchester Central,2024-04-23 02:24:00.048415
"Loved the burgers here, will definitely come back.",4,Birmingham Solihull,2024-04-23 02:24:00.048415
"Loved the burgers here, will definitely come back.",4,London Chelsea,2024-04-23 02:24:00.048415
"Great place for a quick bite, friendly staff.",5,London Hackney,2024-04-23 02:24:00.048415
Rude staff and long waiting times.,2,Manchester Central,2024-04-23 02:24:00.048415
"Loved the burgers here, will definitely come back.",4,London Soho,2024-04-23 02:24:00.048415
"Food was okay, nothing special.",3,London Soho,2024-04-24 02:24:00.048415
"Loved the burgers here, will definitely come back.",4,Liverpool City Centre,2024-04-24 02:24:00.048415
Fantastic food and great service!,5,London Hackney,2024-04-24 02:24:00.048415
"Amazing experience, highly recommend.",4,London Hackney,2024-04-24 02:24:00.048415
"Awful place, would not recommend.",2,Manchester Central,2024-04-24 02:24:00.048415
Delicious meals and very clean environment.,5,Manchester Central,2024-04-24 02:24:00.048415
"Decent place, but I've had better.",3,Leeds Headingley,2024-04-24 02:24:00.048415
Delicious meals and very clean environment.,5,Birmingham Edgbaston,2024-04-24 02:24:00.048415
"Amazing experience, highly recommend.",4,London Soho,2024-04-24 02:24:00.048415
"Average experience, not bad but not great.",3,Liverpool City Centre,2024-04-24 02:24:00.048415
"Amazing experience, highly recommend.",5,London Soho,2024-04-24 02:24:00.048415
Delicious meals and very clean environment.,4,Glasgow West End,2024-04-24 02:24:00.048415
Delicious meals and very clean environment.,4,Birmingham City Centre,2024-04-24 02:24:00.048415
"Poor quality food, waste of money.",1,Birmingham Edgbaston,2024-04-24 02:24:00.048415
Fantastic food and great service!,5,Bristol City Centre,2024-04-24 02:24:00.048415
Fantastic food and great service!,5,Birmingham Edgbaston,2024-04-24 02:24:00.048415
Fantastic food and great service!,5,Edinburgh Old Town,2024-04-24 02:24:00.048415
"Food was okay, nothing special.",3,London Soho,2024-04-24 02:24:00.048415
Rude staff and long waiting times.,2,London Hackney,2024-04-24 02:24:00.048415
Fantastic food and great service!,5,Leeds Headingley,2024-04-24 02:24:00.048415
Fantastic food and great service!,5,London Hackney,2024-04-24 02:24:00.048415
"Amazing experience, highly recommend.",4,Birmingham Edgbaston,2024-04-24 02:24:00.048415
Delicious meals and very clean environment.,4,Manchester Didsbury,2024-04-24 02:24:00.048415
"Loved the burgers here, will definitely come back.",4,London Soho,2024-04-24 02:24:00.048415
"It was alright, the service could be better.",3,Manchester Salford,2024-04-24 02:24:00.048415
Fantastic food and great service!,4,Liverpool Anfield,2024-04-24 02:24:00.048415
Terrible service and cold food.,1,Leeds Headingley,2024-04-24 02:24:00.048415
"Amazing experience, highly recommend.",5,Birmingham Solihull,2024-04-24 02:24:00.048415
"Loved the burgers here, will definitely come back.",5,Birmingham Edgbaston,2024-04-24 02:24:00.048415
"Loved the burgers here, will definitely come back.",4,Birmingham Edgbaston,2024-04-24 02:24:00.048415
"Loved the burgers here, will definitely come back.",4,Glasgow West End,2024-04-24 02:24:00.048415
"Loved the burgers here, will definitely come back.",4,London Camden,2024-04-24 02:24:00.048415
Rude staff and long waiting times.,1,Manchester Central,2024-04-24 02:24:00.048415
Fantastic food and great service!,5,London Soho,2024-04-24 02:24:00.048415
"Amazing experience, highly recommend.",5,Manchester Central,2024-04-24 02:24:00.048415
"Amazing experience, highly recommend.",4,Manchester Didsbury,2024-04-24 02:24:00.048415
"Loved the burgers here, will definitely come back.",5,Glasgow City Centre,2024-04-24 02:24:00.048415
Delicious meals and very clean environment.,5,London Canary Wharf,2024-04-24 02:24:00.048415
"Amazing experience, highly recommend.",4,Birmingham City Centre,2024-04-24 02:24:00.048415
Fantastic food and great service!,4,London Chelsea,2024-04-24 02:24:00.048415
"Amazing experience, highly recommend.",4,London Canary Wharf,2024-04-24 02:24:00.048415
Fantastic food and great service!,5,London Soho,2024-04-24 02:24:00.048415
Delicious meals and very clean environment.,4,Liverpool Anfield,2024-04-24 02:24:00.048415
"Loved the burgers here, will definitely come back.",4,Bristol Clifton,2024-04-24 02:24:00.048415
Fantastic food and great service!,4,London Soho,2024-04-24 02:24:00.048415
Delicious meals and very clean environment.,5,Sheffield City Centre,2024-04-24 02:24:00.048415
Delicious meals and very clean environment.,5,London Camden,2024-04-24 02:24:00.048415
"Amazing experience, highly recommend.",4,London Hackney,2024-04-24 02:24:00.048415
"Great place for a quick bite, friendly staff.",5,London Canary Wharf,2024-04-24 02:24:00.048415
"Great place for a quick bite, friendly staff.",4,Birmingham City Centre,2024-04-24 02:24:00.048415
"Loved the burgers here, will definitely come back.",5,Sheffield Ecclesall Road,2024-04-24 02:24:00.048415
"Average experience, not bad but not great.",3,Bristol City Centre,2024-04-24 02:24:00.048415
"It was alright, the service could be better.",3,Birmingham City Centre,2024-04-25 02:24:00.048415
"Loved the burgers here, will definitely come back.",4,London Soho,2024-04-25 02:24:00.048415
"Great place for a quick bite, friendly staff.",4,Birmingham City Centre,2024-04-25 02:24:00.048415
Fantastic food and great service!,5,Birmingham City Centre,2024-04-25 02:24:00.048415
"Great place for a quick bite, friendly staff.",5,Glasgow West End,2024-04-25 02:24:00.048415
"Loved the burgers here, will definitely come back.",5,Edinburgh New Town,2024-04-25 02:24:00.048415
"Loved the burgers here, will definitely come back.",5,London Soho,2024-04-25 02:24:00.048415
"Decent place, but I've had better.",3,London Canary Wharf,2024-04-25 02:24:00.048415
"Loved the burgers here, will definitely come back.",5,Sheffield Ecclesall Road,2024-04-25 02:24:00.048415
"Amazing experience, highly recommend.",5,Manchester Salford,2024-04-25 02:24:00.048415
"Mediocre food, acceptable for a quick meal.",3,Manchester Salford,2024-04-25 02:24:00.048415
Delicious meals and very clean environment.,5,London Soho,2024-04-25 02:24:00.048415
Terrible service and cold food.,1,Manchester Didsbury,2024-04-25 02:24:00.048415
"Amazing experience, highly recommend.",5,Manchester Salford,2024-04-25 02:24:00.048415
"Awful place, would not recommend.",2,London Chelsea,2024-04-25 02:24:00.048415
"Loved the burgers here, will definitely come back.",5,Glasgow City Centre,2024-04-25 02:24:00.048415
Delicious meals and very clean environment.,4,Manchester Didsbury,2024-04-25 02:24:00.048415
"Mediocre food, acceptable for a quick meal.",3,Leeds Headingley,2024-04-25 02:24:00.048415
"Great place for a quick bite, friendly staff.",4,London Canary Wharf,2024-04-25 02:24:00.048415
"Poor quality food, waste of money.",1,London Canary Wharf,2024-04-25 02:24:00.048415
"Loved the burgers here, will definitely come back.",5,Bristol City Centre,2024-04-25 02:24:00.048415
"Great place for a quick bite, friendly staff.",4,London Camden,2024-04-25 02:24:00.048415
"Loved the burgers here, will definitely come back.",5,London Camden,2024-04-25 02:24:00.048415
Delicious meals and very clean environment.,5,Bristol City Centre,2024-04-25 02:24:00.048415
"Very disappointing experience, will not return.",1,Leeds Headingley,2024-04-25 02:24:00.048415
Fantastic food and great service!,5,Manchester Didsbury,2024-04-25 02:24:00.048415
"Loved the burgers here, will definitely come back.",5,Edinburgh Old Town,2024-04-25 02:24:00.048415
"Amazing experience, highly recommend.",4,Manchester Central,2024-04-25 02:24:00.048415
"Great place for a quick bite, friendly staff.",5,Liverpool Anfield,2024-04-25 02:24:00.048415
"Decent place, but I've had better.",3,Cardiff City Centre,2024-04-25 02:24:00.048415
"Average experience, not bad but not great.",3,Liverpool City Centre,2024-04-25 02:24:00.048415
"Mediocre food, acceptable for a quick meal.",3,London Canary Wharf,2024-04-25 02:24:00.048415
Delicious meals and very clean environment.,5,Cardiff City Centre,2024-04-25 02:24:00.048415
Delicious meals and very clean environment.,4,Birmingham Solihull,2024-04-25 02:24:00.048415
Delicious meals and very clean environment.,4,London Camden,2024-04-25 02:24:00.048415
Delicious meals and very clean environment.,4,Bristol Clifton,2024-04-25 02:24:00.048415
Delicious meals and very clean environment.,4,Manchester Central,2024-04-25 02:24:00.048415
"Great place for a quick bite, friendly staff.",4,Liverpool Anfield,2024-04-25 02:24:00.048415
"Mediocre food, acceptable for a quick meal.",3,Glasgow City Centre,2024-04-25 02:24:00.048415
Delicious meals and very clean environment.,4,London Chelsea,2024-04-25 02:24:00.048415
"Great place for a quick bite, friendly staff.",4,Sheffield Ecclesall Road,2024-04-25 02:24:00.048415
"Great place for a quick bite, friendly staff.",4,London Canary Wharf,2024-04-25 02:24:00.048415
Delicious meals and very clean environment.,5,Manchester Didsbury,2024-04-25 02:24:00.048415
Delicious meals and very clean environment.,5,Manchester Didsbury,2024-04-25 02:24:00.048415
"Awful place, would not recommend.",2,London Chelsea,2024-04-26 02:24:00.048415
Fantastic food and great service!,4,Sheffield Ecclesall Road,2024-04-26 02:24:00.048415
"Loved the burgers here, will definitely come back.",5,Birmingham Edgbaston,2024-04-26 02:24:00.048415
"Amazing experience, highly recommend.",5,Leeds City Centre,2024-04-26 02:24:00.048415
"Great place for a quick bite, friendly staff.",5,Sheffield City Centre,2024-04-26 02:24:00.048415
"Amazing experience, highly recommend.",4,Manchester Didsbury,2024-04-26 02:24:00.048415
"Awful place, would not recommend.",2,Liverpool Anfield,2024-04-26 02:24:00.048415
"Very disappointing experience, will not return.",1,London Chelsea,2024-04-26 02:24:00.048415
Fantastic food and great service!,4,London Soho,2024-04-26 02:24:00.048415
"Great place for a quick bite, friendly staff.",4,London Canary Wharf,2024-04-26 02:24:00.048415
"Great place for a quick bite, friendly staff.",4,London Canary Wharf,2024-04-26 02:24:00.048415
"Average experience, not bad but not great.",3,Bristol Clifton,2024-04-26 02:24:00.048415
"Great place for a quick bite, friendly staff.",4,London Camden,2024-04-26 02:24:00.048415
Delicious meals and very clean environment.,5,London Canary Wharf,2024-04-26 02:24:00.048415
Rude staff and long waiting times.,2,Birmingham Solihull,2024-04-26 02:24:00.048415
Terrible service and cold food.,2,Manchester Central,2024-04-26 02:24:00.048415
Fantastic food and great service!,4,London Soho,2024-04-26 02:24:00.048415
"Amazing experience, highly recommend.",4,Glasgow West End,2024-04-26 02:24:00.048415
"Awful place, would not recommend.",1,London Soho,2024-04-26 02:24:00.048415
"Great place for a quick bite, friendly staff.",4,Bristol Clifton,2024-04-26 02:24:00.048415
Delicious meals and very clean environment.,5,London Chelsea,2024-04-26 02:24:00.048415
"It was alright, the service could be better.",3,London Hackney,2024-04-26 02:24:00.048415
"It was alright, the service could be better.",3,London Chelsea,2024-04-26 02:24:00.048415
"Loved the burgers here, will definitely come back.",5,Glasgow West End,2024-04-26 02:24:00.048415
Delicious meals and very clean environment.,5,Birmingham Edgbaston,2024-04-26 02:24:00.048415
"Amazing experience, highly recommend.",4,Cardiff Bay,2024-04-26 02:24:00.048415
"Amazing experience, highly recommend.",5,London Canary Wharf,2024-04-26 02:24:00.048415
Fantastic food and great service!,5,Birmingham City Centre,2024-04-26 02:24:00.048415
"Amazing experience, highly recommend.",5,London Camden,2024-04-26 02:24:00.048415
"Loved the burgers here, will definitely come back.",4,London Canary Wharf,2024-04-26 02:24:00.048415
"Loved the burgers here, will definitely come back.",5,Edinburgh New Town,2024-04-26 02:24:00.048415
"Loved the burgers here, will definitely come back.",5,Birmingham Edgbaston,2024-04-26 02:24:00.048415
"Great place for a quick bite, friendly staff.",5,Birmingham Solihull,2024-04-26 02:24:00.048415
"Amazing experience, highly recommend.",4,Edinburgh Old Town,2024-04-26 02:24:00.048415
"Loved the burgers here, will definitely come back.",4,Birmingham Edgbaston,2024-04-26 02:24:00.048415
Delicious meals and very clean environment.,5,Manchester Salford,2024-04-26 02:24:00.048415
Delicious meals and very clean environment.,5,Edinburgh Old Town,2024-04-26 02:24:00.048415
"Average experience, not bad but not great.",3,Liverpool Anfield,2024-04-26 02:24:00.048415
"Decent place, but I've had better.",3,Leeds Headingley,2024-04-26 02:24:00.048415
"Loved the burgers here, will definitely come back.",5,Edinburgh New Town,2024-04-26 02:24:00.048415
Terrible service and cold food.,1,Bristol City Centre,2024-04-26 02:24:00.048415
Delicious meals and very clean environment.,4,London Soho,2024-04-26 02:24:00.048415
Rude staff and long waiting times.,2,Sheffield City Centre,2024-04-26 02:24:00.048415
"Average experience, not bad but not great.",3,London Canary Wharf,2024-04-26 02:24:00.048415
Delicious meals and very clean environment.,4,London Camden,2024-04-26 02:24:00.048415
"Great place for a quick bite, friendly staff.",5,Manchester Central,2024-04-26 02:24:00.048415
"Average experience, not bad but not great.",3,Birmingham Edgbaston,2024-04-26 02:24:00.048415
"Poor quality food, waste of money.",1,Manchester Central,2024-04-26 02:24:00.048415
"Amazing experience, highly recommend.",5,Birmingham Edgbaston,2024-04-27 02:24:00.048415
Fantastic food and great service!,4,London Canary Wharf,2024-04-27 02:24:00.048415
"Amazing experience, highly recommend.",5,London Chelsea,2024-04-27 02:24:00.048415
"Food was okay, nothing special.",3,Sheffield City Centre,2024-04-27 02:24:00.048415
"Great place for a quick bite, friendly staff.",5,Manchester Salford,2024-04-27 02:24:00.048415
"Amazing experience, highly recommend.",5,Edinburgh Old Town,2024-04-27 02:24:00.048415
"Average experience, not bad but not great.",3,London Canary Wharf,2024-04-27 02:24:00.048415
"Amazing experience, highly recommend.",5,London Soho,2024-04-27 02:24:00.048415
Delicious meals and very clean environment.,5,London Soho,2024-04-27 02:24:00.048415
"Amazing experience, highly recommend.",4,Birmingham Solihull,2024-04-27 02:24:00.048415
"Poor quality food, waste of money.",1,London Canary Wharf,2024-04-27 02:24:00.048415
"Amazing experience, highly recommend.",4,Manchester Didsbury,2024-04-27 02:24:00.048415
"Great place for a quick bite, friendly staff.",5,Manchester Didsbury,2024-04-27 02:24:00.048415
"Decent place, but I've had better.",3,London Camden,2024-04-27 02:24:00.048415
"Amazing experience, highly recommend.",4,London Hackney,2024-04-27 02:24:00.048415
"Loved the burgers here, will definitely come back.",5,Cardiff Bay,2024-04-27 02:24:00.048415
"Great place for a quick bite, friendly staff.",5,Manchester Didsbury,2024-04-27 02:24:00.048415
Fantastic food and great service!,4,Manchester Salford,2024-04-27 02:24:00.048415
Delicious meals and very clean environment.,5,London Soho,2024-04-27 02:24:00.048415
"Amazing experience, highly recommend.",5,Manchester Salford,2024-04-27 02:24:00.048415
Delicious meals and very clean environment.,5,London Soho,2024-04-27 02:24:00.048415
"Awful place, would not recommend.",2,London Camden,2024-04-27 02:24:00.048415
"Amazing experience, highly recommend.",5,London Chelsea,2024-04-27 02:24:00.048415
Fantastic food and great service!,5,Birmingham Solihull,2024-04-27 02:24:00.048415
"Amazing experience, highly recommend.",5,Manchester Didsbury,2024-04-27 02:24:00.048415
"It was alright, the service could be better.",3,Manchester Didsbury,2024-04-27 02:24:00.048415
"Great place for a quick bite, friendly staff.",5,London Canary Wharf,2024-04-27 02:24:00.048415
"It was alright, the service could be better.",3,London Canary Wharf,2024-04-27 02:24:00.048415
Delicious meals and very clean environment.,5,Birmingham Edgbaston,2024-04-27 02:24:00.048415
"Great place for a quick bite, friendly staff.",4,Birmingham Solihull,2024-04-28 02:24:00.048415
"Loved the burgers here, will definitely come back.",5,Birmingham City Centre,2024-04-28 02:24:00.048415
"Average experience, not bad but not great.",3,London Canary Wharf,2024-04-28 02:24:00.048415
"Amazing experience, highly recommend.",5,London Camden,2024-04-28 02:24:00.048415
"Average experience, not bad but not great.",3,London Canary Wharf,2024-04-28 02:24:00.048415
Fantastic food and great service!,5,London Chelsea,2024-04-28 02:24:00.048415
Delicious meals and very clean environment.,5,London Hackney,2024-04-28 02:24:00.048415
"Decent place, but I've had better.",3,Edinburgh New Town,2024-04-28 02:24:00.048415
Delicious meals and very clean environment.,5,London Canary Wharf,2024-04-28 02:24:00.048415
Delicious meals and very clean environment.,4,Edinburgh New Town,2024-04-28 02:24:00.048415
"Loved the burgers here, will definitely come back.",5,Cardiff City Centre,2024-04-28 02:24:00.048415
Rude staff and long waiting times.,2,Edinburgh New Town,2024-04-28 02:24:00.048415
Fantastic food and great service!,5,Leeds Headingley,2024-04-28 02:24:00.048415
"Amazing experience, highly recommend.",5,Manchester Didsbury,2024-04-28 02:24:00.048415
"Very disappointing experience, will not return.",1,Birmingham City Centre,2024-04-28 02:24:00.048415
"Loved the burgers here, will definitely come back.",4,Edinburgh Old Town,2024-04-28 02:24:00.048415
Fantastic food and great service!,5,London Soho,2024-04-28 02:24:00.048415
"Amazing experience, highly recommend.",5,Edinburgh Old Town,2024-04-28 02:24:00.048415
Fantastic food and great service!,5,Manchester Salford,2024-04-28 02:24:00.048415
"It was alright, the service could be better.",3,Cardiff City Centre,2024-04-28 02:24:00.048415
Fantastic food and great service!,4,Manchester Central,2024-04-28 02:24:00.048415
"Loved the burgers here, will definitely come back.",5,Birmingham Edgbaston,2024-04-28 02:24:00.048415
"Poor quality food, waste of money.",1,Leeds City Centre,2024-04-28 02:24:00.048415
Fantastic food and great service!,5,London Canary Wharf,2024-04-28 02:24:00.048415
"Loved the burgers here, will definitely come back.",4,London Canary Wharf,2024-04-28 02:24:00.048415
Fantastic food and great service!,4,Bristol City Centre,2024-04-28 02:24:00.048415
Fantastic food and great service!,5,London Camden,2024-04-28 02:24:00.048415
Rude staff and long waiting times.,1,London Soho,2024-04-28 02:24:00.048415
Delicious meals and very clean environment.,5,Leeds Headingley,2024-04-28 02:24:00.048415
"Great place for a quick bite, friendly staff.",5,Sheffield City Centre,2024-04-28 02:24:00.048415
"Great place for a quick bite, friendly staff.",4,Manchester Didsbury,2024-04-28 02:24:00.048415
"Amazing experience, highly recommend.",5,Birmingham City Centre,2024-04-28 02:24:00.048415
Delicious meals and very clean environment.,4,London Soho,2024-04-28 02:24:00.048415
Terrible service and cold food.,2,Birmingham Solihull,2024-04-28 02:24:00.048415
"Amazing experience, highly recommend.",5,London Hackney,2024-04-28 02:24:00.048415
"Great place for a quick bite, friendly staff.",5,Manchester Didsbury,2024-04-28 02:24:00.048415
"Poor quality food, waste of money.",2,Birmingham City Centre,2024-04-28 02:24:00.048415
"Great place for a quick bite, friendly staff.",5,Manchester Didsbury,2024-04-28 02:24:00.048415
"Amazing experience, highly recommend.",4,Liverpool Anfield,2024-04-28 02:24:00.048415
Fantastic food and great service!,5,Sheffield Ecclesall Road,2024-04-28 02:24:00.048415
"Amazing experience, highly recommend.",5,Sheffield City Centre,2024-04-28 02:24:00.048415
"Mediocre food, acceptable for a quick meal.",3,London Chelsea,2024-04-28 02:24:00.048415
Fantastic food and great service!,4,Glasgow West End,2024-04-28 02:24:00.048415
"It was alright, the service could be better.",3,London Hackney,2024-04-28 02:24:00.048415
"Amazing experience, highly recommend.",5,London Soho,2024-04-28 02:24:00.048415
Fantastic food and great service!,5,Manchester Central,2024-04-28 02:24:00.048415
"Awful place, would not recommend.",1,Manchester Central,2024-04-28 02:24:00.048415
"Decent place, but I've had better.",3,Cardiff City Centre,2024-04-28 02:24:00.048415
"Great place for a quick bite, friendly staff.",4,Birmingham Edgbaston,2024-04-28 02:24:00.048415
Rude staff and long waiting times.,2,Bristol City Centre,2024-04-28 02:24:00.048415
Fantastic food and great service!,5,Cardiff City Centre,2024-04-28 02:24:00.048415
Fantastic food and great service!,5,Birmingham City Centre,2024-04-28 02:24:00.048415
"Great place for a quick bite, friendly staff.",5,London Soho,2024-04-28 02:24:00.048415
"Awful place, would not recommend.",2,London Chelsea,2024-04-28 02:24:00.048415
"Poor quality food, waste of money.",1,London Soho,2024-04-29 02:24:00.048415
"Amazing experience, highly recommend.",5,London Soho,2024-04-29 02:24:00.048415
"Amazing experience, highly recommend.",4,London Hackney,2024-04-29 02:24:00.048415
"Very disappointing experience, will not return.",2,London Canary Wharf,2024-04-29 02:24:00.048415
"Decent place, but I've had better.",3,London Canary Wharf,2024-04-29 02:24:00.048415
"Awful place, would not recommend.",1,London Canary Wharf,2024-04-29 02:24:00.048415
Fantastic food and great service!,4,London Canary Wharf,2024-04-29 02:24:00.048415
"Loved the burgers here, will definitely come back.",5,London Canary Wharf,2024-04-29 02:24:00.048415
Delicious meals and very clean environment.,4,Birmingham Edgbaston,2024-04-29 02:24:00.048415
"Amazing experience, highly recommend.",4,London Chelsea,2024-04-29 02:24:00.048415
"Awful place, would not recommend.",2,Edinburgh Old Town,2024-04-29 02:24:00.048415
Rude staff and long waiting times.,2,Sheffield Ecclesall Road,2024-04-29 02:24:00.048415
"Loved the burgers here, will definitely come back.",4,London Chelsea,2024-04-29 02:24:00.048415
Terrible service and cold food.,1,London Hackney,2024-04-29 02:24:00.048415
"Loved the burgers here, will definitely come back.",5,London Camden,2024-04-29 02:24:00.048415
"Very disappointing experience, will not return.",1,London Hackney,2024-04-29 02:24:00.048415
"Awful place, would not recommend.",2,Liverpool Anfield,2024-04-29 02:24:00.048415
"Amazing experience, highly recommend.",5,Manchester Didsbury,2024-04-29 02:24:00.048415
Terrible service and cold food.,2,Liverpool City Centre,2024-04-29 02:24:00.048415
"Amazing experience, highly recommend.",5,Manchester Central,2024-04-29 02:24:00.048415
"Average experience, not bad but not great.",3,Birmingham Edgbaston,2024-04-29 02:24:00.048415
Fantastic food and great service!,4,Glasgow City Centre,2024-04-29 02:24:00.048415
"Loved the burgers here, will definitely come back.",4,Cardiff Bay,2024-04-29 02:24:00.048415
"Great place for a quick bite, friendly staff.",4,Manchester Central,2024-04-29 02:24:00.048415
"Loved the burgers here, will definitely come back.",5,London Hackney,2024-04-29 02:24:00.048415
"Great place for a quick bite, friendly staff.",4,Birmingham City Centre,2024-04-29 02:24:00.048415
"Amazing experience, highly recommend.",5,Glasgow City Centre,2024-04-29 02:24:00.048415
Terrible service and cold food.,1,Sheffield Ecclesall Road,2024-04-29 02:24:00.048415
Delicious meals and very clean environment.,5,London Soho,2024-04-29 02:24:00.048415
"Loved the burgers here, will definitely come back.",5,Manchester Didsbury,2024-04-29 02:24:00.048415
Fantastic food and great service!,5,London Chelsea,2024-04-29 02:24:00.048415
"Average experience, not bad but not great.",3,Birmingham Solihull,2024-04-29 02:24:00.048415
"Great place for a quick bite, friendly staff.",4,London Soho,2024-04-29 02:24:00.048415
"It was alright, the service could be better.",3,Edinburgh Old Town,2024-04-29 02:24:00.048415
Fantastic food and great service!,5,London Soho,2024-04-29 02:24:00.048415
"Decent place, but I've had better.",3,Leeds Headingley,2024-04-29 02:24:00.048415
Fantastic food and great service!,4,Birmingham Solihull,2024-04-29 02:24:00.048415
"Amazing experience, highly recommend.",4,Birmingham City Centre,2024-04-29 02:24:00.048415
"Poor quality food, waste of money.",1,Manchester Didsbury,2024-04-29 02:24:00.048415
"Great place for a quick bite, friendly staff.",4,London Soho,2024-04-29 02:24:00.048415
"Great place for a quick bite, friendly staff.",4,London Hackney,2024-04-29 02:24:00.048415
Fantastic food and great service!,5,Birmingham City Centre,2024-04-29 02:24:00.048415
"Great place for a quick bite, friendly staff.",4,London Canary Wharf,2024-04-29 02:24:00.048415
Fantastic food and great service!,5,Cardiff Bay,2024-04-29 02:24:00.048415
"Amazing experience, highly recommend.",5,Manchester Salford,2024-04-29 02:24:00.048415
Delicious meals and very clean environment.,5,Manchester Central,2024-04-29 02:24:00.048415
"Amazing experience, highly recommend.",5,Birmingham Edgbaston,2024-04-29 02:24:00.048415
"Awful place, would not recommend.",2,Manchester Salford,2024-04-29 02:24:00.048415
"Decent place, but I've had better.",3,London Camden,2024-04-29 02:24:00.048415
"Loved the burgers here, will definitely come back.",4,Cardiff City Centre,2024-04-29 02:24:00.048415
"Very disappointing experience, will not return.",2,Birmingham City Centre,2024-04-29 02:24:00.048415
"Great place for a quick bite, friendly staff.",4,Bristol City Centre,2024-04-29 02:24:00.048415
Fantastic food and great service!,5,Edinburgh Old Town,2024-04-29 02:24:00.048415
"Decent place, but I've had better.",3,London Soho,2024-04-29 02:24:00.048415
"Food was okay, nothing special.",3,Birmingham Edgbaston,2024-04-29 02:24:00.048415
Delicious meals and very clean environment.,4,London Camden,2024-04-29 02:24:00.048415
Terrible service and cold food.,1,Edinburgh New Town,2024-04-29 02:24:00.048415
"Food was okay, nothing special.",3,Birmingham Solihull,2024-04-29 02:24:00.048415
"Great place for a quick bite, friendly staff.",5,London Camden,2024-04-29 02:24:00.048415
"Decent place, but I've had better.",3,London Canary Wharf,2024-04-29 02:24:00.048415
Terrible service and cold food.,2,Leeds Headingley,2024-04-29 02:24:00.048415
"Great place for a quick bite, friendly staff.",5,Sheffield City Centre,2024-04-29 02:24:00.048415
"Amazing experience, highly recommend.",5,Birmingham Solihull,2024-04-29 02:24:00.048415
Terrible service and cold food.,2,Leeds City Centre,2024-04-29 02:24:00.048415
"Amazing experience, highly recommend.",5,London Chelsea,2024-04-29 02:24:00.048415
"Food was okay, nothing special.",3,Birmingham Edgbaston,2024-04-29 02:24:00.048415
"It was alright, the service could be better.",3,Manchester Didsbury,2024-04-29 02:24:00.048415
"Very disappointing experience, will not return.",1,London Canary Wharf,2024-04-29 02:24:00.048415
Fantastic food and great service!,5,Birmingham City Centre,2024-04-30 02:24:00.048415
Delicious meals and very clean environment.,5,Birmingham Edgbaston,2024-04-30 02:24:00.048415
Terrible service and cold food.,1,Birmingham Edgbaston,2024-04-30 02:24:00.048415
Delicious meals and very clean environment.,5,Bristol Clifton,2024-04-30 02:24:00.048415
"It was alright, the service could be better.",3,Bristol City Centre,2024-04-30 02:24:00.048415
"Amazing experience, highly recommend.",5,London Soho,2024-04-30 02:24:00.048415
Delicious meals and very clean environment.,4,Birmingham Edgbaston,2024-04-30 02:24:00.048415
Delicious meals and very clean environment.,5,London Soho,2024-04-30 02:24:00.048415
"Great place for a quick bite, friendly staff.",5,Sheffield Ecclesall Road,2024-04-30 02:24:00.048415
"Great place for a quick bite, friendly staff.",4,London Soho,2024-04-30 02:24:00.048415
"Amazing experience, highly recommend.",4,Birmingham Edgbaston,2024-04-30 02:24:00.048415
"It was alright, the service could be better.",3,Sheffield City Centre,2024-04-30 02:24:00.048415
"Amazing experience, highly recommend.",4,Manchester Central,2024-04-30 02:24:00.048415
"Very disappointing experience, will not return.",1,Manchester Central,2024-04-30 02:24:00.048415
Delicious meals and very clean environment.,5,London Chelsea,2024-04-30 02:24:00.048415
Fantastic food and great service!,4,London Soho,2024-04-30 02:24:00.048415
"Loved the burgers here, will definitely come back.",4,Manchester Central,2024-04-30 02:24:00.048415
"Great place for a quick bite, friendly staff.",5,London Camden,2024-04-30 02:24:00.048415
"Amazing experience, highly recommend.",5,Birmingham City Centre,2024-04-30 02:24:00.048415
"Great place for a quick bite, friendly staff.",5,Birmingham Edgbaston,2024-04-30 02:24:00.048415
Fantastic food and great service!,5,Edinburgh New Town,2024-04-30 02:24:00.048415
"Food was okay, nothing special.",3,London Canary Wharf,2024-04-30 02:24:00.048415
"Amazing experience, highly recommend.",5,Cardiff City Centre,2024-04-30 02:24:00.048415
"Amazing experience, highly recommend.",5,London Camden,2024-04-30 02:24:00.048415
"Amazing experience, highly recommend.",4,Leeds Headingley,2024-04-30 02:24:00.048415
"Average experience, not bad but not great.",3,Birmingham Edgbaston,2024-04-30 02:24:00.048415
"Great place for a quick bite, friendly staff.",5,Cardiff City Centre,2024-04-30 02:24:00.048415
"Amazing experience, highly recommend.",4,Cardiff Bay,2024-04-30 02:24:00.048415
Rude staff and long waiting times.,1,Glasgow West End,2024-04-30 02:24:00.048415
"Loved the burgers here, will definitely come back.",5,London Camden,2024-04-30 02:24:00.048415
"Great place for a quick bite, friendly staff.",4,Cardiff Bay,2024-04-30 02:24:00.048415
"Loved the burgers here, will definitely come back.",4,London Chelsea,2024-04-30 02:24:00.048415
Fantastic food and great service!,4,London Chelsea,2024-04-30 02:24:00.048415
"Loved the burgers here, will definitely come back.",5,London Soho,2024-04-30 02:24:00.048415
"Mediocre food, acceptable for a quick meal.",3,London Hackney,2024-04-30 02:24:00.048415
Rude staff and long waiting times.,1,Leeds Headingley,2024-04-30 02:24:00.048415
Terrible service and cold food.,1,London Canary Wharf,2024-04-30 02:24:00.048415
Delicious meals and very clean environment.,4,Edinburgh Old Town,2024-04-30 02:24:00.048415
"Great place for a quick bite, friendly staff.",5,Liverpool Anfield,2024-04-30 02:24:00.048415
Delicious meals and very clean environment.,4,Liverpool Anfield,2024-04-30 02:24:00.048415
"Amazing experience, highly recommend.",4,Sheffield City Centre,2024-04-30 02:24:00.048415
Fantastic food and great service!,5,London Chelsea,2024-04-30 02:24:00.048415
"Food was okay, nothing special.",3,Cardiff City Centre,2024-05-01 02:24:00.048415
"Great place for a quick bite, friendly staff.",5,London Soho,2024-05-01 02:24:00.048415
Delicious meals and very clean environment.,4,Sheffield Ecclesall Road,2024-05-01 02:24:00.048415
"Loved the burgers here, will definitely come back.",4,London Soho,2024-05-01 02:24:00.048415
"Amazing experience, highly recommend.",4,Liverpool Anfield,2024-05-01 02:24:00.048415
Delicious meals and very clean environment.,5,London Canary Wharf,2024-05-01 02:24:00.048415
Terrible service and cold food.,2,Manchester Salford,2024-05-01 02:24:00.048415
Delicious meals and very clean environment.,5,Birmingham City Centre,2024-05-01 02:24:00.048415
"Poor quality food, waste of money.",2,London Hackney,2024-05-01 02:24:00.048415
Rude staff and long waiting times.,1,London Hackney,2024-05-01 02:24:00.048415
"Loved the burgers here, will definitely come back.",4,London Soho,2024-05-01 02:24:00.048415
"Amazing experience, highly recommend.",4,Manchester Salford,2024-05-01 02:24:00.048415
"It was alright, the service could be better.",3,London Soho,2024-05-01 02:24:00.048415
"Great place for a quick bite, friendly staff.",4,London Soho,2024-05-01 02:24:00.048415
"Amazing experience, highly recommend.",4,Liverpool City Centre,2024-05-01 02:24:00.048415
Delicious meals and very clean environment.,5,Manchester Salford,2024-05-01 02:24:00.048415
"Great place for a quick bite, friendly staff.",5,London Hackney,2024-05-01 02:24:00.048415
Fantastic food and great service!,4,Birmingham City Centre,2024-05-01 02:24:00.048415
Delicious meals and very clean environment.,5,Sheffield City Centre,2024-05-01 02:24:00.048415
"Great place for a quick bite, friendly staff.",5,Cardiff Bay,2024-05-01 02:24:00.048415
Fantastic food and great service!,5,London Camden,2024-05-01 02:24:00.048415
"Amazing experience, highly recommend.",4,London Soho,2024-05-01 02:24:00.048415
"Great place for a quick bite, friendly staff.",4,Birmingham Edgbaston,2024-05-01 02:24:00.048415
"Poor quality food, waste of money.",2,Manchester Salford,2024-05-01 02:24:00.048415
"Loved the burgers here, will definitely come back.",5,Birmingham Solihull,2024-05-01 02:24:00.048415
"Amazing experience, highly recommend.",4,London Chelsea,2024-05-01 02:24:00.048415
"Loved the burgers here, will definitely come back.",5,Birmingham Edgbaston,2024-05-01 02:24:00.048415
Fantastic food and great service!,5,Leeds Headingley,2024-05-01 02:24:00.048415
Fantastic food and great service!,5,London Soho,2024-05-01 02:24:00.048415
"Great place for a quick bite, friendly staff.",4,London Camden,2024-05-01 02:24:00.048415
"Great place for a quick bite, friendly staff.",5,London Canary Wharf,2024-05-01 02:24:00.048415
"Loved the burgers here, will definitely come back.",4,Leeds City Centre,2024-05-01 02:24:00.048415
Delicious meals and very clean environment.,4,Manchester Central,2024-05-01 02:24:00.048415
"Food was okay, nothing special.",3,Manchester Didsbury,2024-05-01 02:24:00.048415
"Amazing experience, highly recommend.",5,London Canary Wharf,2024-05-01 02:24:00.048415
Delicious meals and very clean environment.,4,Leeds Headingley,2024-05-01 02:24:00.048415
"Amazing experience, highly recommend.",5,Birmingham City Centre,2024-05-01 02:24:00.048415
"Loved the burgers here, will definitely come back.",5,Glasgow City Centre,2024-05-01 02:24:00.048415
Fantastic food and great service!,4,Birmingham Solihull,2024-05-01 02:24:00.048415
"Amazing experience, highly recommend.",5,London Chelsea,2024-05-01 02:24:00.048415
Delicious meals and very clean environment.,5,Birmingham Edgbaston,2024-05-01 02:24:00.048415
"Amazing experience, highly recommend.",5,London Canary Wharf,2024-05-01 02:24:00.048415
"Amazing experience, highly recommend.",5,London Soho,2024-05-01 02:24:00.048415
"Loved the burgers here, will definitely come back.",4,Liverpool City Centre,2024-05-01 02:24:00.048415
"Poor quality food, waste of money.",2,Birmingham City Centre,2024-05-01 02:24:00.048415
Terrible service and cold food.,2,London Canary Wharf,2024-05-01 02:24:00.048415
"Great place for a quick bite, friendly staff.",5,London Hackney,2024-05-01 02:24:00.048415
"Awful place, would not recommend.",2,Bristol Clifton,2024-05-01 02:24:00.048415
Delicious meals and very clean environment.,4,Sheffield City Centre,2024-05-01 02:24:00.048415
"Loved the burgers here, will definitely come back.",5,Manchester Salford,2024-05-01 02:24:00.048415
"Awful place, would not recommend.",2,Cardiff Bay,2024-05-01 02:24:00.048415
Fantastic food and great service!,4,Birmingham Solihull,2024-05-01 02:24:00.048415
Fantastic food and great service!,4,London Soho,2024-05-01 02:24:00.048415
"Loved the burgers here, will definitely come back.",5,Manchester Salford,2024-05-01 02:24:00.048415
"Great place for a quick bite, friendly staff.",5,Sheffield City Centre,2024-05-01 02:24:00.048415
"Great place for a quick bite, friendly staff.",5,Sheffield Ecclesall Road,2024-05-02 02:24:00.048415
"It was alright, the service could be better.",3,Birmingham Solihull,2024-05-02 02:24:00.048415
"Poor quality food, waste of money.",1,London Canary Wharf,2024-05-02 02:24:00.048415
"Mediocre food, acceptable for a quick meal.",3,London Camden,2024-05-02 02:24:00.048415
Delicious meals and very clean environment.,5,Bristol Clifton,2024-05-02 02:24:00.048415
"Awful place, would not recommend.",1,London Hackney,2024-05-02 02:24:00.048415
"Poor quality food, waste of money.",2,Cardiff Bay,2024-05-02 02:24:00.048415
Rude staff and long waiting times.,1,Manchester Salford,2024-05-02 02:24:00.048415
"Loved the burgers here, will definitely come back.",4,London Hackney,2024-05-02 02:24:00.048415
"Loved the burgers here, will definitely come back.",4,Manchester Didsbury,2024-05-02 02:24:00.048415
"Great place for a quick bite, friendly staff.",4,Birmingham Edgbaston,2024-05-02 02:24:00.048415
"Loved the burgers here, will definitely come back.",5,London Hackney,2024-05-02 02:24:00.048415
"Amazing experience, highly recommend.",5,Manchester Central,2024-05-02 02:24:00.048415
Delicious meals and very clean environment.,5,London Hackney,2024-05-02 02:24:00.048415
"Great place for a quick bite, friendly staff.",5,Manchester Central,2024-05-02 02:24:00.048415
"Food was okay, nothing special.",3,Cardiff City Centre,2024-05-02 02:24:00.048415
Terrible service and cold food.,1,Birmingham Edgbaston,2024-05-02 02:24:00.048415
Rude staff and long waiting times.,1,London Camden,2024-05-02 02:24:00.048415
Delicious meals and very clean environment.,5,Manchester Central,2024-05-02 02:24:00.048415
"Amazing experience, highly recommend.",5,London Soho,2024-05-02 02:24:00.048415
Terrible service and cold food.,1,Leeds Headingley,2024-05-02 02:24:00.048415
"Loved the burgers here, will definitely come back.",4,London Hackney,2024-05-02 02:24:00.048415
"Amazing experience, highly recommend.",5,London Canary Wharf,2024-05-02 02:24:00.048415
Delicious meals and very clean environment.,5,Edinburgh Old Town,2024-05-02 02:24:00.048415
"Amazing experience, highly recommend.",5,Manchester Didsbury,2024-05-02 02:24:00.048415
Fantastic food and great service!,4,Birmingham City Centre,2024-05-02 02:24:00.048415
Fantastic food and great service!,5,Manchester Central,2024-05-02 02:24:00.048415
"Awful place, would not recommend.",2,London Soho,2024-05-02 02:24:00.048415
"Loved the burgers here, will definitely come back.",5,Sheffield Ecclesall Road,2024-05-02 02:24:00.048415
"Average experience, not bad but not great.",3,Birmingham Solihull,2024-05-02 02:24:00.048415
"Great place for a quick bite, friendly staff.",5,London Chelsea,2024-05-02 02:24:00.048415
"Loved the burgers here, will definitely come back.",5,Liverpool City Centre,2024-05-02 02:24:00.048415
"Great place for a quick bite, friendly staff.",4,London Soho,2024-05-02 02:24:00.048415
"Awful place, would not recommend.",1,London Soho,2024-05-02 02:24:00.048415
Fantastic food and great service!,5,Birmingham Solihull,2024-05-02 02:24:00.048415
"Very disappointing experience, will not return.",2,Bristol City Centre,2024-05-02 02:24:00.048415
Delicious meals and very clean environment.,5,Birmingham Solihull,2024-05-02 02:24:00.048415
"Great place for a quick bite, friendly staff.",5,London Camden,2024-05-02 02:24:00.048415
Delicious meals and very clean environment.,5,London Camden,2024-05-02 02:24:00.048415
Rude staff and long waiting times.,1,Manchester Didsbury,2024-05-02 02:24:00.048415
Delicious meals and very clean environment.,5,Manchester Didsbury,2024-05-02 02:24:00.048415
"Poor quality food, waste of money.",1,Manchester Salford,2024-05-02 02:24:00.048415
"Poor quality food, waste of money.",2,Birmingham City Centre,2024-05-02 02:24:00.048415
"Average experience, not bad but not great.",3,Manchester Central,2024-05-02 02:24:00.048415
"Loved the burgers here, will definitely come back.",5,Liverpool City Centre,2024-05-02 02:24:00.048415
"It was alright, the service could be better.",3,Cardiff City Centre,2024-05-02 02:24:00.048415
"Great place for a quick bite, friendly staff.",4,Liverpool Anfield,2024-05-02 02:24:00.048415
"Food was okay, nothing special.",3,Manchester Central,2024-05-02 02:24:00.048415
"Mediocre food, acceptable for a quick meal.",3,Manchester Didsbury,2024-05-02 02:24:00.048415
Fantastic food and great service!,5,Sheffield Ecclesall Road,2024-05-02 02:24:00.048415
Delicious meals and very clean environment.,4,London Canary Wharf,2024-05-02 02:24:00.048415
"Awful place, would not recommend.",2,Edinburgh New Town,2024-05-02 02:24:00.048415
"Loved the burgers here, will definitely come back.",5,Manchester Didsbury,2024-05-02 02:24:00.048415
"Loved the burgers here, will definitely come back.",4,London Canary Wharf,2024-05-02 02:24:00.048415
Fantastic food and great service!,4,Cardiff Bay,2024-05-02 02:24:00.048415
Delicious meals and very clean environment.,5,Birmingham Edgbaston,2024-05-02 02:24:00.048415
Terrible service and cold food.,1,London Soho,2024-05-02 02:24:00.048415
"Amazing experience, highly recommend.",4,Bristol Clifton,2024-05-02 02:24:00.048415
"Loved the burgers here, will definitely come back.",4,London Canary Wharf,2024-05-03 02:24:00.048415
"Great place for a quick bite, friendly staff.",5,Edinburgh New Town,2024-05-03 02:24:00.048415
"Great place for a quick bite, friendly staff.",5,London Chelsea,2024-05-03 02:24:00.048415
"Amazing experience, highly recommend.",5,Manchester Central,2024-05-03 02:24:00.048415
Fantastic food and great service!,5,London Soho,2024-05-03 02:24:00.048415
Delicious meals and very clean environment.,5,London Soho,2024-05-03 02:24:00.048415
Rude staff and long waiting times.,1,Manchester Central,2024-05-03 02:24:00.048415
"Great place for a quick bite, friendly staff.",5,London Chelsea,2024-05-03 02:24:00.048415
Rude staff and long waiting times.,2,Leeds City Centre,2024-05-03 02:24:00.048415
"Decent place, but I've had better.",3,Manchester Didsbury,2024-05-03 02:24:00.048415
Rude staff and long waiting times.,2,Glasgow West End,2024-05-03 02:24:00.048415
"Amazing experience, highly recommend.",4,London Canary Wharf,2024-05-03 02:24:00.048415
"Amazing experience, highly recommend.",5,Liverpool City Centre,2024-05-03 02:24:00.048415
"Amazing experience, highly recommend.",5,London Camden,2024-05-03 02:24:00.048415
"Poor quality food, waste of money.",1,Cardiff Bay,2024-05-03 02:24:00.048415
"Loved the burgers here, will definitely come back.",5,Leeds Headingley,2024-05-03 02:24:00.048415
Fantastic food and great service!,5,London Camden,2024-05-03 02:24:00.048415
"Loved the burgers here, will definitely come back.",4,London Canary Wharf,2024-05-03 02:24:00.048415
Fantastic food and great service!,4,Manchester Central,2024-05-03 02:24:00.048415
Rude staff and long waiting times.,2,London Chelsea,2024-05-03 02:24:00.048415
"Awful place, would not recommend.",2,London Chelsea,2024-05-03 02:24:00.048415
"Great place for a quick bite, friendly staff.",4,Leeds City Centre,2024-05-03 02:24:00.048415
"Very disappointing experience, will not return.",1,London Hackney,2024-05-03 02:24:00.048415
"Amazing experience, highly recommend.",4,Birmingham Edgbaston,2024-05-03 02:24:00.048415
"Loved the burgers here, will definitely come back.",5,Birmingham Edgbaston,2024-05-03 02:24:00.048415
"Amazing experience, highly recommend.",5,Birmingham Solihull,2024-05-03 02:24:00.048415
"Loved the burgers here, will definitely come back.",5,Leeds City Centre,2024-05-03 02:24:00.048415
"Great place for a quick bite, friendly staff.",4,Birmingham Solihull,2024-05-03 02:24:00.048415
"Loved the burgers here, will definitely come back.",5,Manchester Didsbury,2024-05-03 02:24:00.048415
"Poor quality food, waste of money.",2,Manchester Central,2024-05-03 02:24:00.048415
Fantastic food and great service!,4,Edinburgh Old Town,2024-05-03 02:24:00.048415
"Great place for a quick bite, friendly staff.",5,Cardiff City Centre,2024-05-03 02:24:00.048415
"Amazing experience, highly recommend.",5,Manchester Central,2024-05-03 02:24:00.048415
"Great place for a quick bite, friendly staff.",5,Birmingham Edgbaston,2024-05-03 02:24:00.048415
"Loved the burgers here, will definitely come back.",5,Manchester Central,2024-05-03 02:24:00.048415
Fantastic food and great service!,5,Sheffield City Centre,2024-05-03 02:24:00.048415
"Loved the burgers here, will definitely come back.",4,London Canary Wharf,2024-05-03 02:24:00.048415
Delicious meals and very clean environment.,5,London Hackney,2024-05-03 02:24:00.048415
"Great place for a quick bite, friendly staff.",4,Glasgow City Centre,2024-05-03 02:24:00.048415
Rude staff and long waiting times.,2,Birmingham City Centre,2024-05-03 02:24:00.048415
Fantastic food and great service!,5,London Soho,2024-05-03 02:24:00.048415
Fantastic food and great service!,5,Bristol City Centre,2024-05-03 02:24:00.048415
Fantastic food and great service!,5,London Soho,2024-05-03 02:24:00.048415
"Poor quality food, waste of money.",2,Edinburgh New Town,2024-05-03 02:24:00.048415
"Decent place, but I've had better.",3,London Hackney,2024-05-03 02:24:00.048415
"Amazing experience, highly recommend.",4,Birmingham City Centre,2024-05-03 02:24:00.048415
Delicious meals and very clean environment.,5,London Camden,2024-05-03 02:24:00.048415
Rude staff and long waiting times.,1,London Camden,2024-05-03 02:24:00.048415
Delicious meals and very clean environment.,5,Sheffield City Centre,2024-05-03 02:24:00.048415
Fantastic food and great service!,5,Glasgow West End,2024-05-03 02:24:00.048415
Delicious meals and very clean environment.,5,Glasgow City Centre,2024-05-03 02:24:00.048415
"Amazing experience, highly recommend.",5,Manchester Didsbury,2024-05-04 02:24:00.048415
Terrible service and cold food.,1,London Camden,2024-05-04 02:24:00.048415
"Amazing experience, highly recommend.",5,London Camden,2024-05-04 02:24:00.048415
"Great place for a quick bite, friendly staff.",5,London Hackney,2024-05-04 02:24:00.048415
"Very disappointing experience, will not return.",1,Birmingham City Centre,2024-05-04 02:24:00.048415
"Great place for a quick bite, friendly staff.",4,Birmingham Edgbaston,2024-05-04 02:24:00.048415
Rude staff and long waiting times.,1,Birmingham City Centre,2024-05-04 02:24:00.048415
Delicious meals and very clean environment.,5,London Soho,2024-05-04 02:24:00.048415
Fantastic food and great service!,4,Leeds Headingley,2024-05-04 02:24:00.048415
"Great place for a quick bite, friendly staff.",5,Manchester Central,2024-05-04 02:24:00.048415
"Great place for a quick bite, friendly staff.",4,Sheffield Ecclesall Road,2024-05-04 02:24:00.048415
"Loved the burgers here, will definitely come back.",4,Liverpool City Centre,2024-05-04 02:24:00.048415
"It was alright, the service could be better.",3,London Soho,2024-05-04 02:24:00.048415
Fantastic food and great service!,5,Birmingham Solihull,2024-05-04 02:24:00.048415
"Amazing experience, highly recommend.",5,Birmingham Edgbaston,2024-05-04 02:24:00.048415
Fantastic food and great service!,5,Sheffield City Centre,2024-05-04 02:24:00.048415
"Amazing experience, highly recommend.",5,Bristol Clifton,2024-05-04 02:24:00.048415
"Amazing experience, highly recommend.",5,Bristol City Centre,2024-05-04 02:24:00.048415
Delicious meals and very clean environment.,4,Edinburgh New Town,2024-05-04 02:24:00.048415
Delicious meals and very clean environment.,4,Manchester Salford,2024-05-04 02:24:00.048415
Fantastic food and great service!,4,London Hackney,2024-05-04 02:24:00.048415
"Great place for a quick bite, friendly staff.",4,London Camden,2024-05-04 02:24:00.048415
"Very disappointing experience, will not return.",2,London Canary Wharf,2024-05-04 02:24:00.048415
"Loved the burgers here, will definitely come back.",5,London Canary Wharf,2024-05-04 02:24:00.048415
"Very disappointing experience, will not return.",2,Birmingham Solihull,2024-05-04 02:24:00.048415
"Awful place, would not recommend.",2,London Camden,2024-05-04 02:24:00.048415
"Great place for a quick bite, friendly staff.",5,London Hackney,2024-05-04 02:24:00.048415
"Decent place, but I've had better.",3,Glasgow City Centre,2024-05-04 02:24:00.048415
Fantastic food and great service!,5,Birmingham Edgbaston,2024-05-04 02:24:00.048415
Fantastic food and great service!,4,Leeds City Centre,2024-05-04 02:24:00.048415
"Food was okay, nothing special.",3,Cardiff Bay,2024-05-04 02:24:00.048415
Delicious meals and very clean environment.,4,Birmingham Solihull,2024-05-04 02:24:00.048415
Rude staff and long waiting times.,1,London Chelsea,2024-05-04 02:24:00.048415
"Poor quality food, waste of money.",2,London Soho,2024-05-04 02:24:00.048415
Rude staff and long waiting times.,1,Birmingham Solihull,2024-05-04 02:24:00.048415
"It was alright, the service could be better.",3,Edinburgh Old Town,2024-05-04 02:24:00.048415
"Decent place, but I've had better.",3,Cardiff City Centre,2024-05-04 02:24:00.048415
"Loved the burgers here, will definitely come back.",4,London Hackney,2024-05-04 02:24:00.048415
Fantastic food and great service!,5,London Soho,2024-05-04 02:24:00.048415
"Great place for a quick bite, friendly staff.",5,Sheffield City Centre,2024-05-04 02:24:00.048415
"Loved the burgers here, will definitely come back.",5,London Canary Wharf,2024-05-04 02:24:00.048415
Delicious meals and very clean environment.,5,London Chelsea,2024-05-04 02:24:00.048415
Terrible service and cold food.,1,Bristol City Centre,2024-05-04 02:24:00.048415
Terrible service and cold food.,1,London Chelsea,2024-05-04 02:24:00.048415
"Decent place, but I've had better.",3,London Camden,2024-05-04 02:24:00.048415
Delicious meals and very clean environment.,4,Birmingham Edgbaston,2024-05-04 02:24:00.048415
"Poor quality food, waste of money.",1,London Hackney,2024-05-04 02:24:00.048415
Terrible service and cold food.,2,Leeds City Centre,2024-05-04 02:24:00.048415
Terrible service and cold food.,1,Manchester Salford,2024-05-05 02:24:00.048415
Terrible service and cold food.,2,Glasgow West End,2024-05-05 02:24:00.048415
"Amazing experience, highly recommend.",4,London Chelsea,2024-05-05 02:24:00.048415
"Loved the burgers here, will definitely come back.",5,Sheffield Ecclesall Road,2024-05-05 02:24:00.048415
"Amazing experience, highly recommend.",4,London Hackney,2024-05-05 02:24:00.048415
Fantastic food and great service!,4,Liverpool City Centre,2024-05-05 02:24:00.048415
"Very disappointing experience, will not return.",2,London Chelsea,2024-05-05 02:24:00.048415
"Loved the burgers here, will definitely come back.",5,Sheffield City Centre,2024-05-05 02:24:00.048415
Fantastic food and great service!,5,London Camden,2024-05-05 02:24:00.048415
Fantastic food and great service!,4,Birmingham City Centre,2024-05-05 02:24:00.048415
Fantastic food and great service!,5,London Camden,2024-05-05 02:24:00.048415
"Loved the burgers here, will definitely come back.",5,Edinburgh New Town,2024-05-05 02:24:00.048415
Fantastic food and great service!,4,Manchester Central,2024-05-05 02:24:00.048415
"Loved the burgers here, will definitely come back.",4,London Camden,2024-05-05 02:24:00.048415
"Poor quality food, waste of money.",1,Bristol Clifton,2024-05-05 02:24:00.048415
"Awful place, would not recommend.",1,Manchester Didsbury,2024-05-05 02:24:00.048415
Fantastic food and great service!,5,Sheffield City Centre,2024-05-05 02:24:00.048415
"Loved the burgers here, will definitely come back.",5,Manchester Salford,2024-05-05 02:24:00.048415
"Great place for a quick bite, friendly staff.",5,Birmingham Edgbaston,2024-05-05 02:24:00.048415
"Poor quality food, waste of money.",2,Birmingham Edgbaston,2024-05-05 02:24:00.048415
"Great place for a quick bite, friendly staff.",5,London Soho,2024-05-05 02:24:00.048415
Fantastic food and great service!,5,Edinburgh New Town,2024-05-05 02:24:00.048415
Fantastic food and great service!,5,London Hackney,2024-05-05 02:24:00.048415
Fantastic food and great service!,4,Manchester Central,2024-05-05 02:24:00.048415
"Average experience, not bad but not great.",3,Leeds City Centre,2024-05-05 02:24:00.048415
Fantastic food and great service!,5,London Canary Wharf,2024-05-05 02:24:00.048415
"Great place for a quick bite, friendly staff.",4,Cardiff Bay,2024-05-05 02:24:00.048415
Fantastic food and great service!,5,Birmingham City Centre,2024-05-05 02:24:00.048415
"Very disappointing experience, will not return.",2,Bristol City Centre,2024-05-05 02:24:00.048415
Rude staff and long waiting times.,2,London Chelsea,2024-05-05 02:24:00.048415
"Very disappointing experience, will not return.",2,Liverpool City Centre,2024-05-05 02:24:00.048415
"Great place for a quick bite, friendly staff.",4,Sheffield City Centre,2024-05-05 02:24:00.048415
"Amazing experience, highly recommend.",4,Manchester Didsbury,2024-05-05 02:24:00.048415
"Loved the burgers here, will definitely come back.",5,Birmingham City Centre,2024-05-05 02:24:00.048415
"Loved the burgers here, will definitely come back.",5,Birmingham Edgbaston,2024-05-05 02:24:00.048415
"Amazing experience, highly recommend.",5,Birmingham City Centre,2024-05-05 02:24:00.048415
"Loved the burgers here, will definitely come back.",5,Manchester Central,2024-05-05 02:24:00.048415
"Great place for a quick bite, friendly staff.",5,Birmingham Edgbaston,2024-05-05 02:24:00.048415
Terrible service and cold food.,2,Birmingham City Centre,2024-05-05 02:24:00.048415
"Amazing experience, highly recommend.",4,Manchester Didsbury,2024-05-05 02:24:00.048415
Fantastic food and great service!,5,Sheffield City Centre,2024-05-05 02:24:00.048415
Delicious meals and very clean environment.,4,Birmingham City Centre,2024-05-05 02:24:00.048415
"Awful place, would not recommend.",2,Edinburgh New Town,2024-05-06 02:24:00.048415
Delicious meals and very clean environment.,4,Manchester Salford,2024-05-06 02:24:00.048415
Delicious meals and very clean environment.,4,Birmingham Solihull,2024-05-06 02:24:00.048415
"Great place for a quick bite, friendly staff.",5,Cardiff City Centre,2024-05-06 02:24:00.048415
"Amazing experience, highly recommend.",5,Cardiff Bay,2024-05-06 02:24:00.048415
Delicious meals and very clean environment.,5,London Chelsea,2024-05-06 02:24:00.048415
"Very disappointing experience, will not return.",1,Cardiff City Centre,2024-05-06 02:24:00.048415
"Great place for a quick bite, friendly staff.",5,London Camden,2024-05-06 02:24:00.048415
"Great place for a quick bite, friendly staff.",5,London Chelsea,2024-05-06 02:24:00.048415
"Loved the burgers here, will definitely come back.",4,Glasgow West End,2024-05-06 02:24:00.048415
"Great place for a quick bite, friendly staff.",5,Birmingham Solihull,2024-05-06 02:24:00.048415
"Great place for a quick bite, friendly staff.",5,Manchester Didsbury,2024-05-06 02:24:00.048415
Delicious meals and very clean environment.,5,London Hackney,2024-05-06 02:24:00.048415
"Very disappointing experience, will not return.",1,Birmingham Edgbaston,2024-05-06 02:24:00.048415
"Poor quality food, waste of money.",2,Manchester Didsbury,2024-05-06 02:24:00.048415
"Very disappointing experience, will not return.",1,Manchester Salford,2024-05-06 02:24:00.048415
"Poor quality food, waste of money.",1,Liverpool Anfield,2024-05-06 02:24:00.048415
"Food was okay, nothing special.",3,London Chelsea,2024-05-06 02:24:00.048415
Fantastic food and great service!,5,Bristol City Centre,2024-05-06 02:24:00.048415
"Loved the burgers here, will definitely come back.",4,London Soho,2024-05-06 02:24:00.048415
"Great place for a quick bite, friendly staff.",5,Glasgow City Centre,2024-05-06 02:24:00.048415
Delicious meals and very clean environment.,5,Bristol Clifton,2024-05-06 02:24:00.048415
Delicious meals and very clean environment.,5,Birmingham Edgbaston,2024-05-06 02:24:00.048415
"Mediocre food, acceptable for a quick meal.",3,Leeds Headingley,2024-05-06 02:24:00.048415
Delicious meals and very clean environment.,5,London Camden,2024-05-06 02:24:00.048415
"Amazing experience, highly recommend.",4,Cardiff Bay,2024-05-06 02:24:00.048415
"Amazing experience, highly recommend.",5,Sheffield City Centre,2024-05-06 02:24:00.048415
Delicious meals and very clean environment.,5,Liverpool City Centre,2024-05-06 02:24:00.048415
"Poor quality food, waste of money.",1,Birmingham Solihull,2024-05-06 02:24:00.048415
"Very disappointing experience, will not return.",1,Birmingham Edgbaston,2024-05-06 02:24:00.048415
Rude staff and long waiting times.,1,Birmingham City Centre,2024-05-06 02:24:00.048415
Delicious meals and very clean environment.,5,Glasgow City Centre,2024-05-06 02:24:00.048415
"Amazing experience, highly recommend.",4,London Camden,2024-05-06 02:24:00.048415
"Great place for a quick bite, friendly staff.",4,Glasgow West End,2024-05-06 02:24:00.048415
"Amazing experience, highly recommend.",5,Manchester Salford,2024-05-06 02:24:00.048415
Delicious meals and very clean environment.,4,London Camden,2024-05-06 02:24:00.048415
"Amazing experience, highly recommend.",5,London Canary Wharf,2024-05-06 02:24:00.048415
"Poor quality food, waste of money.",2,Cardiff City Centre,2024-05-06 02:24:00.048415
"Awful place, would not recommend.",2,Manchester Salford,2024-05-06 02:24:00.048415
"Decent place, but I've had better.",3,Leeds City Centre,2024-05-06 02:24:00.048415
"Amazing experience, highly recommend.",4,London Chelsea,2024-05-06 02:24:00.048415
Fantastic food and great service!,4,Liverpool City Centre,2024-05-06 02:24:00.048415
Fantastic food and great service!,4,Cardiff Bay,2024-05-06 02:24:00.048415
"Decent place, but I've had better.",3,Liverpool City Centre,2024-05-06 02:24:00.048415
Rude staff and long waiting times.,2,London Canary Wharf,2024-05-06 02:24:00.048415
Terrible service and cold food.,2,Sheffield City Centre,2024-05-06 02:24:00.048415
Rude staff and long waiting times.,1,Edinburgh Old Town,2024-05-06 02:24:00.048415
Delicious meals and very clean environment.,4,Glasgow City Centre,2024-05-06 02:24:00.048415
Rude staff and long waiting times.,1,Bristol City Centre,2024-05-06 02:24:00.048415
"Loved the burgers here, will definitely come back.",4,Sheffield City Centre,2024-05-06 02:24:00.048415
Delicious meals and very clean environment.,5,Birmingham City Centre,2024-05-07 02:24:00.048415
"Awful place, would not recommend.",2,Bristol Clifton,2024-05-07 02:24:00.048415
"Great place for a quick bite, friendly staff.",5,London Chelsea,2024-05-07 02:24:00.048415
Rude staff and long waiting times.,2,London Camden,2024-05-07 02:24:00.048415
Delicious meals and very clean environment.,5,Manchester Salford,2024-05-07 02:24:00.048415
"Decent place, but I've had better.",3,London Canary Wharf,2024-05-07 02:24:00.048415
Fantastic food and great service!,5,Birmingham Solihull,2024-05-07 02:24:00.048415
"Great place for a quick bite, friendly staff.",5,London Camden,2024-05-07 02:24:00.048415
"Loved the burgers here, will definitely come back.",5,Manchester Central,2024-05-07 02:24:00.048415
"Loved the burgers here, will definitely come back.",4,London Camden,2024-05-07 02:24:00.048415
Delicious meals and very clean environment.,5,Bristol City Centre,2024-05-07 02:24:00.048415
Delicious meals and very clean environment.,4,Sheffield Ecclesall Road,2024-05-07 02:24:00.048415
"Loved the burgers here, will definitely come back.",4,Sheffield City Centre,2024-05-07 02:24:00.048415
Delicious meals and very clean environment.,5,London Hackney,2024-05-07 02:24:00.048415
"Poor quality food, waste of money.",1,Glasgow City Centre,2024-05-07 02:24:00.048415
Delicious meals and very clean environment.,5,London Chelsea,2024-05-07 02:24:00.048415
Rude staff and long waiting times.,1,London Canary Wharf,2024-05-07 02:24:00.048415
Fantastic food and great service!,5,Manchester Didsbury,2024-05-07 02:24:00.048415
Fantastic food and great service!,5,London Hackney,2024-05-07 02:24:00.048415
Fantastic food and great service!,4,Birmingham City Centre,2024-05-07 02:24:00.048415
"Very disappointing experience, will not return.",2,London Chelsea,2024-05-07 02:24:00.048415
Rude staff and long waiting times.,1,London Chelsea,2024-05-07 02:24:00.048415
Delicious meals and very clean environment.,5,London Hackney,2024-05-07 02:24:00.048415
Fantastic food and great service!,4,Glasgow City Centre,2024-05-07 02:24:00.048415
"Very disappointing experience, will not return.",1,London Hackney,2024-05-07 02:24:00.048415
Delicious meals and very clean environment.,5,Manchester Central,2024-05-07 02:24:00.048415
"Great place for a quick bite, friendly staff.",5,Liverpool City Centre,2024-05-07 02:24:00.048415
"Loved the burgers here, will definitely come back.",5,London Camden,2024-05-07 02:24:00.048415
"Great place for a quick bite, friendly staff.",4,Sheffield City Centre,2024-05-07 02:24:00.048415
"Mediocre food, acceptable for a quick meal.",3,London Camden,2024-05-07 02:24:00.048415
"It was alright, the service could be better.",3,London Camden,2024-05-07 02:24:00.048415
Fantastic food and great service!,4,Leeds Headingley,2024-05-07 02:24:00.048415
Fantastic food and great service!,4,Leeds Headingley,2024-05-07 02:24:00.048415
Fantastic food and great service!,5,Manchester Central,2024-05-07 02:24:00.048415
Fantastic food and great service!,4,Liverpool Anfield,2024-05-07 02:24:00.048415
"Very disappointing experience, will not return.",2,Cardiff Bay,2024-05-07 02:24:00.048415
"Amazing experience, highly recommend.",5,London Canary Wharf,2024-05-07 02:24:00.048415
Delicious meals and very clean environment.,5,Manchester Didsbury,2024-05-07 02:24:00.048415
Fantastic food and great service!,5,London Canary Wharf,2024-05-07 02:24:00.048415
Fantastic food and great service!,5,Birmingham Solihull,2024-05-07 02:24:00.048415
"Amazing experience, highly recommend.",4,London Chelsea,2024-05-07 02:24:00.048415
"It was alright, the service could be better.",3,Edinburgh New Town,2024-05-07 02:24:00.048415
"Loved the burgers here, will definitely come back.",4,Glasgow City Centre,2024-05-07 02:24:00.048415
"Poor quality food, waste of money.",2,Birmingham Solihull,2024-05-07 02:24:00.048415
Delicious meals and very clean environment.,4,London Canary Wharf,2024-05-08 02:24:00.048415
"Amazing experience, highly recommend.",4,Bristol City Centre,2024-05-08 02:24:00.048415
Fantastic food and great service!,4,Edinburgh New Town,2024-05-08 02:24:00.048415
Fantastic food and great service!,5,London Canary Wharf,2024-05-08 02:24:00.048415
Fantastic food and great service!,4,Edinburgh Old Town,2024-05-08 02:24:00.048415
Terrible service and cold food.,2,Leeds Headingley,2024-05-08 02:24:00.048415
Terrible service and cold food.,2,London Canary Wharf,2024-05-08 02:24:00.048415
"Amazing experience, highly recommend.",4,London Soho,2024-05-08 02:24:00.048415
"Awful place, would not recommend.",1,London Chelsea,2024-05-08 02:24:00.048415
"Awful place, would not recommend.",2,Leeds City Centre,2024-05-08 02:24:00.048415
Delicious meals and very clean environment.,5,Edinburgh New Town,2024-05-08 02:24:00.048415
Delicious meals and very clean environment.,4,London Camden,2024-05-08 02:24:00.048415
Terrible service and cold food.,2,Sheffield Ecclesall Road,2024-05-08 02:24:00.048415
"Great place for a quick bite, friendly staff.",5,Birmingham Solihull,2024-05-08 02:24:00.048415
"Great place for a quick bite, friendly staff.",4,London Chelsea,2024-05-08 02:24:00.048415
Fantastic food and great service!,4,London Hackney,2024-05-08 02:24:00.048415
Delicious meals and very clean environment.,5,London Camden,2024-05-08 02:24:00.048415
Delicious meals and very clean environment.,4,Birmingham Edgbaston,2024-05-08 02:24:00.048415
Fantastic food and great service!,4,Cardiff Bay,2024-05-08 02:24:00.048415
Rude staff and long waiting times.,1,Sheffield City Centre,2024-05-08 02:24:00.048415
Fantastic food and great service!,5,Manchester Didsbury,2024-05-08 02:24:00.048415
Fantastic food and great service!,4,Bristol City Centre,2024-05-08 02:24:00.048415
Fantastic food and great service!,5,London Chelsea,2024-05-08 02:24:00.048415
"Loved the burgers here, will definitely come back.",5,London Hackney,2024-05-08 02:24:00.048415
"Amazing experience, highly recommend.",4,Glasgow City Centre,2024-05-08 02:24:00.048415
Delicious meals and very clean environment.,5,London Chelsea,2024-05-08 02:24:00.048415
"Great place for a quick bite, friendly staff.",5,Manchester Central,2024-05-08 02:24:00.048415
Fantastic food and great service!,5,Bristol City Centre,2024-05-08 02:24:00.048415
"Average experience, not bad but not great.",3,London Camden,2024-05-08 02:24:00.048415
"Great place for a quick bite, friendly staff.",4,Cardiff City Centre,2024-05-08 02:24:00.048415
"Amazing experience, highly recommend.",5,Bristol Clifton,2024-05-08 02:24:00.048415
"Average experience, not bad but not great.",3,Birmingham City Centre,2024-05-08 02:24:00.048415
"Great place for a quick bite, friendly staff.",5,Edinburgh Old Town,2024-05-08 02:24:00.048415
Delicious meals and very clean environment.,5,Cardiff Bay,2024-05-08 02:24:00.048415
"Great place for a quick bite, friendly staff.",4,London Canary Wharf,2024-05-08 02:24:00.048415
"Average experience, not bad but not great.",3,Cardiff City Centre,2024-05-08 02:24:00.048415
Fantastic food and great service!,5,Sheffield Ecclesall Road,2024-05-08 02:24:00.048415
"Awful place, would not recommend.",2,London Camden,2024-05-08 02:24:00.048415
"Great place for a quick bite, friendly staff.",4,London Hackney,2024-05-08 02:24:00.048415
"Very disappointing experience, will not return.",1,Sheffield Ecclesall Road,2024-05-08 02:24:00.048415
"Loved the burgers here, will definitely come back.",5,London Camden,2024-05-08 02:24:00.048415
"Great place for a quick bite, friendly staff.",4,Edinburgh New Town,2024-05-08 02:24:00.048415
"Great place for a quick bite, friendly staff.",5,Birmingham Solihull,2024-05-08 02:24:00.048415
Fantastic food and great service!,5,London Camden,2024-05-08 02:24:00.048415
Terrible service and cold food.,2,Leeds Headingley,2024-05-09 02:24:00.048415
Terrible service and cold food.,2,Birmingham Edgbaston,2024-05-09 02:24:00.048415
"Poor quality food, waste of money.",2,Liverpool Anfield,2024-05-09 02:24:00.048415
"Great place for a quick bite, friendly staff.",5,Bristol Clifton,2024-05-09 02:24:00.048415
"Great place for a quick bite, friendly staff.",4,Bristol City Centre,2024-05-09 02:24:00.048415
"Poor quality food, waste of money.",2,Birmingham Edgbaston,2024-05-09 02:24:00.048415
Fantastic food and great service!,4,Manchester Didsbury,2024-05-09 02:24:00.048415
"Awful place, would not recommend.",1,London Canary Wharf,2024-05-09 02:24:00.048415
"Loved the burgers here, will definitely come back.",4,London Hackney,2024-05-09 02:24:00.048415
Delicious meals and very clean environment.,5,London Camden,2024-05-09 02:24:00.048415
"Amazing experience, highly recommend.",5,London Hackney,2024-05-09 02:24:00.048415
"Great place for a quick bite, friendly staff.",5,Manchester Central,2024-05-09 02:24:00.048415
Rude staff and long waiting times.,2,London Canary Wharf,2024-05-09 02:24:00.048415
Fantastic food and great service!,4,London Camden,2024-05-09 02:24:00.048415
Fantastic food and great service!,5,London Soho,2024-05-09 02:24:00.048415
"Average experience, not bad but not great.",3,London Canary Wharf,2024-05-09 02:24:00.048415
Fantastic food and great service!,5,Glasgow West End,2024-05-09 02:24:00.048415
Delicious meals and very clean environment.,4,Liverpool Anfield,2024-05-09 02:24:00.048415
Rude staff and long waiting times.,1,London Canary Wharf,2024-05-09 02:24:00.048415
"Very disappointing experience, will not return.",2,Birmingham City Centre,2024-05-09 02:24:00.048415
"Poor quality food, waste of money.",2,Glasgow West End,2024-05-09 02:24:00.048415
Fantastic food and great service!,4,London Soho,2024-05-09 02:24:00.048415
"Great place for a quick bite, friendly staff.",4,London Soho,2024-05-09 02:24:00.048415
"Loved the burgers here, will definitely come back.",5,Glasgow West End,2024-05-09 02:24:00.048415
"Awful place, would not recommend.",1,London Hackney,2024-05-09 02:24:00.048415
"Great place for a quick bite, friendly staff.",5,Manchester Central,2024-05-09 02:24:00.048415
"Awful place, would not recommend.",1,Birmingham Edgbaston,2024-05-09 02:24:00.048415
"Poor quality food, waste of money.",2,Liverpool City Centre,2024-05-09 02:24:00.048415
"It was alright, the service could be better.",3,Leeds City Centre,2024-05-09 02:24:00.048415
"Amazing experience, highly recommend.",4,Sheffield Ecclesall Road,2024-05-09 02:24:00.048415
"Loved the burgers here, will definitely come back.",5,Birmingham Solihull,2024-05-09 02:24:00.048415
"Amazing experience, highly recommend.",5,London Soho,2024-05-09 02:24:00.048415
"Amazing experience, highly recommend.",5,London Hackney,2024-05-09 02:24:00.048415
"Very disappointing experience, will not return.",2,Birmingham Edgbaston,2024-05-09 02:24:00.048415
Delicious meals and very clean environment.,4,Birmingham City Centre,2024-05-09 02:24:00.048415
"Amazing experience, highly recommend.",5,Bristol Clifton,2024-05-09 02:24:00.048415
"Great place for a quick bite, friendly staff.",4,London Chelsea,2024-05-09 02:24:00.048415
Fantastic food and great service!,4,London Hackney,2024-05-09 02:24:00.048415
"Great place for a quick bite, friendly staff.",5,London Hackney,2024-05-09 02:24:00.048415
"Amazing experience, highly recommend.",4,Manchester Salford,2024-05-09 02:24:00.048415
Fantastic food and great service!,5,Manchester Didsbury,2024-05-09 02:24:00.048415
"Loved the burgers here, will definitely come back.",4,Cardiff City Centre,2024-05-09 02:24:00.048415
Rude staff and long waiting times.,1,Manchester Didsbury,2024-05-09 02:24:00.048415
"Loved the burgers here, will definitely come back.",5,London Hackney,2024-05-09 02:24:00.048415
"Loved the burgers here, will definitely come back.",5,Manchester Didsbury,2024-05-09 02:24:00.048415
Fantastic food and great service!,5,Birmingham Edgbaston,2024-05-09 02:24:00.048415
"Great place for a quick bite, friendly staff.",5,London Chelsea,2024-05-09 02:24:00.048415
Terrible service and cold food.,2,London Soho,2024-05-09 02:24:00.048415
Fantastic food and great service!,5,Manchester Central,2024-05-09 02:24:00.048415
"Loved the burgers here, will definitely come back.",5,Birmingham Solihull,2024-05-09 02:24:00.048415
Fantastic food and great service!,5,London Hackney,2024-05-09 02:24:00.048415
"Amazing experience, highly recommend.",5,Edinburgh New Town,2024-05-09 02:24:00.048415
"Great place for a quick bite, friendly staff.",4,Manchester Central,2024-05-09 02:24:00.048415
"Great place for a quick bite, friendly staff.",4,Birmingham City Centre,2024-05-09 02:24:00.048415
"Great place for a quick bite, friendly staff.",4,Edinburgh New Town,2024-05-09 02:24:00.048415
Delicious meals and very clean environment.,5,London Soho,2024-05-09 02:24:00.048415
Rude staff and long waiting times.,2,London Canary Wharf,2024-05-09 02:24:00.048415
Fantastic food and great service!,5,Manchester Didsbury,2024-05-10 02:24:00.048415
Fantastic food and great service!,5,Birmingham City Centre,2024-05-10 02:24:00.048415
"Amazing experience, highly recommend.",5,Birmingham Solihull,2024-05-10 02:24:00.048415
Delicious meals and very clean environment.,4,London Camden,2024-05-10 02:24:00.048415
Rude staff and long waiting times.,1,Bristol City Centre,2024-05-10 02:24:00.048415
"Amazing experience, highly recommend.",4,Bristol City Centre,2024-05-10 02:24:00.048415
Fantastic food and great service!,5,Bristol City Centre,2024-05-10 02:24:00.048415
Fantastic food and great service!,5,Birmingham Edgbaston,2024-05-10 02:24:00.048415
"Loved the burgers here, will definitely come back.",5,London Camden,2024-05-10 02:24:00.048415
"Amazing experience, highly recommend.",4,Bristol City Centre,2024-05-10 02:24:00.048415
Fantastic food and great service!,5,Leeds Headingley,2024-05-10 02:24:00.048415
"Great place for a quick bite, friendly staff.",5,Glasgow West End,2024-05-10 02:24:00.048415
"Amazing experience, highly recommend.",5,Liverpool Anfield,2024-05-10 02:24:00.048415
"Loved the burgers here, will definitely come back.",5,Cardiff City Centre,2024-05-10 02:24:00.048415
"Mediocre food, acceptable for a quick meal.",3,Leeds Headingley,2024-05-10 02:24:00.048415
Delicious meals and very clean environment.,4,Birmingham Solihull,2024-05-10 02:24:00.048415
"Mediocre food, acceptable for a quick meal.",3,London Chelsea,2024-05-10 02:24:00.048415
Fantastic food and great service!,4,Manchester Central,2024-05-10 02:24:00.048415
"Loved the burgers here, will definitely come back.",5,London Chelsea,2024-05-10 02:24:00.048415
"It was alright, the service could be better.",3,Bristol Clifton,2024-05-10 02:24:00.048415
Fantastic food and great service!,4,Birmingham Solihull,2024-05-10 02:24:00.048415
"Amazing experience, highly recommend.",4,Glasgow City Centre,2024-05-10 02:24:00.048415
"Amazing experience, highly recommend.",5,Cardiff City Centre,2024-05-10 02:24:00.048415
"Loved the burgers here, will definitely come back.",4,Edinburgh Old Town,2024-05-10 02:24:00.048415
Fantastic food and great service!,5,Bristol City Centre,2024-05-10 02:24:00.048415
"Amazing experience, highly recommend.",5,Liverpool City Centre,2024-05-10 02:24:00.048415
"Amazing experience, highly recommend.",4,London Camden,2024-05-10 02:24:00.048415
Fantastic food and great service!,4,London Camden,2024-05-10 02:24:00.048415
"Very disappointing experience, will not return.",1,Glasgow City Centre,2024-05-10 02:24:00.048415
Terrible service and cold food.,1,Birmingham Edgbaston,2024-05-10 02:24:00.048415
"Food was okay, nothing special.",3,Liverpool City Centre,2024-05-10 02:24:00.048415
"Poor quality food, waste of money.",2,London Canary Wharf,2024-05-10 02:24:00.048415
Fantastic food and great service!,5,Cardiff Bay,2024-05-10 02:24:00.048415
"Loved the burgers here, will definitely come back.",5,London Hackney,2024-05-10 02:24:00.048415
"Decent place, but I've had better.",3,Leeds Headingley,2024-05-10 02:24:00.048415
Fantastic food and great service!,4,Bristol Clifton,2024-05-10 02:24:00.048415
"Poor quality food, waste of money.",2,London Chelsea,2024-05-10 02:24:00.048415
Terrible service and cold food.,1,Glasgow West End,2024-05-10 02:24:00.048415
"Loved the burgers here, will definitely come back.",5,London Soho,2024-05-10 02:24:00.048415
"Great place for a quick bite, friendly staff.",5,Sheffield City Centre,2024-05-10 02:24:00.048415
"It was alright, the service could be better.",3,London Hackney,2024-05-10 02:24:00.048415
"Loved the burgers here, will definitely come back.",5,Glasgow West End,2024-05-10 02:24:00.048415
Terrible service and cold food.,2,Manchester Didsbury,2024-05-10 02:24:00.048415
Delicious meals and very clean environment.,4,London Camden,2024-05-10 02:24:00.048415
"Amazing experience, highly recommend.",5,Leeds Headingley,2024-05-10 02:24:00.048415
"Loved the burgers here, will definitely come back.",5,London Canary Wharf,2024-05-11 02:24:00.048415
"Loved the burgers here, will definitely come back.",4,Manchester Didsbury,2024-05-11 02:24:00.048415
Delicious meals and very clean environment.,5,Manchester Salford,2024-05-11 02:24:00.048415
"Amazing experience, highly recommend.",5,Birmingham Solihull,2024-05-11 02:24:00.048415
Delicious meals and very clean environment.,5,Manchester Central,2024-05-11 02:24:00.048415
"Loved the burgers here, will definitely come back.",4,Manchester Didsbury,2024-05-11 02:24:00.048415
"Great place for a quick bite, friendly staff.",4,Edinburgh Old Town,2024-05-11 02:24:00.048415
"Great place for a quick bite, friendly staff.",4,Birmingham City Centre,2024-05-11 02:24:00.048415
"Decent place, but I've had better.",3,Edinburgh New Town,2024-05-11 02:24:00.048415
"Decent place, but I've had better.",3,London Chelsea,2024-05-11 02:24:00.048415
"It was alright, the service could be better.",3,Glasgow City Centre,2024-05-11 02:24:00.048415
"Awful place, would not recommend.",2,London Hackney,2024-05-11 02:24:00.048415
"Poor quality food, waste of money.",1,London Canary Wharf,2024-05-11 02:24:00.048415
"Loved the burgers here, will definitely come back.",5,London Chelsea,2024-05-11 02:24:00.048415
"Mediocre food, acceptable for a quick meal.",3,Manchester Didsbury,2024-05-11 02:24:00.048415
Delicious meals and very clean environment.,4,London Canary Wharf,2024-05-11 02:24:00.048415
"Decent place, but I've had better.",3,London Hackney,2024-05-11 02:24:00.048415
Fantastic food and great service!,4,Glasgow West End,2024-05-11 02:24:00.048415
Delicious meals and very clean environment.,4,Manchester Salford,2024-05-11 02:24:00.048415
Rude staff and long waiting times.,1,London Soho,2024-05-11 02:24:00.048415
Fantastic food and great service!,5,Manchester Salford,2024-05-11 02:24:00.048415
Fantastic food and great service!,4,Liverpool Anfield,2024-05-11 02:24:00.048415
Fantastic food and great service!,5,Birmingham Edgbaston,2024-05-11 02:24:00.048415
Rude staff and long waiting times.,2,Bristol City Centre,2024-05-11 02:24:00.048415
"Loved the burgers here, will definitely come back.",5,London Canary Wharf,2024-05-11 02:24:00.048415
"Great place for a quick bite, friendly staff.",5,Cardiff City Centre,2024-05-11 02:24:00.048415
"Mediocre food, acceptable for a quick meal.",3,London Camden,2024-05-11 02:24:00.048415
"Loved the burgers here, will definitely come back.",5,Manchester Didsbury,2024-05-11 02:24:00.048415
Delicious meals and very clean environment.,4,Birmingham Solihull,2024-05-11 02:24:00.048415
"Loved the burgers here, will definitely come back.",5,Birmingham Solihull,2024-05-11 02:24:00.048415
"Amazing experience, highly recommend.",4,London Chelsea,2024-05-11 02:24:00.048415
"Poor quality food, waste of money.",1,London Soho,2024-05-11 02:24:00.048415
"Loved the burgers here, will definitely come back.",5,London Canary Wharf,2024-05-11 02:24:00.048415
"Loved the burgers here, will definitely come back.",5,Bristol Clifton,2024-05-11 02:24:00.048415
"Loved the burgers here, will definitely come back.",4,Liverpool City Centre,2024-05-11 02:24:00.048415
Fantastic food and great service!,5,Bristol Clifton,2024-05-11 02:24:00.048415
Fantastic food and great service!,4,London Canary Wharf,2024-05-11 02:24:00.048415
"Amazing experience, highly recommend.",5,Birmingham City Centre,2024-05-11 02:24:00.048415
"Great place for a quick bite, friendly staff.",4,London Soho,2024-05-11 02:24:00.048415
"Very disappointing experience, will not return.",2,Leeds Headingley,2024-05-11 02:24:00.048415
"Poor quality food, waste of money.",1,Edinburgh New Town,2024-05-11 02:24:00.048415
Delicious meals and very clean environment.,5,Manchester Central,2024-05-11 02:24:00.048415
"Amazing experience, highly recommend.",4,Birmingham Solihull,2024-05-11 02:24:00.048415
"Amazing experience, highly recommend.",5,Leeds City Centre,2024-05-11 02:24:00.048415
"Loved the burgers here, will definitely come back.",4,London Soho,2024-05-11 02:24:00.048415
Fantastic food and great service!,4,Manchester Salford,2024-05-11 02:24:00.048415
Delicious meals and very clean environment.,5,Sheffield City Centre,2024-05-11 02:24:00.048415
"Amazing experience, highly recommend.",4,Manchester Central,2024-05-11 02:24:00.048415
Fantastic food and great service!,4,London Soho,2024-05-11 02:24:00.048415
Delicious meals and very clean environment.,4,Cardiff Bay,2024-05-11 02:24:00.048415
"Poor quality food, waste of money.",2,Birmingham Edgbaston,2024-05-11 02:24:00.048415
Fantastic food and great service!,4,London Soho,2024-05-11 02:24:00.048415
"Loved the burgers here, will definitely come back.",4,Edinburgh New Town,2024-05-11 02:24:00.048415
"Loved the burgers here, will definitely come back.",5,London Soho,2024-05-11 02:24:00.048415
Fantastic food and great service!,4,London Chelsea,2024-05-11 02:24:00.048415
Fantastic food and great service!,4,Manchester Didsbury,2024-05-12 02:24:00.048415
"Great place for a quick bite, friendly staff.",4,Birmingham City Centre,2024-05-12 02:24:00.048415
Fantastic food and great service!,5,Manchester Central,2024-05-12 02:24:00.048415
"Great place for a quick bite, friendly staff.",4,Cardiff Bay,2024-05-12 02:24:00.048415
Fantastic food and great service!,4,London Soho,2024-05-12 02:24:00.048415
"Amazing experience, highly recommend.",4,Manchester Didsbury,2024-05-12 02:24:00.048415
"Amazing experience, highly recommend.",5,Cardiff Bay,2024-05-12 02:24:00.048415
"Very disappointing experience, will not return.",2,London Canary Wharf,2024-05-12 02:24:00.048415
Delicious meals and very clean environment.,5,Manchester Salford,2024-05-12 02:24:00.048415
"Very disappointing experience, will not return.",1,London Soho,2024-05-12 02:24:00.048415
"Amazing experience, highly recommend.",5,Liverpool Anfield,2024-05-12 02:24:00.048415
Fantastic food and great service!,5,Manchester Salford,2024-05-12 02:24:00.048415
"Decent place, but I've had better.",3,London Soho,2024-05-12 02:24:00.048415
Fantastic food and great service!,4,Cardiff Bay,2024-05-12 02:24:00.048415
"Amazing experience, highly recommend.",4,Birmingham Edgbaston,2024-05-12 02:24:00.048415
Fantastic food and great service!,5,London Chelsea,2024-05-12 02:24:00.048415
"Great place for a quick bite, friendly staff.",5,London Chelsea,2024-05-12 02:24:00.048415
Delicious meals and very clean environment.,5,Manchester Salford,2024-05-12 02:24:00.048415
"Amazing experience, highly recommend.",4,Manchester Salford,2024-05-12 02:24:00.048415
"Great place for a quick bite, friendly staff.",4,Glasgow West End,2024-05-12 02:24:00.048415
Rude staff and long waiting times.,1,Glasgow West End,2024-05-12 02:24:00.048415
"Great place for a quick bite, friendly staff.",4,Glasgow West End,2024-05-12 02:24:00.048415
"Loved the burgers here, will definitely come back.",5,London Canary Wharf,2024-05-12 02:24:00.048415
"Awful place, would not recommend.",2,Edinburgh New Town,2024-05-12 02:24:00.048415
"Awful place, would not recommend.",1,Manchester Didsbury,2024-05-12 02:24:00.048415
"Awful place, would not recommend.",2,London Soho,2024-05-12 02:24:00.048415
"Amazing experience, highly recommend.",5,Leeds City Centre,2024-05-12 02:24:00.048415
"Loved the burgers here, will definitely come back.",5,London Camden,2024-05-12 02:24:00.048415
"It was alright, the service could be better.",3,Bristol City Centre,2024-05-12 02:24:00.048415
"Loved the burgers here, will definitely come back.",4,Bristol City Centre,2024-05-12 02:24:00.048415
"Mediocre food, acceptable for a quick meal.",3,London Soho,2024-05-12 02:24:00.048415
"Great place for a quick bite, friendly staff.",5,Manchester Central,2024-05-12 02:24:00.048415
"Loved the burgers here, will definitely come back.",5,London Camden,2024-05-12 02:24:00.048415
"Great place for a quick bite, friendly staff.",5,London Camden,2024-05-12 02:24:00.048415
Terrible service and cold food.,1,London Hackney,2024-05-12 02:24:00.048415
"Loved the burgers here, will definitely come back.",4,London Canary Wharf,2024-05-12 02:24:00.048415
Fantastic food and great service!,4,Edinburgh New Town,2024-05-12 02:24:00.048415
"Loved the burgers here, will definitely come back.",5,Birmingham Edgbaston,2024-05-12 02:24:00.048415
"Awful place, would not recommend.",2,Manchester Central,2024-05-12 02:24:00.048415
Fantastic food and great service!,5,Birmingham Edgbaston,2024-05-12 02:24:00.048415
Fantastic food and great service!,5,London Chelsea,2024-05-12 02:24:00.048415
Delicious meals and very clean environment.,5,London Canary Wharf,2024-05-12 02:24:00.048415
Delicious meals and very clean environment.,4,London Camden,2024-05-12 02:24:00.048415
"Very disappointing experience, will not return.",1,Bristol Clifton,2024-05-12 02:24:00.048415
"It was alright, the service could be better.",3,Manchester Central,2024-05-12 02:24:00.048415
Fantastic food and great service!,5,Birmingham City Centre,2024-05-12 02:24:00.048415
Fantastic food and great service!,5,London Chelsea,2024-05-12 02:24:00.048415
Fantastic food and great service!,4,Edinburgh New Town,2024-05-12 02:24:00.048415
Fantastic food and great service!,4,Sheffield City Centre,2024-05-12 02:24:00.048415
"Amazing experience, highly recommend.",4,Glasgow West End,2024-05-12 02:24:00.048415
"Loved the burgers here, will definitely come back.",5,Manchester Didsbury,2024-05-13 02:24:00.048415
Fantastic food and great service!,5,London Hackney,2024-05-13 02:24:00.048415
"Awful place, would not recommend.",1,Leeds City Centre,2024-05-13 02:24:00.048415
Fantastic food and great service!,5,Manchester Didsbury,2024-05-13 02:24:00.048415
Fantastic food and great service!,5,London Camden,2024-05-13 02:24:00.048415
"Amazing experience, highly recommend.",5,Leeds Headingley,2024-05-13 02:24:00.048415
Rude staff and long waiting times.,1,Manchester Central,2024-05-13 02:24:00.048415
Fantastic food and great service!,4,London Hackney,2024-05-13 02:24:00.048415
"Great place for a quick bite, friendly staff.",4,London Canary Wharf,2024-05-13 02:24:00.048415
"Loved the burgers here, will definitely come back.",4,Birmingham City Centre,2024-05-13 02:24:00.048415
"Mediocre food, acceptable for a quick meal.",3,London Camden,2024-05-13 02:24:00.048415
Fantastic food and great service!,5,London Hackney,2024-05-13 02:24:00.048415
"Very disappointing experience, will not return.",1,Manchester Central,2024-05-13 02:24:00.048415
"Mediocre food, acceptable for a quick meal.",3,London Hackney,2024-05-13 02:24:00.048415
"Very disappointing experience, will not return.",2,Manchester Salford,2024-05-13 02:24:00.048415
Fantastic food and great service!,5,Liverpool Anfield,2024-05-13 02:24:00.048415
"Amazing experience, highly recommend.",5,London Canary Wharf,2024-05-13 02:24:00.048415
"Poor quality food, waste of money.",1,Glasgow West End,2024-05-13 02:24:00.048415
Delicious meals and very clean environment.,4,Sheffield City Centre,2024-05-13 02:24:00.048415
Delicious meals and very clean environment.,4,London Camden,2024-05-13 02:24:00.048415
Rude staff and long waiting times.,2,Glasgow West End,2024-05-13 02:24:00.048415
Terrible service and cold food.,1,London Canary Wharf,2024-05-13 02:24:00.048415
Delicious meals and very clean environment.,4,Leeds City Centre,2024-05-13 02:24:00.048415
Fantastic food and great service!,5,Liverpool City Centre,2024-05-13 02:24:00.048415
"Loved the burgers here, will definitely come back.",5,Liverpool City Centre,2024-05-13 02:24:00.048415
"Loved the burgers here, will definitely come back.",5,London Canary Wharf,2024-05-13 02:24:00.048415
"Poor quality food, waste of money.",2,Cardiff Bay,2024-05-13 02:24:00.048415
"Loved the burgers here, will definitely come back.",5,Edinburgh New Town,2024-05-13 02:24:00.048415
"Amazing experience, highly recommend.",5,Edinburgh New Town,2024-05-13 02:24:00.048415
Fantastic food and great service!,5,Leeds Headingley,2024-05-13 02:24:00.048415
Fantastic food and great service!,5,Sheffield Ecclesall Road,2024-05-13 02:24:00.048415
Delicious meals and very clean environment.,5,London Chelsea,2024-05-13 02:24:00.048415
Fantastic food and great service!,5,Bristol City Centre,2024-05-13 02:24:00.048415
"Loved the burgers here, will definitely come back.",5,Bristol City Centre,2024-05-13 02:24:00.048415
Fantastic food and great service!,4,Manchester Central,2024-05-13 02:24:00.048415
"Average experience, not bad but not great.",3,London Canary Wharf,2024-05-13 02:24:00.048415
Fantastic food and great service!,5,Leeds City Centre,2024-05-13 02:24:00.048415
Delicious meals and very clean environment.,4,Birmingham Edgbaston,2024-05-13 02:24:00.048415
"Amazing experience, highly recommend.",5,Manchester Salford,2024-05-13 02:24:00.048415
"Great place for a quick bite, friendly staff.",5,London Hackney,2024-05-13 02:24:00.048415
Delicious meals and very clean environment.,4,Birmingham Solihull,2024-05-13 02:24:00.048415
"Awful place, would not recommend.",2,Edinburgh New Town,2024-05-13 02:24:00.048415
Delicious meals and very clean environment.,4,Birmingham Solihull,2024-05-13 02:24:00.048415
Fantastic food and great service!,5,Bristol City Centre,2024-05-13 02:24:00.048415
Fantastic food and great service!,4,Manchester Central,2024-05-13 02:24:00.048415
Delicious meals and very clean environment.,5,Manchester Salford,2024-05-13 02:24:00.048415
"Amazing experience, highly recommend.",4,Birmingham Edgbaston,2024-05-13 02:24:00.048415
Delicious meals and very clean environment.,5,Leeds Headingley,2024-05-13 02:24:00.048415
Fantastic food and great service!,4,London Soho,2024-05-13 02:24:00.048415
Fantastic food and great service!,4,Leeds City Centre,2024-05-13 02:24:00.048415
Delicious meals and very clean environment.,4,London Hackney,2024-05-13 02:24:00.048415
"Amazing experience, highly recommend.",5,London Soho,2024-05-13 02:24:00.048415
Delicious meals and very clean environment.,5,London Soho,2024-05-13 02:24:00.048415
"Loved the burgers here, will definitely come back.",5,Glasgow West End,2024-05-13 02:24:00.048415
"It was alright, the service could be better.",3,Birmingham City Centre,2024-05-13 02:24:00.048415
"It was alright, the service could be better.",3,London Chelsea,2024-05-13 02:24:00.048415
Fantastic food and great service!,5,London Camden,2024-05-13 02:24:00.048415
"It was alright, the service could be better.",3,Bristol Clifton,2024-05-13 02:24:00.048415
Rude staff and long waiting times.,1,Manchester Salford,2024-05-13 02:24:00.048415
"Loved the burgers here, will definitely come back.",5,London Camden,2024-05-13 02:24:00.048415
"Mediocre food, acceptable for a quick meal.",3,Bristol City Centre,2024-05-13 02:24:00.048415
Fantastic food and great service!,4,Birmingham Edgbaston,2024-05-13 02:24:00.048415
Delicious meals and very clean environment.,5,London Canary Wharf,2024-05-14 02:24:00.048415
"Very disappointing experience, will not return.",2,London Hackney,2024-05-14 02:24:00.048415
"Very disappointing experience, will not return.",2,Leeds Headingley,2024-05-14 02:24:00.048415
Delicious meals and very clean environment.,5,Manchester Didsbury,2024-05-14 02:24:00.048415
"Decent place, but I've had better.",3,London Camden,2024-05-14 02:24:00.048415
"Awful place, would not recommend.",2,Manchester Didsbury,2024-05-14 02:24:00.048415
"Loved the burgers here, will definitely come back.",4,London Hackney,2024-05-14 02:24:00.048415
"Average experience, not bad but not great.",3,London Hackney,2024-05-14 02:24:00.048415
"Loved the burgers here, will definitely come back.",4,London Camden,2024-05-14 02:24:00.048415
"Amazing experience, highly recommend.",5,Manchester Central,2024-05-14 02:24:00.048415
Fantastic food and great service!,5,London Hackney,2024-05-14 02:24:00.048415
"Great place for a quick bite, friendly staff.",5,London Chelsea,2024-05-14 02:24:00.048415
"Great place for a quick bite, friendly staff.",4,London Camden,2024-05-14 02:24:00.048415
Rude staff and long waiting times.,1,Birmingham Solihull,2024-05-14 02:24:00.048415
Delicious meals and very clean environment.,4,London Canary Wharf,2024-05-14 02:24:00.048415
Delicious meals and very clean environment.,4,London Soho,2024-05-14 02:24:00.048415
"Amazing experience, highly recommend.",5,London Soho,2024-05-14 02:24:00.048415
"Loved the burgers here, will definitely come back.",4,London Hackney,2024-05-14 02:24:00.048415
"Loved the burgers here, will definitely come back.",4,London Hackney,2024-05-14 02:24:00.048415
"Loved the burgers here, will definitely come back.",5,Sheffield Ecclesall Road,2024-05-14 02:24:00.048415
"Great place for a quick bite, friendly staff.",4,Sheffield City Centre,2024-05-14 02:24:00.048415
"It was alright, the service could be better.",3,Manchester Salford,2024-05-14 02:24:00.048415
Fantastic food and great service!,4,Manchester Salford,2024-05-14 02:24:00.048415
Fantastic food and great service!,4,London Camden,2024-05-14 02:24:00.048415
"Great place for a quick bite, friendly staff.",5,London Soho,2024-05-14 02:24:00.048415
"Great place for a quick bite, friendly staff.",5,Sheffield Ecclesall Road,2024-05-14 02:24:00.048415
"Loved the burgers here, will definitely come back.",5,London Camden,2024-05-14 02:24:00.048415
Fantastic food and great service!,4,Cardiff Bay,2024-05-14 02:24:00.048415
Delicious meals and very clean environment.,5,Liverpool Anfield,2024-05-14 02:24:00.048415
"Loved the burgers here, will definitely come back.",4,London Hackney,2024-05-14 02:24:00.048415
Fantastic food and great service!,5,London Canary Wharf,2024-05-14 02:24:00.048415
"Great place for a quick bite, friendly staff.",5,Bristol Clifton,2024-05-14 02:24:00.048415
Delicious meals and very clean environment.,5,London Camden,2024-05-14 02:24:00.048415
"Poor quality food, waste of money.",1,London Camden,2024-05-14 02:24:00.048415
"Great place for a quick bite, friendly staff.",5,Cardiff City Centre,2024-05-14 02:24:00.048415
"Great place for a quick bite, friendly staff.",4,London Camden,2024-05-14 02:24:00.048415
"Amazing experience, highly recommend.",4,Bristol City Centre,2024-05-14 02:24:00.048415
"Loved the burgers here, will definitely come back.",4,London Camden,2024-05-14 02:24:00.048415
"It was alright, the service could be better.",3,Birmingham City Centre,2024-05-14 02:24:00.048415
"Great place for a quick bite, friendly staff.",4,London Hackney,2024-05-14 02:24:00.048415
"Amazing experience, highly recommend.",5,Sheffield City Centre,2024-05-14 02:24:00.048415
"Average experience, not bad but not great.",3,London Chelsea,2024-05-14 02:24:00.048415
Fantastic food and great service!,4,London Hackney,2024-05-14 02:24:00.048415
Delicious meals and very clean environment.,5,Liverpool Anfield,2024-05-14 02:24:00.048415
Fantastic food and great service!,4,Leeds Headingley,2024-05-14 02:24:00.048415
"Poor quality food, waste of money.",2,Manchester Central,2024-05-14 02:24:00.048415
"Decent place, but I've had better.",3,London Camden,2024-05-14 02:24:00.048415
Delicious meals and very clean environment.,4,London Camden,2024-05-14 02:24:00.048415
"Loved the burgers here, will definitely come back.",4,Birmingham City Centre,2024-05-14 02:24:00.048415
Terrible service and cold food.,1,Birmingham City Centre,2024-05-14 02:24:00.048415
"Very disappointing experience, will not return.",1,London Canary Wharf,2024-05-14 02:24:00.048415
"Mediocre food, acceptable for a quick meal.",3,Liverpool Anfield,2024-05-14 02:24:00.048415
"Great place for a quick bite, friendly staff.",5,London Soho,2024-05-14 02:24:00.048415
"Great place for a quick bite, friendly staff.",5,Cardiff City Centre,2024-05-14 02:24:00.048415
"Loved the burgers here, will definitely come back.",4,London Hackney,2024-05-14 02:24:00.048415
"Poor quality food, waste of money.",2,Cardiff City Centre,2024-05-14 02:24:00.048415
"Amazing experience, highly recommend.",4,London Canary Wharf,2024-05-14 02:24:00.048415
Delicious meals and very clean environment.,4,Bristol City Centre,2024-05-14 02:24:00.048415
"Great place for a quick bite, friendly staff.",5,London Hackney,2024-05-14 02:24:00.048415
"Loved the burgers here, will definitely come back.",4,Bristol City Centre,2024-05-14 02:24:00.048415
Delicious meals and very clean environment.,5,London Canary Wharf,2024-05-14 02:24:00.048415
Delicious meals and very clean environment.,5,London Hackney,2024-05-14 02:24:00.048415
Delicious meals and very clean environment.,4,Glasgow City Centre,2024-05-15 02:24:00.048415
"Loved the burgers here, will definitely come back.",4,Liverpool City Centre,2024-05-15 02:24:00.048415
"Poor quality food, waste of money.",2,Liverpool Anfield,2024-05-15 02:24:00.048415
"Loved the burgers here, will definitely come back.",5,London Soho,2024-05-15 02:24:00.048415
Terrible service and cold food.,1,Leeds City Centre,2024-05-15 02:24:00.048415
"Decent place, but I've had better.",3,Liverpool City Centre,2024-05-15 02:24:00.048415
"Great place for a quick bite, friendly staff.",5,London Canary Wharf,2024-05-15 02:24:00.048415
Fantastic food and great service!,4,Bristol City Centre,2024-05-15 02:24:00.048415
"Amazing experience, highly recommend.",4,London Soho,2024-05-15 02:24:00.048415
Delicious meals and very clean environment.,4,London Canary Wharf,2024-05-15 02:24:00.048415
"Food was okay, nothing special.",3,Liverpool City Centre,2024-05-15 02:24:00.048415
"Loved the burgers here, will definitely come back.",4,Edinburgh New Town,2024-05-15 02:24:00.048415
"Great place for a quick bite, friendly staff.",5,Cardiff City Centre,2024-05-15 02:24:00.048415
"Loved the burgers here, will definitely come back.",4,Birmingham Edgbaston,2024-05-15 02:24:00.048415
"Decent place, but I've had better.",3,London Hackney,2024-05-15 02:24:00.048415
"Great place for a quick bite, friendly staff.",5,Birmingham Solihull,2024-05-15 02:24:00.048415
"Average experience, not bad but not great.",3,London Soho,2024-05-15 02:24:00.048415
Fantastic food and great service!,4,Birmingham City Centre,2024-05-15 02:24:00.048415
Rude staff and long waiting times.,1,London Hackney,2024-05-15 02:24:00.048415
Fantastic food and great service!,4,Sheffield Ecclesall Road,2024-05-15 02:24:00.048415
"Great place for a quick bite, friendly staff.",5,London Camden,2024-05-15 02:24:00.048415
Fantastic food and great service!,5,Sheffield City Centre,2024-05-15 02:24:00.048415
Delicious meals and very clean environment.,4,London Soho,2024-05-15 02:24:00.048415
Fantastic food and great service!,5,London Soho,2024-05-15 02:24:00.048415
Rude staff and long waiting times.,1,London Camden,2024-05-15 02:24:00.048415
"Mediocre food, acceptable for a quick meal.",3,London Soho,2024-05-15 02:24:00.048415
"Mediocre food, acceptable for a quick meal.",3,Bristol Clifton,2024-05-15 02:24:00.048415
"Amazing experience, highly recommend.",4,Leeds City Centre,2024-05-15 02:24:00.048415
Rude staff and long waiting times.,1,London Canary Wharf,2024-05-15 02:24:00.048415
"Poor quality food, waste of money.",2,London Chelsea,2024-05-15 02:24:00.048415
"Loved the burgers here, will definitely come back.",4,London Canary Wharf,2024-05-15 02:24:00.048415
"Amazing experience, highly recommend.",5,Leeds City Centre,2024-05-15 02:24:00.048415
"Awful place, would not recommend.",1,Birmingham Edgbaston,2024-05-15 02:24:00.048415
Fantastic food and great service!,5,London Soho,2024-05-15 02:24:00.048415
"Very disappointing experience, will not return.",2,London Hackney,2024-05-15 02:24:00.048415
Fantastic food and great service!,5,Leeds City Centre,2024-05-15 02:24:00.048415
Delicious meals and very clean environment.,5,London Camden,2024-05-15 02:24:00.048415
"Great place for a quick bite, friendly staff.",5,Birmingham City Centre,2024-05-15 02:24:00.048415
"Loved the burgers here, will definitely come back.",4,Manchester Didsbury,2024-05-15 02:24:00.048415
"Great place for a quick bite, friendly staff.",5,Edinburgh Old Town,2024-05-15 02:24:00.048415
"Awful place, would not recommend.",2,Glasgow City Centre,2024-05-15 02:24:00.048415
"Loved the burgers here, will definitely come back.",5,London Canary Wharf,2024-05-15 02:24:00.048415
"Decent place, but I've had better.",3,Glasgow City Centre,2024-05-15 02:24:00.048415
Rude staff and long waiting times.,1,London Canary Wharf,2024-05-15 02:24:00.048415
"Amazing experience, highly recommend.",4,London Camden,2024-05-15 02:24:00.048415
Fantastic food and great service!,5,Manchester Central,2024-05-15 02:24:00.048415
Fantastic food and great service!,5,Birmingham City Centre,2024-05-15 02:24:00.048415
"Loved the burgers here, will definitely come back.",5,London Soho,2024-05-15 02:24:00.048415
"Amazing experience, highly recommend.",5,Edinburgh New Town,2024-05-16 02:24:00.048415
Fantastic food and great service!,4,London Chelsea,2024-05-16 02:24:00.048415
"Amazing experience, highly recommend.",5,London Canary Wharf,2024-05-16 02:24:00.048415
"Awful place, would not recommend.",1,Bristol City Centre,2024-05-16 02:24:00.048415
Delicious meals and very clean environment.,5,London Hackney,2024-05-16 02:24:00.048415
Delicious meals and very clean environment.,5,Manchester Didsbury,2024-05-16 02:24:00.048415
"Amazing experience, highly recommend.",5,Manchester Didsbury,2024-05-16 02:24:00.048415
Delicious meals and very clean environment.,5,London Canary Wharf,2024-05-16 02:24:00.048415
"Awful place, would not recommend.",1,Cardiff City Centre,2024-05-16 02:24:00.048415
"Great place for a quick bite, friendly staff.",4,London Hackney,2024-05-16 02:24:00.048415
Fantastic food and great service!,4,Birmingham Solihull,2024-05-16 02:24:00.048415
Delicious meals and very clean environment.,5,Birmingham City Centre,2024-05-16 02:24:00.048415
Rude staff and long waiting times.,2,London Soho,2024-05-16 02:24:00.048415
Fantastic food and great service!,4,Birmingham City Centre,2024-05-16 02:24:00.048415
Fantastic food and great service!,4,London Soho,2024-05-16 02:24:00.048415
"Amazing experience, highly recommend.",5,Glasgow City Centre,2024-05-16 02:24:00.048415
"Loved the burgers here, will definitely come back.",5,Cardiff Bay,2024-05-16 02:24:00.048415
Delicious meals and very clean environment.,5,Liverpool Anfield,2024-05-16 02:24:00.048415
"Awful place, would not recommend.",1,Birmingham Edgbaston,2024-05-16 02:24:00.048415
Delicious meals and very clean environment.,4,Glasgow West End,2024-05-16 02:24:00.048415
"Amazing experience, highly recommend.",5,Sheffield Ecclesall Road,2024-05-16 02:24:00.048415
"Loved the burgers here, will definitely come back.",5,London Hackney,2024-05-16 02:24:00.048415
"Loved the burgers here, will definitely come back.",5,Birmingham Edgbaston,2024-05-16 02:24:00.048415
"Great place for a quick bite, friendly staff.",5,Manchester Central,2024-05-16 02:24:00.048415
"Great place for a quick bite, friendly staff.",5,Leeds Headingley,2024-05-16 02:24:00.048415
"Loved the burgers here, will definitely come back.",5,Sheffield Ecclesall Road,2024-05-16 02:24:00.048415
"Awful place, would not recommend.",2,Glasgow West End,2024-05-16 02:24:00.048415
Delicious meals and very clean environment.,4,Liverpool City Centre,2024-05-16 02:24:00.048415
"Amazing experience, highly recommend.",5,Birmingham Edgbaston,2024-05-16 02:24:00.048415
"Loved the burgers here, will definitely come back.",5,Manchester Didsbury,2024-05-16 02:24:00.048415
"Poor quality food, waste of money.",2,Birmingham Solihull,2024-05-16 02:24:00.048415
Fantastic food and great service!,5,Edinburgh Old Town,2024-05-16 02:24:00.048415
"Awful place, would not recommend.",2,London Camden,2024-05-16 02:24:00.048415
"Loved the burgers here, will definitely come back.",5,London Hackney,2024-05-16 02:24:00.048415
Terrible service and cold food.,2,London Chelsea,2024-05-16 02:24:00.048415
Fantastic food and great service!,5,Birmingham Edgbaston,2024-05-16 02:24:00.048415
"Loved the burgers here, will definitely come back.",4,Birmingham Solihull,2024-05-16 02:24:00.048415
"Mediocre food, acceptable for a quick meal.",3,London Chelsea,2024-05-16 02:24:00.048415
"Mediocre food, acceptable for a quick meal.",3,Birmingham Edgbaston,2024-05-16 02:24:00.048415
Fantastic food and great service!,5,Manchester Didsbury,2024-05-16 02:24:00.048415
Fantastic food and great service!,4,London Chelsea,2024-05-16 02:24:00.048415
"Awful place, would not recommend.",1,Sheffield Ecclesall Road,2024-05-16 02:24:00.048415
"Decent place, but I've had better.",3,Bristol Clifton,2024-05-16 02:24:00.048415
"Great place for a quick bite, friendly staff.",4,Birmingham Solihull,2024-05-16 02:24:00.048415
Delicious meals and very clean environment.,4,Glasgow West End,2024-05-16 02:24:00.048415
"Decent place, but I've had better.",3,London Camden,2024-05-16 02:24:00.048415
"Loved the burgers here, will definitely come back.",5,Birmingham Solihull,2024-05-17 02:24:00.048415
"Amazing experience, highly recommend.",5,Edinburgh New Town,2024-05-17 02:24:00.048415
Delicious meals and very clean environment.,4,Liverpool City Centre,2024-05-17 02:24:00.048415
"Very disappointing experience, will not return.",1,London Hackney,2024-05-17 02:24:00.048415
Delicious meals and very clean environment.,5,London Camden,2024-05-17 02:24:00.048415
"Very disappointing experience, will not return.",1,Edinburgh Old Town,2024-05-17 02:24:00.048415
"Amazing experience, highly recommend.",5,Leeds City Centre,2024-05-17 02:24:00.048415
"Amazing experience, highly recommend.",5,Bristol Clifton,2024-05-17 02:24:00.048415
"Loved the burgers here, will definitely come back.",5,Sheffield Ecclesall Road,2024-05-17 02:24:00.048415
Rude staff and long waiting times.,1,Birmingham City Centre,2024-05-17 02:24:00.048415
"Great place for a quick bite, friendly staff.",5,Glasgow West End,2024-05-17 02:24:00.048415
"Great place for a quick bite, friendly staff.",5,London Soho,2024-05-17 02:24:00.048415
Delicious meals and very clean environment.,5,London Camden,2024-05-17 02:24:00.048415
Delicious meals and very clean environment.,4,Liverpool City Centre,2024-05-17 02:24:00.048415
"Food was okay, nothing special.",3,Manchester Didsbury,2024-05-17 02:24:00.048415
Fantastic food and great service!,4,Birmingham Solihull,2024-05-17 02:24:00.048415
Fantastic food and great service!,4,Birmingham Solihull,2024-05-17 02:24:00.048415
"Loved the burgers here, will definitely come back.",5,Glasgow City Centre,2024-05-17 02:24:00.048415
Fantastic food and great service!,5,Cardiff City Centre,2024-05-17 02:24:00.048415
Fantastic food and great service!,4,Birmingham Edgbaston,2024-05-17 02:24:00.048415
Terrible service and cold food.,1,Bristol Clifton,2024-05-17 02:24:00.048415
Delicious meals and very clean environment.,5,London Hackney,2024-05-17 02:24:00.048415
Fantastic food and great service!,4,London Soho,2024-05-17 02:24:00.048415
"Loved the burgers here, will definitely come back.",5,London Canary Wharf,2024-05-17 02:24:00.048415
Delicious meals and very clean environment.,5,Edinburgh Old Town,2024-05-17 02:24:00.048415
"Poor quality food, waste of money.",2,Manchester Central,2024-05-17 02:24:00.048415
"Loved the burgers here, will definitely come back.",4,London Hackney,2024-05-17 02:24:00.048415
"Poor quality food, waste of money.",1,Birmingham Solihull,2024-05-17 02:24:00.048415
"Loved the burgers here, will definitely come back.",5,London Soho,2024-05-17 02:24:00.048415
"Average experience, not bad but not great.",3,London Canary Wharf,2024-05-17 02:24:00.048415
"Amazing experience, highly recommend.",4,Birmingham City Centre,2024-05-17 02:24:00.048415
"Great place for a quick bite, friendly staff.",5,London Chelsea,2024-05-17 02:24:00.048415
Terrible service and cold food.,2,London Camden,2024-05-17 02:24:00.048415
"Great place for a quick bite, friendly staff.",4,Cardiff City Centre,2024-05-17 02:24:00.048415
"Amazing experience, highly recommend.",5,Manchester Salford,2024-05-17 02:24:00.048415
"Great place for a quick bite, friendly staff.",5,Manchester Didsbury,2024-05-17 02:24:00.048415
"Mediocre food, acceptable for a quick meal.",3,Birmingham Solihull,2024-05-17 02:24:00.048415
"Amazing experience, highly recommend.",5,Glasgow City Centre,2024-05-17 02:24:00.048415
"Poor quality food, waste of money.",1,Cardiff City Centre,2024-05-17 02:24:00.048415
Delicious meals and very clean environment.,5,London Soho,2024-05-17 02:24:00.048415
"Loved the burgers here, will definitely come back.",5,Birmingham City Centre,2024-05-17 02:24:00.048415
"Amazing experience, highly recommend.",4,Birmingham Solihull,2024-05-17 02:24:00.048415
Rude staff and long waiting times.,1,Leeds City Centre,2024-05-17 02:24:00.048415
"Loved the burgers here, will definitely come back.",5,Bristol Clifton,2024-05-17 02:24:00.048415
"Amazing experience, highly recommend.",5,Glasgow City Centre,2024-05-17 02:24:00.048415
"Great place for a quick bite, friendly staff.",5,London Hackney,2024-05-17 02:24:00.048415
Delicious meals and very clean environment.,4,Manchester Central,2024-05-17 02:24:00.048415
Terrible service and cold food.,2,Bristol City Centre,2024-05-17 02:24:00.048415
Delicious meals and very clean environment.,5,Birmingham City Centre,2024-05-17 02:24:00.048415
Fantastic food and great service!,5,London Canary Wharf,2024-05-17 02:24:00.048415
"Great place for a quick bite, friendly staff.",5,London Soho,2024-05-17 02:24:00.048415
Fantastic food and great service!,5,Glasgow City Centre,2024-05-18 02:24:00.048415
"Very disappointing experience, will not return.",2,Birmingham Solihull,2024-05-18 02:24:00.048415
"Decent place, but I've had better.",3,London Hackney,2024-05-18 02:24:00.048415
Fantastic food and great service!,4,Sheffield City Centre,2024-05-18 02:24:00.048415
"Amazing experience, highly recommend.",4,London Soho,2024-05-18 02:24:00.048415
Fantastic food and great service!,4,Bristol Clifton,2024-05-18 02:24:00.048415
"Amazing experience, highly recommend.",5,Birmingham City Centre,2024-05-18 02:24:00.048415
Terrible service and cold food.,1,Manchester Didsbury,2024-05-18 02:24:00.048415
"Average experience, not bad but not great.",3,Edinburgh Old Town,2024-05-18 02:24:00.048415
"Loved the burgers here, will definitely come back.",5,Sheffield City Centre,2024-05-18 02:24:00.048415
"Loved the burgers here, will definitely come back.",4,Manchester Salford,2024-05-18 02:24:00.048415
"Loved the burgers here, will definitely come back.",5,Edinburgh New Town,2024-05-18 02:24:00.048415
Terrible service and cold food.,2,London Soho,2024-05-18 02:24:00.048415
"Great place for a quick bite, friendly staff.",4,Manchester Central,2024-05-18 02:24:00.048415
"Amazing experience, highly recommend.",4,Birmingham Edgbaston,2024-05-18 02:24:00.048415
Terrible service and cold food.,1,Birmingham City Centre,2024-05-18 02:24:00.048415
"Amazing experience, highly recommend.",4,Bristol Clifton,2024-05-18 02:24:00.048415
"Poor quality food, waste of money.",2,Manchester Didsbury,2024-05-18 02:24:00.048415
"Loved the burgers here, will definitely come back.",4,Birmingham Solihull,2024-05-18 02:24:00.048415
Fantastic food and great service!,4,Bristol Clifton,2024-05-18 02:24:00.048415
Fantastic food and great service!,4,Manchester Central,2024-05-18 02:24:00.048415
Delicious meals and very clean environment.,4,Leeds Headingley,2024-05-18 02:24:00.048415
"Great place for a quick bite, friendly staff.",4,Edinburgh Old Town,2024-05-18 02:24:00.048415
"Amazing experience, highly recommend.",4,Manchester Central,2024-05-18 02:24:00.048415
Rude staff and long waiting times.,2,London Chelsea,2024-05-18 02:24:00.048415
Delicious meals and very clean environment.,4,London Chelsea,2024-05-18 02:24:00.048415
"Great place for a quick bite, friendly staff.",5,Manchester Central,2024-05-18 02:24:00.048415
Fantastic food and great service!,4,London Camden,2024-05-18 02:24:00.048415
Delicious meals and very clean environment.,4,London Hackney,2024-05-18 02:24:00.048415
Rude staff and long waiting times.,1,Cardiff City Centre,2024-05-18 02:24:00.048415
"Amazing experience, highly recommend.",5,Manchester Central,2024-05-18 02:24:00.048415
"Loved the burgers here, will definitely come back.",4,London Canary Wharf,2024-05-18 02:24:00.048415
"Amazing experience, highly recommend.",5,Birmingham Solihull,2024-05-18 02:24:00.048415
"Amazing experience, highly recommend.",4,Liverpool Anfield,2024-05-18 02:24:00.048415
Terrible service and cold food.,1,Manchester Central,2024-05-18 02:24:00.048415
"Amazing experience, highly recommend.",5,Sheffield City Centre,2024-05-18 02:24:00.048415
"Mediocre food, acceptable for a quick meal.",3,Edinburgh New Town,2024-05-18 02:24:00.048415
"Great place for a quick bite, friendly staff.",5,London Hackney,2024-05-18 02:24:00.048415
"Great place for a quick bite, friendly staff.",5,London Chelsea,2024-05-18 02:24:00.048415
"Poor quality food, waste of money.",1,Birmingham Edgbaston,2024-05-19 02:24:00.048415
"Poor quality food, waste of money.",1,Leeds Headingley,2024-05-19 02:24:00.048415
"Mediocre food, acceptable for a quick meal.",3,Edinburgh New Town,2024-05-19 02:24:00.048415
"Mediocre food, acceptable for a quick meal.",3,Manchester Didsbury,2024-05-19 02:24:00.048415
"It was alright, the service could be better.",3,London Chelsea,2024-05-19 02:24:00.048415
"Loved the burgers here, will definitely come back.",5,London Camden,2024-05-19 02:24:00.048415
Delicious meals and very clean environment.,5,London Camden,2024-05-19 02:24:00.048415
"Amazing experience, highly recommend.",5,Bristol City Centre,2024-05-19 02:24:00.048415
Delicious meals and very clean environment.,5,London Camden,2024-05-19 02:24:00.048415
Fantastic food and great service!,5,Bristol City Centre,2024-05-19 02:24:00.048415
"Great place for a quick bite, friendly staff.",5,Cardiff Bay,2024-05-19 02:24:00.048415
"Loved the burgers here, will definitely come back.",5,London Hackney,2024-05-19 02:24:00.048415
"Awful place, would not recommend.",1,London Chelsea,2024-05-19 02:24:00.048415
"Amazing experience, highly recommend.",4,Manchester Didsbury,2024-05-19 02:24:00.048415
"Loved the burgers here, will definitely come back.",5,Edinburgh Old Town,2024-05-19 02:24:00.048415
Delicious meals and very clean environment.,4,Birmingham Edgbaston,2024-05-19 02:24:00.048415
"Amazing experience, highly recommend.",4,London Chelsea,2024-05-19 02:24:00.048415
Delicious meals and very clean environment.,5,London Soho,2024-05-19 02:24:00.048415
Delicious meals and very clean environment.,5,London Camden,2024-05-19 02:24:00.048415
"Very disappointing experience, will not return.",1,London Hackney,2024-05-19 02:24:00.048415
"It was alright, the service could be better.",3,Cardiff City Centre,2024-05-19 02:24:00.048415
"Loved the burgers here, will definitely come back.",4,Manchester Central,2024-05-19 02:24:00.048415
Fantastic food and great service!,5,London Hackney,2024-05-19 02:24:00.048415
"Loved the burgers here, will definitely come back.",4,London Canary Wharf,2024-05-19 02:24:00.048415
"Decent place, but I've had better.",3,Leeds Headingley,2024-05-19 02:24:00.048415
"Poor quality food, waste of money.",1,London Chelsea,2024-05-19 02:24:00.048415
"Loved the burgers here, will definitely come back.",4,Liverpool City Centre,2024-05-19 02:24:00.048415
"Great place for a quick bite, friendly staff.",4,London Chelsea,2024-05-19 02:24:00.048415
"Decent place, but I've had better.",3,London Canary Wharf,2024-05-19 02:24:00.048415
Fantastic food and great service!,5,London Camden,2024-05-19 02:24:00.048415
Delicious meals and very clean environment.,4,Manchester Central,2024-05-19 02:24:00.048415
"Amazing experience, highly recommend.",5,Manchester Salford,2024-05-19 02:24:00.048415
Fantastic food and great service!,4,Birmingham City Centre,2024-05-19 02:24:00.048415
"Amazing experience, highly recommend.",4,London Chelsea,2024-05-19 02:24:00.048415
"Loved the burgers here, will definitely come back.",5,Cardiff Bay,2024-05-19 02:24:00.048415
Delicious meals and very clean environment.,4,Manchester Central,2024-05-19 02:24:00.048415
"Very disappointing experience, will not return.",2,London Hackney,2024-05-19 02:24:00.048415
"Loved the burgers here, will definitely come back.",5,London Camden,2024-05-19 02:24:00.048415
Delicious meals and very clean environment.,4,London Canary Wharf,2024-05-19 02:24:00.048415
"Poor quality food, waste of money.",1,Manchester Salford,2024-05-19 02:24:00.048415
"Food was okay, nothing special.",3,Birmingham City Centre,2024-05-19 02:24:00.048415
Terrible service and cold food.,1,Edinburgh New Town,2024-05-19 02:24:00.048415
"Great place for a quick bite, friendly staff.",5,Birmingham Solihull,2024-05-19 02:24:00.048415
"Poor quality food, waste of money.",1,Glasgow West End,2024-05-19 02:24:00.048415
"Awful place, would not recommend.",2,Edinburgh Old Town,2024-05-19 02:24:00.048415
"Awful place, would not recommend.",1,London Canary Wharf,2024-05-19 02:24:00.048415
"Amazing experience, highly recommend.",5,Birmingham Solihull,2024-05-19 02:24:00.048415
"Average experience, not bad but not great.",3,Leeds City Centre,2024-05-19 02:24:00.048415
Delicious meals and very clean environment.,5,Birmingham Solihull,2024-05-19 02:24:00.048415
Fantastic food and great service!,4,Manchester Central,2024-05-19 02:24:00.048415
"Loved the burgers here, will definitely come back.",5,London Soho,2024-05-19 02:24:00.048415
"Great place for a quick bite, friendly staff.",5,Sheffield City Centre,2024-05-20 02:24:00.048415
"Amazing experience, highly recommend.",5,Glasgow West End,2024-05-20 02:24:00.048415
"It was alright, the service could be better.",3,Birmingham Solihull,2024-05-20 02:24:00.048415
"Loved the burgers here, will definitely come back.",5,London Canary Wharf,2024-05-20 02:24:00.048415
"Amazing experience, highly recommend.",4,London Soho,2024-05-20 02:24:00.048415
"Decent place, but I've had better.",3,Bristol City Centre,2024-05-20 02:24:00.048415
"Loved the burgers here, will definitely come back.",5,Glasgow West End,2024-05-20 02:24:00.048415
Delicious meals and very clean environment.,5,Manchester Central,2024-05-20 02:24:00.048415
"Amazing experience, highly recommend.",5,Sheffield Ecclesall Road,2024-05-20 02:24:00.048415
Delicious meals and very clean environment.,4,London Chelsea,2024-05-20 02:24:00.048415
Fantastic food and great service!,4,Glasgow West End,2024-05-20 02:24:00.048415
Fantastic food and great service!,4,Edinburgh Old Town,2024-05-20 02:24:00.048415
"Amazing experience, highly recommend.",5,London Chelsea,2024-05-20 02:24:00.048415
"Mediocre food, acceptable for a quick meal.",3,Birmingham City Centre,2024-05-20 02:24:00.048415
"Very disappointing experience, will not return.",2,Manchester Salford,2024-05-20 02:24:00.048415
"Amazing experience, highly recommend.",5,London Canary Wharf,2024-05-20 02:24:00.048415
"Awful place, would not recommend.",2,Birmingham City Centre,2024-05-20 02:24:00.048415
Delicious meals and very clean environment.,5,London Soho,2024-05-20 02:24:00.048415
"Amazing experience, highly recommend.",5,Glasgow West End,2024-05-20 02:24:00.048415
Fantastic food and great service!,4,London Canary Wharf,2024-05-20 02:24:00.048415
"Decent place, but I've had better.",3,Sheffield City Centre,2024-05-20 02:24:00.048415
"Loved the burgers here, will definitely come back.",5,Glasgow City Centre,2024-05-20 02:24:00.048415
"Loved the burgers here, will definitely come back.",4,London Chelsea,2024-05-20 02:24:00.048415
Terrible service and cold food.,2,London Soho,2024-05-20 02:24:00.048415
Fantastic food and great service!,4,Manchester Didsbury,2024-05-20 02:24:00.048415
Fantastic food and great service!,4,London Hackney,2024-05-20 02:24:00.048415
Rude staff and long waiting times.,1,Cardiff City Centre,2024-05-20 02:24:00.048415
Fantastic food and great service!,5,London Soho,2024-05-20 02:24:00.048415
"Great place for a quick bite, friendly staff.",4,Edinburgh Old Town,2024-05-20 02:24:00.048415
"Very disappointing experience, will not return.",2,Birmingham City Centre,2024-05-20 02:24:00.048415
"Loved the burgers here, will definitely come back.",4,Leeds Headingley,2024-05-20 02:24:00.048415
"Awful place, would not recommend.",2,London Soho,2024-05-20 02:24:00.048415
"Mediocre food, acceptable for a quick meal.",3,Manchester Didsbury,2024-05-20 02:24:00.048415
Delicious meals and very clean environment.,4,Manchester Salford,2024-05-20 02:24:00.048415
"Great place for a quick bite, friendly staff.",5,London Hackney,2024-05-20 02:24:00.048415
"Loved the burgers here, will definitely come back.",4,London Canary Wharf,2024-05-20 02:24:00.048415
"Amazing experience, highly recommend.",4,London Canary Wharf,2024-05-20 02:24:00.048415
Delicious meals and very clean environment.,5,Manchester Central,2024-05-20 02:24:00.048415
"Very disappointing experience, will not return.",2,Glasgow City Centre,2024-05-20 02:24:00.048415
"Loved the burgers here, will definitely come back.",4,London Camden,2024-05-20 02:24:00.048415
"Awful place, would not recommend.",1,Liverpool City Centre,2024-05-20 02:24:00.048415
"Amazing experience, highly recommend.",5,Leeds City Centre,2024-05-20 02:24:00.048415
"Loved the burgers here, will definitely come back.",5,Liverpool City Centre,2024-05-20 02:24:00.048415
Fantastic food and great service!,5,Sheffield City Centre,2024-05-20 02:24:00.048415
Delicious meals and very clean environment.,4,London Soho,2024-05-20 02:24:00.048415
Delicious meals and very clean environment.,5,London Soho,2024-05-20 02:24:00.048415
"Great place for a quick bite, friendly staff.",5,Birmingham City Centre,2024-05-20 02:24:00.048415
"Poor quality food, waste of money.",2,Manchester Central,2024-05-20 02:24:00.048415
Fantastic food and great service!,5,London Soho,2024-05-20 02:24:00.048415
Fantastic food and great service!,5,Manchester Central,2024-05-20 02:24:00.048415
Delicious meals and very clean environment.,5,Birmingham Solihull,2024-05-20 02:24:00.048415
"Amazing experience, highly recommend.",5,London Canary Wharf,2024-05-20 02:24:00.048415
"Loved the burgers here, will definitely come back.",5,London Hackney,2024-05-20 02:24:00.048415
"Great place for a quick bite, friendly staff.",4,Manchester Central,2024-05-20 02:24:00.048415
"It was alright, the service could be better.",3,Cardiff Bay,2024-05-20 02:24:00.048415
Delicious meals and very clean environment.,5,London Canary Wharf,2024-05-20 02:24:00.048415
Terrible service and cold food.,1,Leeds City Centre,2024-05-21 02:24:00.048415
"Poor quality food, waste of money.",1,Liverpool City Centre,2024-05-21 02:24:00.048415
"Loved the burgers here, will definitely come back.",4,Cardiff Bay,2024-05-21 02:24:00.048415
Fantastic food and great service!,4,Manchester Salford,2024-05-21 02:24:00.048415
"Loved the burgers here, will definitely come back.",5,London Canary Wharf,2024-05-21 02:24:00.048415
"Very disappointing experience, will not return.",2,Manchester Didsbury,2024-05-21 02:24:00.048415
Terrible service and cold food.,2,Liverpool Anfield,2024-05-21 02:24:00.048415
Fantastic food and great service!,4,London Camden,2024-05-21 02:24:00.048415
"Great place for a quick bite, friendly staff.",4,Leeds Headingley,2024-05-21 02:24:00.048415
"Awful place, would not recommend.",2,London Soho,2024-05-21 02:24:00.048415
"Amazing experience, highly recommend.",5,London Hackney,2024-05-21 02:24:00.048415
"Loved the burgers here, will definitely come back.",5,Edinburgh New Town,2024-05-21 02:24:00.048415
Terrible service and cold food.,2,London Camden,2024-05-21 02:24:00.048415
"Loved the burgers here, will definitely come back.",4,Birmingham City Centre,2024-05-21 02:24:00.048415
"Great place for a quick bite, friendly staff.",5,Edinburgh Old Town,2024-05-21 02:24:00.048415
"Great place for a quick bite, friendly staff.",5,Bristol Clifton,2024-05-21 02:24:00.048415
Rude staff and long waiting times.,1,London Camden,2024-05-21 02:24:00.048415
Delicious meals and very clean environment.,5,Birmingham Edgbaston,2024-05-21 02:24:00.048415
"Amazing experience, highly recommend.",5,London Canary Wharf,2024-05-21 02:24:00.048415
Fantastic food and great service!,5,Manchester Salford,2024-05-21 02:24:00.048415
Fantastic food and great service!,5,London Chelsea,2024-05-21 02:24:00.048415
"Great place for a quick bite, friendly staff.",5,Leeds City Centre,2024-05-21 02:24:00.048415
"Great place for a quick bite, friendly staff.",5,Leeds Headingley,2024-05-21 02:24:00.048415
"Awful place, would not recommend.",1,Bristol City Centre,2024-05-21 02:24:00.048415
Fantastic food and great service!,5,Liverpool Anfield,2024-05-21 02:24:00.048415
Rude staff and long waiting times.,1,Liverpool City Centre,2024-05-21 02:24:00.048415
Terrible service and cold food.,1,Cardiff City Centre,2024-05-21 02:24:00.048415
"Poor quality food, waste of money.",2,Liverpool Anfield,2024-05-21 02:24:00.048415
Delicious meals and very clean environment.,4,Liverpool Anfield,2024-05-21 02:24:00.048415
Fantastic food and great service!,5,Edinburgh Old Town,2024-05-21 02:24:00.048415
"Amazing experience, highly recommend.",5,Birmingham Edgbaston,2024-05-21 02:24:00.048415
"Very disappointing experience, will not return.",2,London Canary Wharf,2024-05-21 02:24:00.048415
"Amazing experience, highly recommend.",5,London Camden,2024-05-21 02:24:00.048415
Fantastic food and great service!,4,Leeds City Centre,2024-05-21 02:24:00.048415
"Mediocre food, acceptable for a quick meal.",3,Birmingham Edgbaston,2024-05-21 02:24:00.048415
"Poor quality food, waste of money.",1,London Camden,2024-05-21 02:24:00.048415
"Amazing experience, highly recommend.",4,Leeds City Centre,2024-05-21 02:24:00.048415
"Loved the burgers here, will definitely come back.",5,Bristol City Centre,2024-05-21 02:24:00.048415
Delicious meals and very clean environment.,5,London Camden,2024-05-21 02:24:00.048415
"Poor quality food, waste of money.",1,London Soho,2024-05-21 02:24:00.048415
Terrible service and cold food.,2,London Camden,2024-05-21 02:24:00.048415
"Great place for a quick bite, friendly staff.",5,Cardiff City Centre,2024-05-21 02:24:00.048415
"Amazing experience, highly recommend.",4,London Chelsea,2024-05-21 02:24:00.048415
Fantastic food and great service!,5,Edinburgh Old Town,2024-05-21 02:24:00.048415
"Mediocre food, acceptable for a quick meal.",3,London Camden,2024-05-21 02:24:00.048415
Delicious meals and very clean environment.,5,Manchester Didsbury,2024-05-21 02:24:00.048415
"Amazing experience, highly recommend.",4,London Camden,2024-05-21 02:24:00.048415
Fantastic food and great service!,5,Edinburgh New Town,2024-05-21 02:24:00.048415
Fantastic food and great service!,4,Birmingham Edgbaston,2024-05-21 02:24:00.048415
Delicious meals and very clean environment.,5,London Soho,2024-05-21 02:24:00.048415
"It was alright, the service could be better.",3,London Camden,2024-05-21 02:24:00.048415
"Awful place, would not recommend.",2,Birmingham City Centre,2024-05-21 02:24:00.048415
Delicious meals and very clean environment.,4,Liverpool Anfield,2024-05-21 02:24:00.048415
Fantastic food and great service!,5,London Canary Wharf,2024-05-21 02:24:00.048415
Fantastic food and great service!,5,Glasgow City Centre,2024-05-21 02:24:00.048415
"Amazing experience, highly recommend.",4,Birmingham City Centre,2024-05-21 02:24:00.048415
"Mediocre food, acceptable for a quick meal.",3,London Canary Wharf,2024-05-21 02:24:00.048415
Fantastic food and great service!,4,Edinburgh New Town,2024-05-21 02:24:00.048415
Delicious meals and very clean environment.,4,London Soho,2024-05-21 02:24:00.048415
"Very disappointing experience, will not return.",2,London Chelsea,2024-05-21 02:24:00.048415
"Loved the burgers here, will definitely come back.",5,Birmingham Solihull,2024-05-21 02:24:00.048415
"Great place for a quick bite, friendly staff.",4,Cardiff City Centre,2024-05-21 02:24:00.048415
"Amazing experience, highly recommend.",4,Birmingham City Centre,2024-05-21 02:24:00.048415
Delicious meals and very clean environment.,5,Liverpool City Centre,2024-05-21 02:24:00.048415
"Poor quality food, waste of money.",1,London Soho,2024-05-21 02:24:00.048415
"Amazing experience, highly recommend.",5,London Camden,2024-05-21 02:24:00.048415
Fantastic food and great service!,4,Leeds Headingley,2024-05-21 02:24:00.048415
"Amazing experience, highly recommend.",5,Glasgow West End,2024-05-21 02:24:00.048415
"Amazing experience, highly recommend.",5,London Chelsea,2024-05-21 02:24:00.048415
"Loved the burgers here, will definitely come back.",5,Cardiff Bay,2024-05-21 02:24:00.048415
"Decent place, but I've had better.",3,Leeds City Centre,2024-05-21 02:24:00.048415
"Amazing experience, highly recommend.",4,Cardiff City Centre,2024-05-21 02:24:00.048415
"Very disappointing experience, will not return.",1,London Soho,2024-05-21 02:24:00.048415
"Poor quality food, waste of money.",2,Bristol City Centre,2024-05-21 02:24:00.048415
"Amazing experience, highly recommend.",4,London Hackney,2024-05-21 02:24:00.048415
"Very disappointing experience, will not return.",2,Glasgow City Centre,2024-05-21 02:24:00.048415
Delicious meals and very clean environment.,4,London Soho,2024-05-21 02:24:00.048415
"It was alright, the service could be better.",3,Birmingham Edgbaston,2024-05-21 02:24:00.048415
"Food was okay, nothing special.",3,Manchester Salford,2024-05-21 02:24:00.048415
"Very disappointing experience, will not return.",1,London Hackney,2024-05-21 02:24:00.048415
"Poor quality food, waste of money.",1,Sheffield Ecclesall Road,2024-05-21 02:24:00.048415
"Great place for a quick bite, friendly staff.",5,Sheffield Ecclesall Road,2024-05-21 02:24:00.048415
"Amazing experience, highly recommend.",4,London Camden,2024-05-21 02:24:00.048415
"Great place for a quick bite, friendly staff.",5,London Chelsea,2024-05-21 02:24:00.048415
"Amazing experience, highly recommend.",4,Birmingham Solihull,2024-05-21 02:24:00.048415
Terrible service and cold food.,1,London Hackney,2024-05-21 02:24:00.048415
"Awful place, would not recommend.",1,London Camden,2024-05-21 02:24:00.048415
"Loved the burgers here, will definitely come back.",4,London Chelsea,2024-05-21 02:24:00.048415
"Great place for a quick bite, friendly staff.",4,Edinburgh Old Town,2024-05-21 02:24:00.048415
"Loved the burgers here, will definitely come back.",5,Glasgow City Centre,2024-05-21 02:24:00.048415
"Loved the burgers here, will definitely come back.",5,Birmingham Solihull,2024-05-21 02:24:00.048415
"Poor quality food, waste of money.",1,London Soho,2024-05-21 02:24:00.048415
"Food was okay, nothing special.",3,Leeds City Centre,2024-05-21 02:24:00.048415
"Great place for a quick bite, friendly staff.",4,London Soho,2024-05-21 02:24:00.048415
"Loved the burgers here, will definitely come back.",4,Sheffield Ecclesall Road,2024-05-21 02:24:00.048415
"Poor quality food, waste of money.",2,London Canary Wharf,2024-05-21 02:24:00.048415
"Poor quality food, waste of money.",1,Birmingham Edgbaston,2024-05-21 02:24:00.048415
"Loved the burgers here, will definitely come back.",5,Birmingham Edgbaston,2024-05-22 02:24:00.048415
Rude staff and long waiting times.,1,Liverpool City Centre,2024-05-22 02:24:00.048415
"Great place for a quick bite, friendly staff.",5,London Soho,2024-05-22 02:24:00.048415
"Poor quality food, waste of money.",1,London Camden,2024-05-22 02:24:00.048415
"Poor quality food, waste of money.",1,London Hackney,2024-05-22 02:24:00.048415
Delicious meals and very clean environment.,4,London Camden,2024-05-22 02:24:00.048415
Delicious meals and very clean environment.,5,Birmingham Solihull,2024-05-22 02:24:00.048415
"Food was okay, nothing special.",3,Manchester Didsbury,2024-05-22 02:24:00.048415
"Great place for a quick bite, friendly staff.",5,London Hackney,2024-05-22 02:24:00.048415
Terrible service and cold food.,2,London Chelsea,2024-05-22 02:24:00.048415
"Great place for a quick bite, friendly staff.",5,Manchester Didsbury,2024-05-22 02:24:00.048415
Delicious meals and very clean environment.,4,London Hackney,2024-05-22 02:24:00.048415
"Very disappointing experience, will not return.",1,Leeds Headingley,2024-05-22 02:24:00.048415
"Amazing experience, highly recommend.",5,Birmingham Solihull,2024-05-22 02:24:00.048415
"Poor quality food, waste of money.",1,London Canary Wharf,2024-05-22 02:24:00.048415
"Loved the burgers here, will definitely come back.",4,London Hackney,2024-05-22 02:24:00.048415
"Poor quality food, waste of money.",1,London Soho,2024-05-22 02:24:00.048415
"Loved the burgers here, will definitely come back.",5,London Camden,2024-05-22 02:24:00.048415
"Amazing experience, highly recommend.",5,Bristol City Centre,2024-05-22 02:24:00.048415
"Loved the burgers here, will definitely come back.",5,Liverpool Anfield,2024-05-22 02:24:00.048415
"Great place for a quick bite, friendly staff.",5,Manchester Central,2024-05-22 02:24:00.048415
Delicious meals and very clean environment.,5,Bristol Clifton,2024-05-22 02:24:00.048415
Fantastic food and great service!,4,Birmingham Edgbaston,2024-05-22 02:24:00.048415
Fantastic food and great service!,4,London Canary Wharf,2024-05-22 02:24:00.048415
"Amazing experience, highly recommend.",5,London Chelsea,2024-05-22 02:24:00.048415
"Loved the burgers here, will definitely come back.",5,Edinburgh Old Town,2024-05-22 02:24:00.048415
"Amazing experience, highly recommend.",4,Bristol Clifton,2024-05-22 02:24:00.048415
"Poor quality food, waste of money.",2,Birmingham City Centre,2024-05-22 02:24:00.048415
"Amazing experience, highly recommend.",4,Birmingham Edgbaston,2024-05-22 02:24:00.048415
Delicious meals and very clean environment.,5,London Soho,2024-05-22 02:24:00.048415
"Awful place, would not recommend.",1,London Camden,2024-05-22 02:24:00.048415
"Average experience, not bad but not great.",3,Birmingham Edgbaston,2024-05-22 02:24:00.048415
Delicious meals and very clean environment.,4,London Chelsea,2024-05-22 02:24:00.048415
"Awful place, would not recommend.",1,London Camden,2024-05-22 02:24:00.048415
Delicious meals and very clean environment.,5,Glasgow West End,2024-05-22 02:24:00.048415
"Great place for a quick bite, friendly staff.",5,London Camden,2024-05-22 02:24:00.048415
Terrible service and cold food.,1,London Canary Wharf,2024-05-22 02:24:00.048415
Delicious meals and very clean environment.,4,Birmingham Edgbaston,2024-05-22 02:24:00.048415
Fantastic food and great service!,5,Manchester Central,2024-05-22 02:24:00.048415
Delicious meals and very clean environment.,4,London Canary Wharf,2024-05-22 02:24:00.048415
Delicious meals and very clean environment.,5,London Soho,2024-05-22 02:24:00.048415
"Loved the burgers here, will definitely come back.",5,London Canary Wharf,2024-05-22 02:24:00.048415
"Amazing experience, highly recommend.",5,London Chelsea,2024-05-22 02:24:00.048415
"Amazing experience, highly recommend.",5,Birmingham Edgbaston,2024-05-22 02:24:00.048415
"Loved the burgers here, will definitely come back.",5,Manchester Didsbury,2024-05-22 02:24:00.048415
"Great place for a quick bite, friendly staff.",5,London Chelsea,2024-05-23 02:24:00.048415
"Amazing experience, highly recommend.",5,Sheffield City Centre,2024-05-23 02:24:00.048415
Fantastic food and great service!,5,London Canary Wharf,2024-05-23 02:24:00.048415
Delicious meals and very clean environment.,4,Sheffield City Centre,2024-05-23 02:24:00.048415
Fantastic food and great service!,5,Liverpool City Centre,2024-05-23 02:24:00.048415
"Decent place, but I've had better.",3,Birmingham City Centre,2024-05-23 02:24:00.048415
Fantastic food and great service!,5,Manchester Salford,2024-05-23 02:24:00.048415
"Decent place, but I've had better.",3,Cardiff Bay,2024-05-23 02:24:00.048415
"Loved the burgers here, will definitely come back.",5,Manchester Central,2024-05-23 02:24:00.048415
"It was alright, the service could be better.",3,Sheffield Ecclesall Road,2024-05-23 02:24:00.048415
"Poor quality food, waste of money.",1,London Camden,2024-05-23 02:24:00.048415
"Great place for a quick bite, friendly staff.",4,Edinburgh Old Town,2024-05-23 02:24:00.048415
Delicious meals and very clean environment.,5,London Canary Wharf,2024-05-23 02:24:00.048415
Delicious meals and very clean environment.,5,Birmingham City Centre,2024-05-23 02:24:00.048415
"Amazing experience, highly recommend.",4,Liverpool Anfield,2024-05-23 02:24:00.048415
Fantastic food and great service!,5,London Soho,2024-05-23 02:24:00.048415
"Loved the burgers here, will definitely come back.",4,London Hackney,2024-05-23 02:24:00.048415
Fantastic food and great service!,5,Glasgow City Centre,2024-05-23 02:24:00.048415
"Amazing experience, highly recommend.",5,London Canary Wharf,2024-05-23 02:24:00.048415
"Loved the burgers here, will definitely come back.",5,London Chelsea,2024-05-23 02:24:00.048415
"Amazing experience, highly recommend.",4,Manchester Central,2024-05-23 02:24:00.048415
"Poor quality food, waste of money.",1,Leeds Headingley,2024-05-23 02:24:00.048415
"Great place for a quick bite, friendly staff.",4,Edinburgh Old Town,2024-05-23 02:24:00.048415
"Great place for a quick bite, friendly staff.",5,Liverpool Anfield,2024-05-23 02:24:00.048415
"Great place for a quick bite, friendly staff.",5,Birmingham City Centre,2024-05-23 02:24:00.048415
"Average experience, not bad but not great.",3,London Chelsea,2024-05-23 02:24:00.048415
Fantastic food and great service!,5,Manchester Didsbury,2024-05-23 02:24:00.048415
"Food was okay, nothing special.",3,Glasgow West End,2024-05-23 02:24:00.048415
"Mediocre food, acceptable for a quick meal.",3,Glasgow West End,2024-05-23 02:24:00.048415
"Great place for a quick bite, friendly staff.",4,London Canary Wharf,2024-05-23 02:24:00.048415
Fantastic food and great service!,5,Birmingham Edgbaston,2024-05-23 02:24:00.048415
"Decent place, but I've had better.",3,Cardiff Bay,2024-05-23 02:24:00.048415
"Very disappointing experience, will not return.",1,Birmingham Edgbaston,2024-05-23 02:24:00.048415
"Amazing experience, highly recommend.",5,London Soho,2024-05-23 02:24:00.048415
"Loved the burgers here, will definitely come back.",5,Birmingham Solihull,2024-05-23 02:24:00.048415
"Loved the burgers here, will definitely come back.",5,Birmingham Solihull,2024-05-23 02:24:00.048415
"Awful place, would not recommend.",2,London Camden,2024-05-23 02:24:00.048415
Delicious meals and very clean environment.,4,Cardiff City Centre,2024-05-23 02:24:00.048415
"Amazing experience, highly recommend.",5,Birmingham City Centre,2024-05-23 02:24:00.048415
"Poor quality food, waste of money.",2,Glasgow City Centre,2024-05-23 02:24:00.048415
"It was alright, the service could be better.",3,Glasgow West End,2024-05-23 02:24:00.048415
"Loved the burgers here, will definitely come back.",4,Edinburgh New Town,2024-05-23 02:24:00.048415
"Average experience, not bad but not great.",3,London Canary Wharf,2024-05-23 02:24:00.048415
"Food was okay, nothing special.",3,Birmingham Solihull,2024-05-24 02:24:00.048415
"Awful place, would not recommend.",1,Cardiff City Centre,2024-05-24 02:24:00.048415
Delicious meals and very clean environment.,4,London Soho,2024-05-24 02:24:00.048415
Fantastic food and great service!,5,Sheffield City Centre,2024-05-24 02:24:00.048415
"Amazing experience, highly recommend.",5,London Camden,2024-05-24 02:24:00.048415
Terrible service and cold food.,1,London Camden,2024-05-24 02:24:00.048415
Delicious meals and very clean environment.,4,Edinburgh Old Town,2024-05-24 02:24:00.048415
"Awful place, would not recommend.",2,Edinburgh New Town,2024-05-24 02:24:00.048415
"Great place for a quick bite, friendly staff.",5,Leeds City Centre,2024-05-24 02:24:00.048415
"Loved the burgers here, will definitely come back.",4,Birmingham City Centre,2024-05-24 02:24:00.048415
"Amazing experience, highly recommend.",5,London Camden,2024-05-24 02:24:00.048415
"Loved the burgers here, will definitely come back.",5,London Canary Wharf,2024-05-24 02:24:00.048415
"Average experience, not bad but not great.",3,Bristol City Centre,2024-05-24 02:24:00.048415
Fantastic food and great service!,5,Liverpool City Centre,2024-05-24 02:24:00.048415
Rude staff and long waiting times.,2,Birmingham Solihull,2024-05-24 02:24:00.048415
"Loved the burgers here, will definitely come back.",4,Manchester Salford,2024-05-24 02:24:00.048415
Rude staff and long waiting times.,2,Manchester Central,2024-05-24 02:24:00.048415
Delicious meals and very clean environment.,4,London Canary Wharf,2024-05-24 02:24:00.048415
"Decent place, but I've had better.",3,Birmingham Edgbaston,2024-05-24 02:24:00.048415
"Great place for a quick bite, friendly staff.",5,London Soho,2024-05-24 02:24:00.048415
"Very disappointing experience, will not return.",1,Manchester Salford,2024-05-24 02:24:00.048415
"Loved the burgers here, will definitely come back.",5,Manchester Didsbury,2024-05-24 02:24:00.048415
Delicious meals and very clean environment.,4,Birmingham City Centre,2024-05-24 02:24:00.048415
"Loved the burgers here, will definitely come back.",4,Birmingham Edgbaston,2024-05-24 02:24:00.048415
"Great place for a quick bite, friendly staff.",4,Cardiff City Centre,2024-05-24 02:24:00.048415
"Loved the burgers here, will definitely come back.",4,Cardiff City Centre,2024-05-24 02:24:00.048415
Fantastic food and great service!,4,Sheffield Ecclesall Road,2024-05-24 02:24:00.048415
"Loved the burgers here, will definitely come back.",4,London Hackney,2024-05-24 02:24:00.048415
Fantastic food and great service!,5,London Soho,2024-05-24 02:24:00.048415
Fantastic food and great service!,5,Edinburgh Old Town,2024-05-24 02:24:00.048415
"Great place for a quick bite, friendly staff.",4,Leeds Headingley,2024-05-24 02:24:00.048415
Delicious meals and very clean environment.,5,Liverpool Anfield,2024-05-24 02:24:00.048415
Terrible service and cold food.,1,Sheffield Ecclesall Road,2024-05-24 02:24:00.048415
"Great place for a quick bite, friendly staff.",5,Leeds Headingley,2024-05-24 02:24:00.048415
Delicious meals and very clean environment.,5,Cardiff Bay,2024-05-24 02:24:00.048415
"Loved the burgers here, will definitely come back.",4,Cardiff Bay,2024-05-24 02:24:00.048415
Fantastic food and great service!,5,London Chelsea,2024-05-24 02:24:00.048415
Delicious meals and very clean environment.,5,Birmingham Edgbaston,2024-05-24 02:24:00.048415
"Very disappointing experience, will not return.",1,Cardiff Bay,2024-05-24 02:24:00.048415
Delicious meals and very clean environment.,4,Birmingham City Centre,2024-05-24 02:24:00.048415
"Great place for a quick bite, friendly staff.",4,London Hackney,2024-05-24 02:24:00.048415
"Loved the burgers here, will definitely come back.",5,Manchester Didsbury,2024-05-24 02:24:00.048415
Delicious meals and very clean environment.,5,Manchester Central,2024-05-24 02:24:00.048415
Delicious meals and very clean environment.,5,London Soho,2024-05-24 02:24:00.048415
Delicious meals and very clean environment.,4,Bristol City Centre,2024-05-24 02:24:00.048415
"Loved the burgers here, will definitely come back.",5,Birmingham Solihull,2024-05-24 02:24:00.048415
Delicious meals and very clean environment.,4,Manchester Central,2024-05-24 02:24:00.048415
"Great place for a quick bite, friendly staff.",4,Bristol City Centre,2024-05-24 02:24:00.048415
Fantastic food and great service!,5,London Soho,2024-05-24 02:24:00.048415
"Amazing experience, highly recommend.",5,Manchester Didsbury,2024-05-24 02:24:00.048415
Delicious meals and very clean environment.,4,Liverpool City Centre,2024-05-24 02:24:00.048415
Fantastic food and great service!,5,Cardiff Bay,2024-05-25 02:24:00.048415
"Amazing experience, highly recommend.",5,Birmingham City Centre,2024-05-25 02:24:00.048415
Delicious meals and very clean environment.,4,London Hackney,2024-05-25 02:24:00.048415
Fantastic food and great service!,4,London Chelsea,2024-05-25 02:24:00.048415
"Decent place, but I've had better.",3,Bristol City Centre,2024-05-25 02:24:00.048415
"Loved the burgers here, will definitely come back.",4,Leeds Headingley,2024-05-25 02:24:00.048415
"Decent place, but I've had better.",3,London Camden,2024-05-25 02:24:00.048415
"Decent place, but I've had better.",3,London Hackney,2024-05-25 02:24:00.048415
"Amazing experience, highly recommend.",5,London Chelsea,2024-05-25 02:24:00.048415
"Loved the burgers here, will definitely come back.",5,Manchester Central,2024-05-25 02:24:00.048415
"Awful place, would not recommend.",1,Bristol Clifton,2024-05-25 02:24:00.048415
"Poor quality food, waste of money.",1,London Camden,2024-05-25 02:24:00.048415
"It was alright, the service could be better.",3,London Canary Wharf,2024-05-25 02:24:00.048415
"Great place for a quick bite, friendly staff.",4,Sheffield Ecclesall Road,2024-05-25 02:24:00.048415
"Great place for a quick bite, friendly staff.",5,Birmingham City Centre,2024-05-25 02:24:00.048415
"Amazing experience, highly recommend.",5,London Hackney,2024-05-25 02:24:00.048415
"Loved the burgers here, will definitely come back.",5,Birmingham Solihull,2024-05-25 02:24:00.048415
Delicious meals and very clean environment.,4,Liverpool Anfield,2024-05-25 02:24:00.048415
Delicious meals and very clean environment.,4,Liverpool City Centre,2024-05-25 02:24:00.048415
Terrible service and cold food.,2,London Camden,2024-05-25 02:24:00.048415
Delicious meals and very clean environment.,4,Liverpool City Centre,2024-05-25 02:24:00.048415
Delicious meals and very clean environment.,4,London Camden,2024-05-25 02:24:00.048415
Delicious meals and very clean environment.,4,Liverpool Anfield,2024-05-25 02:24:00.048415
"Amazing experience, highly recommend.",5,Manchester Salford,2024-05-25 02:24:00.048415
"Amazing experience, highly recommend.",5,London Camden,2024-05-25 02:24:00.048415
Fantastic food and great service!,5,Leeds Headingley,2024-05-25 02:24:00.048415
"Great place for a quick bite, friendly staff.",5,London Canary Wharf,2024-05-25 02:24:00.048415
Delicious meals and very clean environment.,4,Manchester Central,2024-05-25 02:24:00.048415
"Very disappointing experience, will not return.",2,London Hackney,2024-05-25 02:24:00.048415
Delicious meals and very clean environment.,4,Manchester Central,2024-05-25 02:24:00.048415
Delicious meals and very clean environment.,5,Birmingham Edgbaston,2024-05-25 02:24:00.048415
"Amazing experience, highly recommend.",4,London Camden,2024-05-25 02:24:00.048415
"Loved the burgers here, will definitely come back.",5,Edinburgh New Town,2024-05-25 02:24:00.048415
"Food was okay, nothing special.",3,London Camden,2024-05-25 02:24:00.048415
"Loved the burgers here, will definitely come back.",5,Sheffield City Centre,2024-05-25 02:24:00.048415
Fantastic food and great service!,5,Cardiff City Centre,2024-05-25 02:24:00.048415
"Very disappointing experience, will not return.",1,Birmingham Solihull,2024-05-25 02:24:00.048415
"Great place for a quick bite, friendly staff.",5,Cardiff Bay,2024-05-25 02:24:00.048415
"Great place for a quick bite, friendly staff.",5,London Canary Wharf,2024-05-25 02:24:00.048415
"Great place for a quick bite, friendly staff.",5,Leeds City Centre,2024-05-25 02:24:00.048415
Delicious meals and very clean environment.,5,Manchester Salford,2024-05-25 02:24:00.048415
"Great place for a quick bite, friendly staff.",5,Birmingham City Centre,2024-05-25 02:24:00.048415
"Loved the burgers here, will definitely come back.",5,Birmingham Solihull,2024-05-25 02:24:00.048415
Delicious meals and very clean environment.,4,Manchester Salford,2024-05-25 02:24:00.048415
"Very disappointing experience, will not return.",2,London Chelsea,2024-05-25 02:24:00.048415
"Very disappointing experience, will not return.",1,London Camden,2024-05-25 02:24:00.048415
"Very disappointing experience, will not return.",1,Manchester Didsbury,2024-05-25 02:24:00.048415
"Loved the burgers here, will definitely come back.",5,Birmingham City Centre,2024-05-25 02:24:00.048415
"It was alright, the service could be better.",3,London Camden,2024-05-25 02:24:00.048415
"Loved the burgers here, will definitely come back.",4,Birmingham Solihull,2024-05-25 02:24:00.048415
"Great place for a quick bite, friendly staff.",5,Manchester Salford,2024-05-25 02:24:00.048415
"Poor quality food, waste of money.",2,London Hackney,2024-05-26 02:24:00.048415
"Decent place, but I've had better.",3,London Hackney,2024-05-26 02:24:00.048415
"Great place for a quick bite, friendly staff.",5,London Hackney,2024-05-26 02:24:00.048415
Fantastic food and great service!,4,Leeds Headingley,2024-05-26 02:24:00.048415
"Great place for a quick bite, friendly staff.",5,Bristol Clifton,2024-05-26 02:24:00.048415
"Average experience, not bad but not great.",3,Birmingham Solihull,2024-05-26 02:24:00.048415
"Very disappointing experience, will not return.",2,Manchester Salford,2024-05-26 02:24:00.048415
"Loved the burgers here, will definitely come back.",4,Manchester Didsbury,2024-05-26 02:24:00.048415
"Amazing experience, highly recommend.",4,Birmingham Solihull,2024-05-26 02:24:00.048415
"Amazing experience, highly recommend.",5,Birmingham City Centre,2024-05-26 02:24:00.048415
"Amazing experience, highly recommend.",5,Bristol City Centre,2024-05-26 02:24:00.048415
"Loved the burgers here, will definitely come back.",4,London Chelsea,2024-05-26 02:24:00.048415
"Great place for a quick bite, friendly staff.",5,Edinburgh New Town,2024-05-26 02:24:00.048415
"Great place for a quick bite, friendly staff.",4,Manchester Didsbury,2024-05-26 02:24:00.048415
Delicious meals and very clean environment.,4,Manchester Salford,2024-05-26 02:24:00.048415
"Great place for a quick bite, friendly staff.",5,London Canary Wharf,2024-05-26 02:24:00.048415
"Great place for a quick bite, friendly staff.",4,London Camden,2024-05-26 02:24:00.048415
"Average experience, not bad but not great.",3,London Chelsea,2024-05-26 02:24:00.048415
Rude staff and long waiting times.,1,Manchester Didsbury,2024-05-26 02:24:00.048415
"Great place for a quick bite, friendly staff.",5,London Chelsea,2024-05-26 02:24:00.048415
"Amazing experience, highly recommend.",5,Birmingham Edgbaston,2024-05-26 02:24:00.048415
"Loved the burgers here, will definitely come back.",4,London Chelsea,2024-05-26 02:24:00.048415
"Awful place, would not recommend.",1,Edinburgh Old Town,2024-05-26 02:24:00.048415
Delicious meals and very clean environment.,4,Glasgow West End,2024-05-26 02:24:00.048415
"Great place for a quick bite, friendly staff.",5,Liverpool Anfield,2024-05-26 02:24:00.048415
"Decent place, but I've had better.",3,Glasgow West End,2024-05-26 02:24:00.048415
Delicious meals and very clean environment.,5,Bristol City Centre,2024-05-26 02:24:00.048415
Fantastic food and great service!,5,Liverpool City Centre,2024-05-26 02:24:00.048415
Delicious meals and very clean environment.,5,London Canary Wharf,2024-05-26 02:24:00.048415
"Decent place, but I've had better.",3,Birmingham Solihull,2024-05-26 02:24:00.048415
"Amazing experience, highly recommend.",5,Glasgow City Centre,2024-05-26 02:24:00.048415
"Amazing experience, highly recommend.",5,London Camden,2024-05-26 02:24:00.048415
Delicious meals and very clean environment.,4,London Chelsea,2024-05-26 02:24:00.048415
Delicious meals and very clean environment.,4,London Soho,2024-05-26 02:24:00.048415
"Awful place, would not recommend.",2,London Camden,2024-05-26 02:24:00.048415
Rude staff and long waiting times.,1,Birmingham Edgbaston,2024-05-26 02:24:00.048415
"Great place for a quick bite, friendly staff.",5,London Chelsea,2024-05-26 02:24:00.048415
Fantastic food and great service!,4,London Camden,2024-05-26 02:24:00.048415
"Loved the burgers here, will definitely come back.",4,London Soho,2024-05-26 02:24:00.048415
Rude staff and long waiting times.,2,Cardiff City Centre,2024-05-26 02:24:00.048415
"Loved the burgers here, will definitely come back.",4,Birmingham Edgbaston,2024-05-26 02:24:00.048415
"Awful place, would not recommend.",2,Bristol City Centre,2024-05-26 02:24:00.048415
"It was alright, the service could be better.",3,London Canary Wharf,2024-05-26 02:24:00.048415
"Average experience, not bad but not great.",3,Manchester Salford,2024-05-26 02:24:00.048415
"Loved the burgers here, will definitely come back.",4,Liverpool City Centre,2024-05-26 02:24:00.048415
"Decent place, but I've had better.",3,London Soho,2024-05-26 02:24:00.048415
"Great place for a quick bite, friendly staff.",5,London Chelsea,2024-05-26 02:24:00.048415
Terrible service and cold food.,1,London Camden,2024-05-26 02:24:00.048415
"Amazing experience, highly recommend.",5,London Hackney,2024-05-26 02:24:00.048415
"Great place for a quick bite, friendly staff.",4,London Camden,2024-05-26 02:24:00.048415
"Loved the burgers here, will definitely come back.",4,London Chelsea,2024-05-26 02:24:00.048415
Fantastic food and great service!,5,London Canary Wharf,2024-05-26 02:24:00.048415
"Very disappointing experience, will not return.",2,Edinburgh New Town,2024-05-26 02:24:00.048415
"Amazing experience, highly recommend.",5,London Camden,2024-05-27 02:24:00.048415
"Amazing experience, highly recommend.",5,London Camden,2024-05-27 02:24:00.048415
"Awful place, would not recommend.",1,London Camden,2024-05-27 02:24:00.048415
"Poor quality food, waste of money.",1,Manchester Didsbury,2024-05-27 02:24:00.048415
"Amazing experience, highly recommend.",4,London Camden,2024-05-27 02:24:00.048415
"Very disappointing experience, will not return.",1,Glasgow City Centre,2024-05-27 02:24:00.048415
"Loved the burgers here, will definitely come back.",5,Leeds City Centre,2024-05-27 02:24:00.048415
"Very disappointing experience, will not return.",1,London Hackney,2024-05-27 02:24:00.048415
"Amazing experience, highly recommend.",5,Manchester Central,2024-05-27 02:24:00.048415
"Amazing experience, highly recommend.",5,London Soho,2024-05-27 02:24:00.048415
"Great place for a quick bite, friendly staff.",5,Birmingham Solihull,2024-05-27 02:24:00.048415
"Loved the burgers here, will definitely come back.",4,Glasgow City Centre,2024-05-27 02:24:00.048415
Delicious meals and very clean environment.,5,London Camden,2024-05-27 02:24:00.048415
"Great place for a quick bite, friendly staff.",5,Manchester Central,2024-05-27 02:24:00.048415
"Great place for a quick bite, friendly staff.",4,London Canary Wharf,2024-05-27 02:24:00.048415
"Loved the burgers here, will definitely come back.",4,Manchester Didsbury,2024-05-27 02:24:00.048415
"Loved the burgers here, will definitely come back.",5,Edinburgh Old Town,2024-05-27 02:24:00.048415
Delicious meals and very clean environment.,5,Birmingham Edgbaston,2024-05-27 02:24:00.048415
"Food was okay, nothing special.",3,London Camden,2024-05-27 02:24:00.048415
"Loved the burgers here, will definitely come back.",5,Liverpool City Centre,2024-05-27 02:24:00.048415
"Amazing experience, highly recommend.",5,Sheffield Ecclesall Road,2024-05-27 02:24:00.048415
"Amazing experience, highly recommend.",5,Leeds City Centre,2024-05-27 02:24:00.048415
Delicious meals and very clean environment.,4,London Canary Wharf,2024-05-27 02:24:00.048415
Rude staff and long waiting times.,2,London Chelsea,2024-05-27 02:24:00.048415
"Great place for a quick bite, friendly staff.",4,Glasgow West End,2024-05-27 02:24:00.048415
"Amazing experience, highly recommend.",4,Birmingham Edgbaston,2024-05-27 02:24:00.048415
Rude staff and long waiting times.,2,London Soho,2024-05-27 02:24:00.048415
"Mediocre food, acceptable for a quick meal.",3,Edinburgh New Town,2024-05-27 02:24:00.048415
"Mediocre food, acceptable for a quick meal.",3,Bristol Clifton,2024-05-27 02:24:00.048415
"Great place for a quick bite, friendly staff.",4,London Chelsea,2024-05-27 02:24:00.048415
"Loved the burgers here, will definitely come back.",5,London Chelsea,2024-05-27 02:24:00.048415
"Great place for a quick bite, friendly staff.",5,Glasgow West End,2024-05-27 02:24:00.048415
"Very disappointing experience, will not return.",1,London Chelsea,2024-05-27 02:24:00.048415
"Poor quality food, waste of money.",1,Edinburgh New Town,2024-05-27 02:24:00.048415
"Great place for a quick bite, friendly staff.",4,London Chelsea,2024-05-27 02:24:00.048415
"Great place for a quick bite, friendly staff.",5,Birmingham Solihull,2024-05-27 02:24:00.048415
Delicious meals and very clean environment.,5,Glasgow City Centre,2024-05-27 02:24:00.048415
"Average experience, not bad but not great.",3,Bristol City Centre,2024-05-27 02:24:00.048415
"Amazing experience, highly recommend.",5,Liverpool Anfield,2024-05-27 02:24:00.048415
"Poor quality food, waste of money.",2,Cardiff Bay,2024-05-27 02:24:00.048415
Fantastic food and great service!,4,Liverpool City Centre,2024-05-27 02:24:00.048415
Delicious meals and very clean environment.,4,London Camden,2024-05-27 02:24:00.048415
"Loved the burgers here, will definitely come back.",4,London Soho,2024-05-28 02:24:00.048415
Rude staff and long waiting times.,2,Bristol Clifton,2024-05-28 02:24:00.048415
"Loved the burgers here, will definitely come back.",4,London Soho,2024-05-28 02:24:00.048415
Delicious meals and very clean environment.,5,London Soho,2024-05-28 02:24:00.048415
"Great place for a quick bite, friendly staff.",4,Leeds City Centre,2024-05-28 02:24:00.048415
"Amazing experience, highly recommend.",5,London Canary Wharf,2024-05-28 02:24:00.048415
"Amazing experience, highly recommend.",5,Edinburgh New Town,2024-05-28 02:24:00.048415
"Amazing experience, highly recommend.",4,London Soho,2024-05-28 02:24:00.048415
"Amazing experience, highly recommend.",5,London Canary Wharf,2024-05-28 02:24:00.048415
"Decent place, but I've had better.",3,London Soho,2024-05-28 02:24:00.048415
Delicious meals and very clean environment.,5,Birmingham Solihull,2024-05-28 02:24:00.048415
"It was alright, the service could be better.",3,Leeds Headingley,2024-05-28 02:24:00.048415
Delicious meals and very clean environment.,5,London Chelsea,2024-05-28 02:24:00.048415
"Very disappointing experience, will not return.",1,Sheffield Ecclesall Road,2024-05-28 02:24:00.048415
Rude staff and long waiting times.,2,Glasgow West End,2024-05-28 02:24:00.048415
Rude staff and long waiting times.,2,Liverpool Anfield,2024-05-28 02:24:00.048415
"Mediocre food, acceptable for a quick meal.",3,Manchester Central,2024-05-28 02:24:00.048415
"Amazing experience, highly recommend.",5,London Chelsea,2024-05-28 02:24:00.048415
"Loved the burgers here, will definitely come back.",5,London Canary Wharf,2024-05-28 02:24:00.048415
"Mediocre food, acceptable for a quick meal.",3,London Camden,2024-05-28 02:24:00.048415
Fantastic food and great service!,5,Sheffield City Centre,2024-05-28 02:24:00.048415
"Great place for a quick bite, friendly staff.",5,Glasgow West End,2024-05-28 02:24:00.048415
Delicious meals and very clean environment.,5,London Canary Wharf,2024-05-28 02:24:00.048415
"Poor quality food, waste of money.",1,London Soho,2024-05-28 02:24:00.048415
"Loved the burgers here, will definitely come back.",5,Manchester Central,2024-05-28 02:24:00.048415
Rude staff and long waiting times.,1,Manchester Salford,2024-05-28 02:24:00.048415
Delicious meals and very clean environment.,5,London Canary Wharf,2024-05-28 02:24:00.048415
"Average experience, not bad but not great.",3,London Soho,2024-05-28 02:24:00.048415
Fantastic food and great service!,4,London Hackney,2024-05-28 02:24:00.048415
"Amazing experience, highly recommend.",5,Cardiff City Centre,2024-05-28 02:24:00.048415
"Amazing experience, highly recommend.",4,London Soho,2024-05-28 02:24:00.048415
Fantastic food and great service!,4,Manchester Salford,2024-05-28 02:24:00.048415
"Great place for a quick bite, friendly staff.",4,Leeds City Centre,2024-05-28 02:24:00.048415
"Amazing experience, highly recommend.",5,London Canary Wharf,2024-05-28 02:24:00.048415
"Great place for a quick bite, friendly staff.",4,London Canary Wharf,2024-05-28 02:24:00.048415
Fantastic food and great service!,5,Manchester Didsbury,2024-05-28 02:24:00.048415
Rude staff and long waiting times.,1,London Chelsea,2024-05-28 02:24:00.048415
"Very disappointing experience, will not return.",1,Cardiff Bay,2024-05-28 02:24:00.048415
Terrible service and cold food.,1,Manchester Salford,2024-05-28 02:24:00.048415
"Very disappointing experience, will not return.",2,London Canary Wharf,2024-05-28 02:24:00.048415
"Poor quality food, waste of money.",2,Leeds Headingley,2024-05-28 02:24:00.048415
"Amazing experience, highly recommend.",5,London Canary Wharf,2024-05-28 02:24:00.048415
"Poor quality food, waste of money.",1,London Chelsea,2024-05-28 02:24:00.048415
"Great place for a quick bite, friendly staff.",4,Birmingham Edgbaston,2024-05-28 02:24:00.048415
"Loved the burgers here, will definitely come back.",4,Leeds Headingley,2024-05-29 02:24:00.048415
"Loved the burgers here, will definitely come back.",5,London Camden,2024-05-29 02:24:00.048415
"Great place for a quick bite, friendly staff.",4,Sheffield Ecclesall Road,2024-05-29 02:24:00.048415
Fantastic food and great service!,4,Cardiff City Centre,2024-05-29 02:24:00.048415
"Amazing experience, highly recommend.",5,Glasgow West End,2024-05-29 02:24:00.048415
"Loved the burgers here, will definitely come back.",5,Sheffield City Centre,2024-05-29 02:24:00.048415
Terrible service and cold food.,1,Manchester Salford,2024-05-29 02:24:00.048415
"Poor quality food, waste of money.",1,Cardiff Bay,2024-05-29 02:24:00.048415
Fantastic food and great service!,4,Sheffield Ecclesall Road,2024-05-29 02:24:00.048415
"Loved the burgers here, will definitely come back.",4,Sheffield Ecclesall Road,2024-05-29 02:24:00.048415
"Loved the burgers here, will definitely come back.",5,Manchester Didsbury,2024-05-29 02:24:00.048415
"Great place for a quick bite, friendly staff.",5,Bristol City Centre,2024-05-29 02:24:00.048415
Delicious meals and very clean environment.,4,London Hackney,2024-05-29 02:24:00.048415
Delicious meals and very clean environment.,5,London Canary Wharf,2024-05-29 02:24:00.048415
"Mediocre food, acceptable for a quick meal.",3,London Camden,2024-05-29 02:24:00.048415
"Loved the burgers here, will definitely come back.",4,Manchester Central,2024-05-29 02:24:00.048415
"Amazing experience, highly recommend.",4,Manchester Salford,2024-05-29 02:24:00.048415
"Great place for a quick bite, friendly staff.",5,London Camden,2024-05-29 02:24:00.048415
Fantastic food and great service!,5,London Soho,2024-05-29 02:24:00.048415
Delicious meals and very clean environment.,5,Manchester Central,2024-05-29 02:24:00.048415
"It was alright, the service could be better.",3,London Camden,2024-05-29 02:24:00.048415
"Great place for a quick bite, friendly staff.",5,Cardiff Bay,2024-05-29 02:24:00.048415
Fantastic food and great service!,4,Birmingham Solihull,2024-05-29 02:24:00.048415
"Loved the burgers here, will definitely come back.",5,London Camden,2024-05-29 02:24:00.048415
Terrible service and cold food.,2,Sheffield Ecclesall Road,2024-05-29 02:24:00.048415
"Food was okay, nothing special.",3,Edinburgh Old Town,2024-05-29 02:24:00.048415
Fantastic food and great service!,4,Edinburgh Old Town,2024-05-29 02:24:00.048415
Fantastic food and great service!,5,Cardiff City Centre,2024-05-29 02:24:00.048415
"Mediocre food, acceptable for a quick meal.",3,Sheffield Ecclesall Road,2024-05-29 02:24:00.048415
"Amazing experience, highly recommend.",5,Birmingham Edgbaston,2024-05-29 02:24:00.048415
Delicious meals and very clean environment.,4,London Hackney,2024-05-29 02:24:00.048415
"Loved the burgers here, will definitely come back.",4,London Canary Wharf,2024-05-29 02:24:00.048415
"Amazing experience, highly recommend.",5,Manchester Central,2024-05-29 02:24:00.048415
"Loved the burgers here, will definitely come back.",4,Sheffield Ecclesall Road,2024-05-29 02:24:00.048415
"Loved the burgers here, will definitely come back.",4,Bristol City Centre,2024-05-29 02:24:00.048415
"Great place for a quick bite, friendly staff.",5,London Hackney,2024-05-29 02:24:00.048415
"Great place for a quick bite, friendly staff.",5,Sheffield City Centre,2024-05-29 02:24:00.048415
Fantastic food and great service!,4,London Camden,2024-05-29 02:24:00.048415
"Great place for a quick bite, friendly staff.",5,Manchester Didsbury,2024-05-29 02:24:00.048415
Delicious meals and very clean environment.,5,Glasgow West End,2024-05-29 02:24:00.048415
Fantastic food and great service!,5,Manchester Didsbury,2024-05-29 02:24:00.048415
"Mediocre food, acceptable for a quick meal.",3,London Chelsea,2024-05-29 02:24:00.048415
"Loved the burgers here, will definitely come back.",5,Bristol Clifton,2024-05-29 02:24:00.048415
"Amazing experience, highly recommend.",5,Birmingham Edgbaston,2024-05-29 02:24:00.048415
Fantastic food and great service!,5,Cardiff Bay,2024-05-29 02:24:00.048415
"Loved the burgers here, will definitely come back.",5,Leeds City Centre,2024-05-29 02:24:00.048415
Delicious meals and very clean environment.,5,Birmingham City Centre,2024-05-29 02:24:00.048415
"Loved the burgers here, will definitely come back.",5,Glasgow City Centre,2024-05-29 02:24:00.048415
Fantastic food and great service!,4,Sheffield Ecclesall Road,2024-05-29 02:24:00.048415
"Awful place, would not recommend.",1,Birmingham Solihull,2024-05-29 02:24:00.048415
"Loved the burgers here, will definitely come back.",5,Liverpool City Centre,2024-05-29 02:24:00.048415
"Amazing experience, highly recommend.",4,Leeds City Centre,2024-05-29 02:24:00.048415
"Great place for a quick bite, friendly staff.",4,Cardiff Bay,2024-05-29 02:24:00.048415
Fantastic food and great service!,4,Glasgow West End,2024-05-29 02:24:00.048415
"Great place for a quick bite, friendly staff.",5,London Hackney,2024-05-29 02:24:00.048415
Fantastic food and great service!,5,Sheffield City Centre,2024-05-29 02:24:00.048415
"Loved the burgers here, will definitely come back.",5,Cardiff City Centre,2024-05-29 02:24:00.048415
"Great place for a quick bite, friendly staff.",5,Leeds Headingley,2024-05-29 02:24:00.048415
"Great place for a quick bite, friendly staff.",4,Edinburgh Old Town,2024-05-29 02:24:00.048415
Delicious meals and very clean environment.,5,London Canary Wharf,2024-05-29 02:24:00.048415
"Loved the burgers here, will definitely come back.",4,Cardiff Bay,2024-05-29 02:24:00.048415
Fantastic food and great service!,4,London Canary Wharf,2024-05-29 02:24:00.048415
"Loved the burgers here, will definitely come back.",5,Leeds Headingley,2024-05-29 02:24:00.048415
Delicious meals and very clean environment.,4,Birmingham Solihull,2024-05-29 02:24:00.048415
"Amazing experience, highly recommend.",4,Bristol Clifton,2024-05-29 02:24:00.048415
"Loved the burgers here, will definitely come back.",5,London Canary Wharf,2024-05-29 02:24:00.048415
Delicious meals and very clean environment.,4,Birmingham Solihull,2024-05-30 02:24:00.048415
"Loved the burgers here, will definitely come back.",4,London Soho,2024-05-30 02:24:00.048415
"Loved the burgers here, will definitely come back.",5,London Chelsea,2024-05-30 02:24:00.048415
"Food was okay, nothing special.",3,Edinburgh New Town,2024-05-30 02:24:00.048415
Fantastic food and great service!,5,Leeds Headingley,2024-05-30 02:24:00.048415
Delicious meals and very clean environment.,5,Bristol Clifton,2024-05-30 02:24:00.048415
"Very disappointing experience, will not return.",1,London Hackney,2024-05-30 02:24:00.048415
"Loved the burgers here, will definitely come back.",5,London Camden,2024-05-30 02:24:00.048415
Fantastic food and great service!,5,London Camden,2024-05-30 02:24:00.048415
Fantastic food and great service!,5,London Chelsea,2024-05-30 02:24:00.048415
Delicious meals and very clean environment.,5,London Soho,2024-05-30 02:24:00.048415
"Loved the burgers here, will definitely come back.",4,London Chelsea,2024-05-30 02:24:00.048415
"Great place for a quick bite, friendly staff.",5,London Soho,2024-05-30 02:24:00.048415
"Amazing experience, highly recommend.",5,Manchester Central,2024-05-30 02:24:00.048415
Delicious meals and very clean environment.,5,London Soho,2024-05-30 02:24:00.048415
Fantastic food and great service!,5,London Camden,2024-05-30 02:24:00.048415
"Poor quality food, waste of money.",1,London Soho,2024-05-30 02:24:00.048415
Fantastic food and great service!,5,London Hackney,2024-05-30 02:24:00.048415
Fantastic food and great service!,5,Manchester Didsbury,2024-05-30 02:24:00.048415
Rude staff and long waiting times.,1,London Canary Wharf,2024-05-30 02:24:00.048415
"Mediocre food, acceptable for a quick meal.",3,Cardiff City Centre,2024-05-30 02:24:00.048415
"Loved the burgers here, will definitely come back.",4,Manchester Didsbury,2024-05-30 02:24:00.048415
Rude staff and long waiting times.,2,London Hackney,2024-05-30 02:24:00.048415
"Great place for a quick bite, friendly staff.",4,London Hackney,2024-05-30 02:24:00.048415
Fantastic food and great service!,4,Edinburgh New Town,2024-05-30 02:24:00.048415
Fantastic food and great service!,5,Manchester Central,2024-05-30 02:24:00.048415
Delicious meals and very clean environment.,5,London Camden,2024-05-30 02:24:00.048415
"Amazing experience, highly recommend.",5,Leeds Headingley,2024-05-30 02:24:00.048415
Fantastic food and great service!,5,London Hackney,2024-05-30 02:24:00.048415
"Great place for a quick bite, friendly staff.",4,London Soho,2024-05-30 02:24:00.048415
"Amazing experience, highly recommend.",4,Cardiff Bay,2024-05-30 02:24:00.048415
"Decent place, but I've had better.",3,London Canary Wharf,2024-05-30 02:24:00.048415
"Amazing experience, highly recommend.",4,London Canary Wharf,2024-05-30 02:24:00.048415
"Loved the burgers here, will definitely come back.",4,London Hackney,2024-05-30 02:24:00.048415
"Great place for a quick bite, friendly staff.",4,Edinburgh Old Town,2024-05-30 02:24:00.048415
"Poor quality food, waste of money.",1,London Camden,2024-05-30 02:24:00.048415
Fantastic food and great service!,4,Manchester Central,2024-05-30 02:24:00.048415
Delicious meals and very clean environment.,4,Cardiff Bay,2024-05-30 02:24:00.048415
"Great place for a quick bite, friendly staff.",4,Birmingham City Centre,2024-05-30 02:24:00.048415
"Great place for a quick bite, friendly staff.",4,London Camden,2024-05-30 02:24:00.048415
"Very disappointing experience, will not return.",2,Edinburgh Old Town,2024-05-30 02:24:00.048415
"Food was okay, nothing special.",3,London Soho,2024-05-30 02:24:00.048415
"Loved the burgers here, will definitely come back.",4,London Camden,2024-05-30 02:24:00.048415
"Loved the burgers here, will definitely come back.",5,London Hackney,2024-05-30 02:24:00.048415
Delicious meals and very clean environment.,5,London Canary Wharf,2024-05-30 02:24:00.048415
Rude staff and long waiting times.,2,Birmingham City Centre,2024-05-30 02:24:00.048415
"Loved the burgers here, will definitely come back.",5,London Chelsea,2024-05-30 02:24:00.048415
Fantastic food and great service!,5,Edinburgh New Town,2024-05-30 02:24:00.048415
"Loved the burgers here, will definitely come back.",4,Birmingham Edgbaston,2024-05-30 02:24:00.048415
"Awful place, would not recommend.",2,London Soho,2024-05-30 02:24:00.048415
Delicious meals and very clean environment.,5,London Chelsea,2024-05-30 02:24:00.048415
"Great place for a quick bite, friendly staff.",5,Birmingham Edgbaston,2024-05-30 02:24:00.048415
"Amazing experience, highly recommend.",4,Manchester Didsbury,2024-05-30 02:24:00.048415
"Great place for a quick bite, friendly staff.",4,Manchester Central,2024-05-30 02:24:00.048415
"Great place for a quick bite, friendly staff.",5,Manchester Didsbury,2024-05-30 02:24:00.048415
Fantastic food and great service!,4,London Soho,2024-05-30 02:24:00.048415
"Loved the burgers here, will definitely come back.",5,Manchester Salford,2024-05-30 02:24:00.048415
"Amazing experience, highly recommend.",4,London Camden,2024-05-30 02:24:00.048415
"Great place for a quick bite, friendly staff.",4,Manchester Central,2024-05-30 02:24:00.048415
"Loved the burgers here, will definitely come back.",4,Cardiff Bay,2024-05-30 02:24:00.048415
"Loved the burgers here, will definitely come back.",5,Birmingham Edgbaston,2024-05-30 02:24:00.048415
Delicious meals and very clean environment.,5,London Chelsea,2024-05-30 02:24:00.048415
Fantastic food and great service!,4,Glasgow City Centre,2024-05-30 02:24:00.048415
"Loved the burgers here, will definitely come back.",5,Sheffield Ecclesall Road,2024-05-30 02:24:00.048415
"Great place for a quick bite, friendly staff.",4,Edinburgh New Town,2024-05-30 02:24:00.048415
Fantastic food and great service!,5,Birmingham Edgbaston,2024-05-31 02:24:00.048415
"Great place for a quick bite, friendly staff.",5,Leeds City Centre,2024-05-31 02:24:00.048415
Rude staff and long waiting times.,2,London Hackney,2024-05-31 02:24:00.048415
Fantastic food and great service!,4,Manchester Didsbury,2024-05-31 02:24:00.048415
"Great place for a quick bite, friendly staff.",4,Birmingham Solihull,2024-05-31 02:24:00.048415
Fantastic food and great service!,5,London Canary Wharf,2024-05-31 02:24:00.048415
Fantastic food and great service!,4,Liverpool City Centre,2024-05-31 02:24:00.048415
"Great place for a quick bite, friendly staff.",4,Cardiff Bay,2024-05-31 02:24:00.048415
Fantastic food and great service!,5,London Hackney,2024-05-31 02:24:00.048415
"Great place for a quick bite, friendly staff.",5,London Chelsea,2024-05-31 02:24:00.048415
Rude staff and long waiting times.,2,Edinburgh New Town,2024-05-31 02:24:00.048415
Terrible service and cold food.,2,Glasgow City Centre,2024-05-31 02:24:00.048415
Fantastic food and great service!,5,Manchester Didsbury,2024-05-31 02:24:00.048415
"Great place for a quick bite, friendly staff.",5,London Canary Wharf,2024-05-31 02:24:00.048415
"Amazing experience, highly recommend.",5,London Camden,2024-05-31 02:24:00.048415
"Poor quality food, waste of money.",2,Sheffield Ecclesall Road,2024-05-31 02:24:00.048415
"Great place for a quick bite, friendly staff.",4,London Canary Wharf,2024-05-31 02:24:00.048415
"It was alright, the service could be better.",3,Manchester Didsbury,2024-05-31 02:24:00.048415
"Loved the burgers here, will definitely come back.",5,London Soho,2024-05-31 02:24:00.048415
"Great place for a quick bite, friendly staff.",4,London Hackney,2024-05-31 02:24:00.048415
Delicious meals and very clean environment.,4,Edinburgh Old Town,2024-05-31 02:24:00.048415
"It was alright, the service could be better.",3,Birmingham Solihull,2024-05-31 02:24:00.048415
"Awful place, would not recommend.",1,London Canary Wharf,2024-05-31 02:24:00.048415
"Amazing experience, highly recommend.",5,Birmingham Edgbaston,2024-05-31 02:24:00.048415
Fantastic food and great service!,4,London Soho,2024-05-31 02:24:00.048415
"It was alright, the service could be better.",3,Birmingham City Centre,2024-05-31 02:24:00.048415
Fantastic food and great service!,5,Liverpool Anfield,2024-05-31 02:24:00.048415
"Loved the burgers here, will definitely come back.",5,London Hackney,2024-05-31 02:24:00.048415
"Awful place, would not recommend.",2,Edinburgh Old Town,2024-05-31 02:24:00.048415
"Average experience, not bad but not great.",3,Sheffield Ecclesall Road,2024-05-31 02:24:00.048415
"Average experience, not bad but not great.",3,London Soho,2024-05-31 02:24:00.048415
"Awful place, would not recommend.",1,London Hackney,2024-05-31 02:24:00.048415
"Awful place, would not recommend.",1,London Soho,2024-05-31 02:24:00.048415
Fantastic food and great service!,4,London Hackney,2024-05-31 02:24:00.048415
"Great place for a quick bite, friendly staff.",5,Manchester Central,2024-05-31 02:24:00.048415
Fantastic food and great service!,5,Bristol City Centre,2024-05-31 02:24:00.048415
"Great place for a quick bite, friendly staff.",5,London Canary Wharf,2024-05-31 02:24:00.048415
"Awful place, would not recommend.",2,Liverpool City Centre,2024-05-31 02:24:00.048415
Terrible service and cold food.,2,London Soho,2024-05-31 02:24:00.048415
"Great place for a quick bite, friendly staff.",5,Bristol Clifton,2024-05-31 02:24:00.048415
"Mediocre food, acceptable for a quick meal.",3,London Camden,2024-05-31 02:24:00.048415
Delicious meals and very clean environment.,4,London Camden,2024-05-31 02:24:00.048415
Terrible service and cold food.,1,Edinburgh New Town,2024-05-31 02:24:00.048415
Fantastic food and great service!,5,London Canary Wharf,2024-05-31 02:24:00.048415
"Amazing experience, highly recommend.",5,London Hackney,2024-05-31 02:24:00.048415
"Great place for a quick bite, friendly staff.",4,Glasgow West End,2024-05-31 02:24:00.048415
"Amazing experience, highly recommend.",5,Bristol City Centre,2024-05-31 02:24:00.048415
Delicious meals and very clean environment.,5,Liverpool City Centre,2024-05-31 02:24:00.048415
"Decent place, but I've had better.",3,Manchester Salford,2024-05-31 02:24:00.048415
Rude staff and long waiting times.,1,London Canary Wharf,2024-05-31 02:24:00.048415
Fantastic food and great service!,4,London Canary Wharf,2024-05-31 02:24:00.048415
"Loved the burgers here, will definitely come back.",5,Leeds City Centre,2024-05-31 02:24:00.048415
Delicious meals and very clean environment.,4,London Camden,2024-06-01 02:24:00.048415
Delicious meals and very clean environment.,5,Birmingham City Centre,2024-06-01 02:24:00.048415
"Loved the burgers here, will definitely come back.",4,London Camden,2024-06-01 02:24:00.048415
"Very disappointing experience, will not return.",2,Sheffield City Centre,2024-06-01 02:24:00.048415
Fantastic food and great service!,5,Edinburgh New Town,2024-06-01 02:24:00.048415
"Amazing experience, highly recommend.",5,Glasgow City Centre,2024-06-01 02:24:00.048415
"Awful place, would not recommend.",2,London Soho,2024-06-01 02:24:00.048415
Fantastic food and great service!,5,London Chelsea,2024-06-01 02:24:00.048415
Fantastic food and great service!,5,Manchester Central,2024-06-01 02:24:00.048415
"Great place for a quick bite, friendly staff.",4,Manchester Salford,2024-06-01 02:24:00.048415
"Amazing experience, highly recommend.",5,Manchester Central,2024-06-01 02:24:00.048415
Terrible service and cold food.,2,Manchester Didsbury,2024-06-01 02:24:00.048415
Delicious meals and very clean environment.,5,Manchester Central,2024-06-01 02:24:00.048415
"Loved the burgers here, will definitely come back.",5,Manchester Central,2024-06-01 02:24:00.048415
Delicious meals and very clean environment.,5,Edinburgh Old Town,2024-06-01 02:24:00.048415
Fantastic food and great service!,5,Birmingham Edgbaston,2024-06-01 02:24:00.048415
"Amazing experience, highly recommend.",4,Liverpool Anfield,2024-06-01 02:24:00.048415
Delicious meals and very clean environment.,4,Cardiff Bay,2024-06-01 02:24:00.048415
"Loved the burgers here, will definitely come back.",5,Manchester Central,2024-06-01 02:24:00.048415
"Mediocre food, acceptable for a quick meal.",3,Leeds City Centre,2024-06-01 02:24:00.048415
"Amazing experience, highly recommend.",5,London Canary Wharf,2024-06-01 02:24:00.048415
"Decent place, but I've had better.",3,Sheffield City Centre,2024-06-01 02:24:00.048415
"Loved the burgers here, will definitely come back.",5,London Soho,2024-06-01 02:24:00.048415
Delicious meals and very clean environment.,5,Manchester Central,2024-06-01 02:24:00.048415
"Great place for a quick bite, friendly staff.",5,Manchester Central,2024-06-01 02:24:00.048415
Fantastic food and great service!,4,Manchester Central,2024-06-01 02:24:00.048415
"Loved the burgers here, will definitely come back.",5,London Hackney,2024-06-01 02:24:00.048415
"Average experience, not bad but not great.",3,Birmingham Edgbaston,2024-06-01 02:24:00.048415
"Great place for a quick bite, friendly staff.",4,Manchester Salford,2024-06-01 02:24:00.048415
"Mediocre food, acceptable for a quick meal.",3,London Hackney,2024-06-01 02:24:00.048415
"Awful place, would not recommend.",1,Bristol City Centre,2024-06-01 02:24:00.048415
Terrible service and cold food.,2,Leeds City Centre,2024-06-01 02:24:00.048415
Delicious meals and very clean environment.,5,London Soho,2024-06-01 02:24:00.048415
Terrible service and cold food.,1,Birmingham Solihull,2024-06-01 02:24:00.048415
Terrible service and cold food.,1,London Canary Wharf,2024-06-01 02:24:00.048415
"Great place for a quick bite, friendly staff.",5,London Hackney,2024-06-01 02:24:00.048415
"Amazing experience, highly recommend.",5,Birmingham Edgbaston,2024-06-01 02:24:00.048415
"Amazing experience, highly recommend.",5,Leeds Headingley,2024-06-01 02:24:00.048415
"Food was okay, nothing special.",3,Leeds Headingley,2024-06-01 02:24:00.048415
Terrible service and cold food.,1,Birmingham Solihull,2024-06-02 02:24:00.048415
"Loved the burgers here, will definitely come back.",5,Birmingham Solihull,2024-06-02 02:24:00.048415
"Very disappointing experience, will not return.",2,Birmingham City Centre,2024-06-02 02:24:00.048415
Delicious meals and very clean environment.,4,Sheffield City Centre,2024-06-02 02:24:00.048415
"Average experience, not bad but not great.",3,London Hackney,2024-06-02 02:24:00.048415
"Loved the burgers here, will definitely come back.",5,Sheffield Ecclesall Road,2024-06-02 02:24:00.048415
Rude staff and long waiting times.,1,Manchester Salford,2024-06-02 02:24:00.048415
"Loved the burgers here, will definitely come back.",5,London Soho,2024-06-02 02:24:00.048415
"Loved the burgers here, will definitely come back.",5,Edinburgh New Town,2024-06-02 02:24:00.048415
Fantastic food and great service!,4,Glasgow City Centre,2024-06-02 02:24:00.048415
"Poor quality food, waste of money.",2,Manchester Central,2024-06-02 02:24:00.048415
"Awful place, would not recommend.",1,Manchester Central,2024-06-02 02:24:00.048415
"Great place for a quick bite, friendly staff.",4,London Chelsea,2024-06-02 02:24:00.048415
Fantastic food and great service!,5,Birmingham Solihull,2024-06-02 02:24:00.048415
"Loved the burgers here, will definitely come back.",4,Birmingham Edgbaston,2024-06-02 02:24:00.048415
Delicious meals and very clean environment.,5,London Soho,2024-06-02 02:24:00.048415
"Great place for a quick bite, friendly staff.",5,London Soho,2024-06-02 02:24:00.048415
"Amazing experience, highly recommend.",4,Bristol Clifton,2024-06-02 02:24:00.048415
Fantastic food and great service!,5,Birmingham Solihull,2024-06-02 02:24:00.048415
Terrible service and cold food.,2,Birmingham Edgbaston,2024-06-02 02:24:00.048415
Terrible service and cold food.,2,London Hackney,2024-06-02 02:24:00.048415
"Amazing experience, highly recommend.",5,London Chelsea,2024-06-02 02:24:00.048415
"Great place for a quick bite, friendly staff.",4,Bristol Clifton,2024-06-02 02:24:00.048415
Delicious meals and very clean environment.,5,London Chelsea,2024-06-02 02:24:00.048415
"Poor quality food, waste of money.",1,London Chelsea,2024-06-02 02:24:00.048415
"Loved the burgers here, will definitely come back.",5,Edinburgh New Town,2024-06-02 02:24:00.048415
Terrible service and cold food.,2,Birmingham City Centre,2024-06-02 02:24:00.048415
Terrible service and cold food.,1,Manchester Salford,2024-06-02 02:24:00.048415
"Amazing experience, highly recommend.",5,Liverpool City Centre,2024-06-02 02:24:00.048415
Fantastic food and great service!,4,Glasgow West End,2024-06-02 02:24:00.048415
"Amazing experience, highly recommend.",5,Birmingham Solihull,2024-06-02 02:24:00.048415
"Decent place, but I've had better.",3,London Chelsea,2024-06-02 02:24:00.048415
"Amazing experience, highly recommend.",4,Liverpool Anfield,2024-06-02 02:24:00.048415
"Average experience, not bad but not great.",3,Cardiff City Centre,2024-06-02 02:24:00.048415
"Loved the burgers here, will definitely come back.",4,Sheffield City Centre,2024-06-02 02:24:00.048415
Delicious meals and very clean environment.,5,Birmingham City Centre,2024-06-02 02:24:00.048415
"Amazing experience, highly recommend.",4,Leeds City Centre,2024-06-02 02:24:00.048415
"Loved the burgers here, will definitely come back.",5,Birmingham Solihull,2024-06-02 02:24:00.048415
"Amazing experience, highly recommend.",5,Cardiff City Centre,2024-06-02 02:24:00.048415
Fantastic food and great service!,5,Manchester Salford,2024-06-02 02:24:00.048415
Fantastic food and great service!,5,Liverpool City Centre,2024-06-02 02:24:00.048415
Fantastic food and great service!,5,London Camden,2024-06-02 02:24:00.048415
"Great place for a quick bite, friendly staff.",4,Manchester Salford,2024-06-02 02:24:00.048415
"Awful place, would not recommend.",1,Glasgow West End,2024-06-02 02:24:00.048415
Delicious meals and very clean environment.,5,Sheffield City Centre,2024-06-02 02:24:00.048415
"Loved the burgers here, will definitely come back.",5,Manchester Central,2024-06-02 02:24:00.048415
"Amazing experience, highly recommend.",5,London Canary Wharf,2024-06-02 02:24:00.048415
"Great place for a quick bite, friendly staff.",5,London Chelsea,2024-06-03 02:24:00.048415
"Amazing experience, highly recommend.",5,Manchester Didsbury,2024-06-03 02:24:00.048415
Fantastic food and great service!,4,London Chelsea,2024-06-03 02:24:00.048415
Fantastic food and great service!,5,London Soho,2024-06-03 02:24:00.048415
"Food was okay, nothing special.",3,London Camden,2024-06-03 02:24:00.048415
"Food was okay, nothing special.",3,London Hackney,2024-06-03 02:24:00.048415
Delicious meals and very clean environment.,5,London Canary Wharf,2024-06-03 02:24:00.048415
"Loved the burgers here, will definitely come back.",5,London Canary Wharf,2024-06-03 02:24:00.048415
"Loved the burgers here, will definitely come back.",4,Sheffield Ecclesall Road,2024-06-03 02:24:00.048415
Fantastic food and great service!,4,London Canary Wharf,2024-06-03 02:24:00.048415
"Great place for a quick bite, friendly staff.",5,London Chelsea,2024-06-03 02:24:00.048415
"Food was okay, nothing special.",3,London Canary Wharf,2024-06-03 02:24:00.048415
"Great place for a quick bite, friendly staff.",4,Sheffield Ecclesall Road,2024-06-03 02:24:00.048415
Fantastic food and great service!,4,Birmingham Solihull,2024-06-03 02:24:00.048415
"Amazing experience, highly recommend.",4,Birmingham Solihull,2024-06-03 02:24:00.048415
Delicious meals and very clean environment.,4,London Chelsea,2024-06-03 02:24:00.048415
Fantastic food and great service!,5,Birmingham Edgbaston,2024-06-03 02:24:00.048415
"Loved the burgers here, will definitely come back.",4,Manchester Central,2024-06-03 02:24:00.048415
"Amazing experience, highly recommend.",5,Edinburgh Old Town,2024-06-03 02:24:00.048415
"Very disappointing experience, will not return.",1,Birmingham Solihull,2024-06-03 02:24:00.048415
"Decent place, but I've had better.",3,Sheffield City Centre,2024-06-03 02:24:00.048415
"Loved the burgers here, will definitely come back.",5,Liverpool Anfield,2024-06-03 02:24:00.048415
"Loved the burgers here, will definitely come back.",4,Manchester Salford,2024-06-03 02:24:00.048415
"Loved the burgers here, will definitely come back.",5,Birmingham Solihull,2024-06-03 02:24:00.048415
"Loved the burgers here, will definitely come back.",4,London Soho,2024-06-03 02:24:00.048415
Fantastic food and great service!,5,Glasgow City Centre,2024-06-03 02:24:00.048415
"Awful place, would not recommend.",1,London Soho,2024-06-03 02:24:00.048415
Fantastic food and great service!,5,Manchester Salford,2024-06-03 02:24:00.048415
"Food was okay, nothing special.",3,London Hackney,2024-06-03 02:24:00.048415
"Amazing experience, highly recommend.",5,London Canary Wharf,2024-06-03 02:24:00.048415
"Poor quality food, waste of money.",2,Bristol Clifton,2024-06-03 02:24:00.048415
"Great place for a quick bite, friendly staff.",5,Cardiff Bay,2024-06-03 02:24:00.048415
Fantastic food and great service!,5,Manchester Central,2024-06-03 02:24:00.048415
Delicious meals and very clean environment.,5,London Canary Wharf,2024-06-03 02:24:00.048415
"Great place for a quick bite, friendly staff.",5,Manchester Central,2024-06-03 02:24:00.048415
Fantastic food and great service!,4,London Canary Wharf,2024-06-03 02:24:00.048415
Terrible service and cold food.,1,Cardiff City Centre,2024-06-03 02:24:00.048415
"Great place for a quick bite, friendly staff.",4,Manchester Central,2024-06-03 02:24:00.048415
"Great place for a quick bite, friendly staff.",4,Manchester Didsbury,2024-06-03 02:24:00.048415
Fantastic food and great service!,5,London Soho,2024-06-03 02:24:00.048415
"Loved the burgers here, will definitely come back.",4,Sheffield Ecclesall Road,2024-06-03 02:24:00.048415
"Loved the burgers here, will definitely come back.",5,London Soho,2024-06-03 02:24:00.048415
"Loved the burgers here, will definitely come back.",4,London Hackney,2024-06-03 02:24:00.048415
"Great place for a quick bite, friendly staff.",4,London Soho,2024-06-03 02:24:00.048415
"Great place for a quick bite, friendly staff.",5,London Chelsea,2024-06-03 02:24:00.048415
"Loved the burgers here, will definitely come back.",4,Sheffield Ecclesall Road,2024-06-03 02:24:00.048415
Rude staff and long waiting times.,1,London Chelsea,2024-06-03 02:24:00.048415
"Food was okay, nothing special.",3,Sheffield City Centre,2024-06-03 02:24:00.048415
"Average experience, not bad but not great.",3,London Camden,2024-06-03 02:24:00.048415
"Loved the burgers here, will definitely come back.",5,Edinburgh Old Town,2024-06-03 02:24:00.048415
"Awful place, would not recommend.",2,Glasgow City Centre,2024-06-03 02:24:00.048415
Terrible service and cold food.,1,Sheffield City Centre,2024-06-03 02:24:00.048415
Delicious meals and very clean environment.,4,Cardiff City Centre,2024-06-03 02:24:00.048415
"Awful place, would not recommend.",2,London Hackney,2024-06-03 02:24:00.048415
Delicious meals and very clean environment.,4,Edinburgh New Town,2024-06-03 02:24:00.048415
"Great place for a quick bite, friendly staff.",4,London Hackney,2024-06-03 02:24:00.048415
Delicious meals and very clean environment.,5,Glasgow West End,2024-06-03 02:24:00.048415
"Mediocre food, acceptable for a quick meal.",3,Sheffield Ecclesall Road,2024-06-03 02:24:00.048415
"Great place for a quick bite, friendly staff.",5,London Canary Wharf,2024-06-03 02:24:00.048415
"Loved the burgers here, will definitely come back.",5,Birmingham City Centre,2024-06-04 02:24:00.048415
"Loved the burgers here, will definitely come back.",5,London Camden,2024-06-04 02:24:00.048415
Delicious meals and very clean environment.,4,Birmingham Solihull,2024-06-04 02:24:00.048415
Rude staff and long waiting times.,2,London Chelsea,2024-06-04 02:24:00.048415
"Poor quality food, waste of money.",2,London Soho,2024-06-04 02:24:00.048415
"Very disappointing experience, will not return.",1,Birmingham Solihull,2024-06-04 02:24:00.048415
Delicious meals and very clean environment.,4,London Soho,2024-06-04 02:24:00.048415
"Great place for a quick bite, friendly staff.",5,London Chelsea,2024-06-04 02:24:00.048415
Fantastic food and great service!,4,London Canary Wharf,2024-06-04 02:24:00.048415
"Decent place, but I've had better.",3,London Soho,2024-06-04 02:24:00.048415
Delicious meals and very clean environment.,5,Liverpool Anfield,2024-06-04 02:24:00.048415
"Great place for a quick bite, friendly staff.",5,Birmingham Solihull,2024-06-04 02:24:00.048415
Delicious meals and very clean environment.,5,Manchester Salford,2024-06-04 02:24:00.048415
"Great place for a quick bite, friendly staff.",4,London Camden,2024-06-04 02:24:00.048415
"Great place for a quick bite, friendly staff.",4,Glasgow City Centre,2024-06-04 02:24:00.048415
"Great place for a quick bite, friendly staff.",4,London Chelsea,2024-06-04 02:24:00.048415
"Great place for a quick bite, friendly staff.",4,Leeds City Centre,2024-06-04 02:24:00.048415
Delicious meals and very clean environment.,4,Manchester Salford,2024-06-04 02:24:00.048415
"Loved the burgers here, will definitely come back.",5,Manchester Central,2024-06-04 02:24:00.048415
"Great place for a quick bite, friendly staff.",5,Manchester Salford,2024-06-04 02:24:00.048415
"Poor quality food, waste of money.",2,Birmingham City Centre,2024-06-04 02:24:00.048415
"It was alright, the service could be better.",3,Bristol Clifton,2024-06-04 02:24:00.048415
"Amazing experience, highly recommend.",5,Sheffield City Centre,2024-06-04 02:24:00.048415
Delicious meals and very clean environment.,5,Manchester Salford,2024-06-04 02:24:00.048415
"Amazing experience, highly recommend.",4,London Canary Wharf,2024-06-04 02:24:00.048415
Terrible service and cold food.,2,Liverpool City Centre,2024-06-04 02:24:00.048415
"Average experience, not bad but not great.",3,Leeds City Centre,2024-06-04 02:24:00.048415
Terrible service and cold food.,1,London Soho,2024-06-04 02:24:00.048415
"Food was okay, nothing special.",3,Edinburgh New Town,2024-06-04 02:24:00.048415
"Amazing experience, highly recommend.",5,Birmingham Edgbaston,2024-06-04 02:24:00.048415
Rude staff and long waiting times.,2,Liverpool Anfield,2024-06-04 02:24:00.048415
"Loved the burgers here, will definitely come back.",5,Manchester Salford,2024-06-04 02:24:00.048415
Fantastic food and great service!,4,Manchester Central,2024-06-04 02:24:00.048415
"Decent place, but I've had better.",3,Sheffield Ecclesall Road,2024-06-04 02:24:00.048415
Delicious meals and very clean environment.,5,Manchester Central,2024-06-04 02:24:00.048415
"Awful place, would not recommend.",1,Manchester Salford,2024-06-04 02:24:00.048415
"Great place for a quick bite, friendly staff.",5,Birmingham City Centre,2024-06-04 02:24:00.048415
Fantastic food and great service!,4,Birmingham City Centre,2024-06-04 02:24:00.048415
"Great place for a quick bite, friendly staff.",5,Birmingham Edgbaston,2024-06-04 02:24:00.048415
"Amazing experience, highly recommend.",5,Edinburgh New Town,2024-06-04 02:24:00.048415
"Amazing experience, highly recommend.",4,Manchester Central,2024-06-04 02:24:00.048415
"Very disappointing experience, will not return.",1,Sheffield Ecclesall Road,2024-06-04 02:24:00.048415
"Amazing experience, highly recommend.",4,London Hackney,2024-06-04 02:24:00.048415
"Amazing experience, highly recommend.",4,Sheffield City Centre,2024-06-04 02:24:00.048415
"Great place for a quick bite, friendly staff.",4,London Hackney,2024-06-04 02:24:00.048415
"Very disappointing experience, will not return.",2,London Chelsea,2024-06-04 02:24:00.048415
"Loved the burgers here, will definitely come back.",4,Manchester Didsbury,2024-06-04 02:24:00.048415
"Great place for a quick bite, friendly staff.",4,Cardiff Bay,2024-06-04 02:24:00.048415
Rude staff and long waiting times.,1,Manchester Didsbury,2024-06-04 02:24:00.048415
"Amazing experience, highly recommend.",4,London Camden,2024-06-04 02:24:00.048415
"Amazing experience, highly recommend.",5,Bristol Clifton,2024-06-04 02:24:00.048415
Delicious meals and very clean environment.,5,Liverpool Anfield,2024-06-04 02:24:00.048415
"Great place for a quick bite, friendly staff.",5,Liverpool City Centre,2024-06-04 02:24:00.048415
"Amazing experience, highly recommend.",4,Manchester Central,2024-06-04 02:24:00.048415
"Poor quality food, waste of money.",2,London Soho,2024-06-04 02:24:00.048415
"Awful place, would not recommend.",1,London Canary Wharf,2024-06-04 02:24:00.048415
Fantastic food and great service!,4,Birmingham Solihull,2024-06-04 02:24:00.048415
"Mediocre food, acceptable for a quick meal.",3,Manchester Salford,2024-06-04 02:24:00.048415
Delicious meals and very clean environment.,4,London Hackney,2024-06-04 02:24:00.048415
"Great place for a quick bite, friendly staff.",5,Glasgow West End,2024-06-04 02:24:00.048415
"Amazing experience, highly recommend.",5,London Chelsea,2024-06-05 02:24:00.048415
"Amazing experience, highly recommend.",5,Sheffield City Centre,2024-06-05 02:24:00.048415
Fantastic food and great service!,5,Manchester Salford,2024-06-05 02:24:00.048415
"Great place for a quick bite, friendly staff.",5,Birmingham Solihull,2024-06-05 02:24:00.048415
Delicious meals and very clean environment.,5,London Hackney,2024-06-05 02:24:00.048415
"Mediocre food, acceptable for a quick meal.",3,Birmingham Edgbaston,2024-06-05 02:24:00.048415
"Great place for a quick bite, friendly staff.",5,Manchester Didsbury,2024-06-05 02:24:00.048415
Fantastic food and great service!,4,London Canary Wharf,2024-06-05 02:24:00.048415
Delicious meals and very clean environment.,5,London Soho,2024-06-05 02:24:00.048415
Fantastic food and great service!,5,Manchester Didsbury,2024-06-05 02:24:00.048415
"Great place for a quick bite, friendly staff.",4,Birmingham Edgbaston,2024-06-05 02:24:00.048415
"Amazing experience, highly recommend.",5,Cardiff City Centre,2024-06-05 02:24:00.048415
"Decent place, but I've had better.",3,Manchester Didsbury,2024-06-05 02:24:00.048415
"Amazing experience, highly recommend.",4,Liverpool Anfield,2024-06-05 02:24:00.048415
"Very disappointing experience, will not return.",2,Cardiff Bay,2024-06-05 02:24:00.048415
"Very disappointing experience, will not return.",2,Cardiff Bay,2024-06-05 02:24:00.048415
"Amazing experience, highly recommend.",5,Birmingham City Centre,2024-06-05 02:24:00.048415
Delicious meals and very clean environment.,5,Glasgow City Centre,2024-06-05 02:24:00.048415
"Awful place, would not recommend.",1,Leeds Headingley,2024-06-05 02:24:00.048415
Delicious meals and very clean environment.,5,Birmingham Edgbaston,2024-06-05 02:24:00.048415
"It was alright, the service could be better.",3,Manchester Salford,2024-06-05 02:24:00.048415
Terrible service and cold food.,1,Manchester Didsbury,2024-06-05 02:24:00.048415
Delicious meals and very clean environment.,4,Birmingham Solihull,2024-06-05 02:24:00.048415
"Great place for a quick bite, friendly staff.",5,Birmingham Solihull,2024-06-05 02:24:00.048415
Fantastic food and great service!,5,Bristol Clifton,2024-06-05 02:24:00.048415
Terrible service and cold food.,1,London Camden,2024-06-05 02:24:00.048415
"Average experience, not bad but not great.",3,Bristol City Centre,2024-06-05 02:24:00.048415
"Loved the burgers here, will definitely come back.",4,Manchester Didsbury,2024-06-05 02:24:00.048415
"Great place for a quick bite, friendly staff.",5,Liverpool Anfield,2024-06-05 02:24:00.048415
"Amazing experience, highly recommend.",5,Edinburgh New Town,2024-06-05 02:24:00.048415
"Decent place, but I've had better.",3,London Soho,2024-06-05 02:24:00.048415
"Amazing experience, highly recommend.",4,London Soho,2024-06-05 02:24:00.048415
Rude staff and long waiting times.,1,Birmingham Edgbaston,2024-06-05 02:24:00.048415
Fantastic food and great service!,5,London Soho,2024-06-05 02:24:00.048415
Fantastic food and great service!,4,Birmingham City Centre,2024-06-05 02:24:00.048415
Fantastic food and great service!,4,London Canary Wharf,2024-06-05 02:24:00.048415
"Awful place, would not recommend.",1,Liverpool Anfield,2024-06-05 02:24:00.048415
Delicious meals and very clean environment.,5,Birmingham City Centre,2024-06-05 02:24:00.048415
"Loved the burgers here, will definitely come back.",4,London Camden,2024-06-05 02:24:00.048415
Fantastic food and great service!,5,London Soho,2024-06-05 02:24:00.048415
Delicious meals and very clean environment.,5,London Camden,2024-06-05 02:24:00.048415
Terrible service and cold food.,1,Liverpool Anfield,2024-06-05 02:24:00.048415
Delicious meals and very clean environment.,5,London Soho,2024-06-05 02:24:00.048415
"Loved the burgers here, will definitely come back.",4,London Camden,2024-06-05 02:24:00.048415
"Amazing experience, highly recommend.",5,Cardiff City Centre,2024-06-05 02:24:00.048415
Fantastic food and great service!,5,Liverpool Anfield,2024-06-05 02:24:00.048415
"Great place for a quick bite, friendly staff.",5,Birmingham City Centre,2024-06-05 02:24:00.048415
"Amazing experience, highly recommend.",5,Birmingham City Centre,2024-06-05 02:24:00.048415
"Amazing experience, highly recommend.",4,London Canary Wharf,2024-06-05 02:24:00.048415
Fantastic food and great service!,4,London Camden,2024-06-05 02:24:00.048415
Delicious meals and very clean environment.,4,London Canary Wharf,2024-06-05 02:24:00.048415
"Amazing experience, highly recommend.",4,London Canary Wharf,2024-06-05 02:24:00.048415
"Awful place, would not recommend.",2,Bristol Clifton,2024-06-05 02:24:00.048415
Delicious meals and very clean environment.,4,London Camden,2024-06-05 02:24:00.048415
"Great place for a quick bite, friendly staff.",5,Birmingham Edgbaston,2024-06-05 02:24:00.048415
"Amazing experience, highly recommend.",4,Birmingham City Centre,2024-06-05 02:24:00.048415
"Loved the burgers here, will definitely come back.",5,Manchester Didsbury,2024-06-05 02:24:00.048415
Fantastic food and great service!,5,Manchester Central,2024-06-05 02:24:00.048415
Fantastic food and great service!,4,Birmingham City Centre,2024-06-06 02:24:00.048415
"Loved the burgers here, will definitely come back.",5,Birmingham City Centre,2024-06-06 02:24:00.048415
"Loved the burgers here, will definitely come back.",4,London Canary Wharf,2024-06-06 02:24:00.048415
Fantastic food and great service!,4,London Chelsea,2024-06-06 02:24:00.048415
"Great place for a quick bite, friendly staff.",4,London Hackney,2024-06-06 02:24:00.048415
"Amazing experience, highly recommend.",5,Bristol City Centre,2024-06-06 02:24:00.048415
Rude staff and long waiting times.,2,London Canary Wharf,2024-06-06 02:24:00.048415
"Loved the burgers here, will definitely come back.",4,London Hackney,2024-06-06 02:24:00.048415
"Amazing experience, highly recommend.",5,London Hackney,2024-06-06 02:24:00.048415
"Loved the burgers here, will definitely come back.",5,Bristol City Centre,2024-06-06 02:24:00.048415
Delicious meals and very clean environment.,5,Manchester Didsbury,2024-06-06 02:24:00.048415
"Great place for a quick bite, friendly staff.",5,Sheffield Ecclesall Road,2024-06-06 02:24:00.048415
"Amazing experience, highly recommend.",5,Manchester Didsbury,2024-06-06 02:24:00.048415
"Great place for a quick bite, friendly staff.",4,London Camden,2024-06-06 02:24:00.048415
"Great place for a quick bite, friendly staff.",5,Manchester Central,2024-06-06 02:24:00.048415
"Very disappointing experience, will not return.",2,London Chelsea,2024-06-06 02:24:00.048415
"Food was okay, nothing special.",3,London Camden,2024-06-06 02:24:00.048415
"Average experience, not bad but not great.",3,London Camden,2024-06-06 02:24:00.048415
"Amazing experience, highly recommend.",5,Bristol Clifton,2024-06-06 02:24:00.048415
Fantastic food and great service!,5,Manchester Central,2024-06-06 02:24:00.048415
"Amazing experience, highly recommend.",5,London Soho,2024-06-06 02:24:00.048415
Fantastic food and great service!,5,London Canary Wharf,2024-06-06 02:24:00.048415
Delicious meals and very clean environment.,4,Manchester Central,2024-06-06 02:24:00.048415
"Average experience, not bad but not great.",3,Manchester Central,2024-06-06 02:24:00.048415
Fantastic food and great service!,4,Birmingham City Centre,2024-06-06 02:24:00.048415
Fantastic food and great service!,4,London Soho,2024-06-06 02:24:00.048415
"Food was okay, nothing special.",3,Leeds City Centre,2024-06-06 02:24:00.048415
Terrible service and cold food.,2,Birmingham Solihull,2024-06-06 02:24:00.048415
"Amazing experience, highly recommend.",4,London Canary Wharf,2024-06-06 02:24:00.048415
"Amazing experience, highly recommend.",5,London Hackney,2024-06-06 02:24:00.048415
"Awful place, would not recommend.",1,Manchester Didsbury,2024-06-06 02:24:00.048415
Delicious meals and very clean environment.,4,Birmingham Edgbaston,2024-06-06 02:24:00.048415
"Amazing experience, highly recommend.",5,Edinburgh Old Town,2024-06-06 02:24:00.048415
Rude staff and long waiting times.,2,Manchester Didsbury,2024-06-06 02:24:00.048415
"Awful place, would not recommend.",1,London Canary Wharf,2024-06-06 02:24:00.048415
"Great place for a quick bite, friendly staff.",4,Leeds City Centre,2024-06-06 02:24:00.048415
Fantastic food and great service!,5,London Hackney,2024-06-06 02:24:00.048415
"Loved the burgers here, will definitely come back.",4,Edinburgh New Town,2024-06-06 02:24:00.048415
Delicious meals and very clean environment.,4,Leeds Headingley,2024-06-06 02:24:00.048415
"Great place for a quick bite, friendly staff.",4,Birmingham City Centre,2024-06-06 02:24:00.048415
Delicious meals and very clean environment.,4,London Chelsea,2024-06-06 02:24:00.048415
Delicious meals and very clean environment.,4,Birmingham Edgbaston,2024-06-06 02:24:00.048415
"Very disappointing experience, will not return.",2,Liverpool City Centre,2024-06-06 02:24:00.048415
"Great place for a quick bite, friendly staff.",5,Manchester Didsbury,2024-06-06 02:24:00.048415
"It was alright, the service could be better.",3,Sheffield Ecclesall Road,2024-06-06 02:24:00.048415
"Mediocre food, acceptable for a quick meal.",3,Birmingham Solihull,2024-06-06 02:24:00.048415
Delicious meals and very clean environment.,5,Liverpool Anfield,2024-06-06 02:24:00.048415
"Amazing experience, highly recommend.",4,London Soho,2024-06-06 02:24:00.048415
"It was alright, the service could be better.",3,London Chelsea,2024-06-06 02:24:00.048415
Delicious meals and very clean environment.,4,Manchester Salford,2024-06-06 02:24:00.048415
"Amazing experience, highly recommend.",4,Birmingham City Centre,2024-06-06 02:24:00.048415
"Great place for a quick bite, friendly staff.",4,London Soho,2024-06-06 02:24:00.048415
"Loved the burgers here, will definitely come back.",4,Manchester Central,2024-06-06 02:24:00.048415
"Loved the burgers here, will definitely come back.",4,London Chelsea,2024-06-07 02:24:00.048415
Fantastic food and great service!,5,Glasgow West End,2024-06-07 02:24:00.048415
"Average experience, not bad but not great.",3,London Hackney,2024-06-07 02:24:00.048415
"Mediocre food, acceptable for a quick meal.",3,Birmingham Solihull,2024-06-07 02:24:00.048415
Delicious meals and very clean environment.,4,London Canary Wharf,2024-06-07 02:24:00.048415
Fantastic food and great service!,5,London Soho,2024-06-07 02:24:00.048415
"Awful place, would not recommend.",2,London Hackney,2024-06-07 02:24:00.048415
"Amazing experience, highly recommend.",5,London Chelsea,2024-06-07 02:24:00.048415
"Mediocre food, acceptable for a quick meal.",3,Glasgow City Centre,2024-06-07 02:24:00.048415
Delicious meals and very clean environment.,5,London Soho,2024-06-07 02:24:00.048415
"It was alright, the service could be better.",3,London Chelsea,2024-06-07 02:24:00.048415
"Poor quality food, waste of money.",1,Manchester Didsbury,2024-06-07 02:24:00.048415
"Average experience, not bad but not great.",3,Liverpool Anfield,2024-06-07 02:24:00.048415
Delicious meals and very clean environment.,4,Glasgow West End,2024-06-07 02:24:00.048415
"Loved the burgers here, will definitely come back.",5,London Chelsea,2024-06-07 02:24:00.048415
Delicious meals and very clean environment.,5,London Hackney,2024-06-07 02:24:00.048415
"Decent place, but I've had better.",3,Birmingham Edgbaston,2024-06-07 02:24:00.048415
"Decent place, but I've had better.",3,Cardiff Bay,2024-06-07 02:24:00.048415
"Food was okay, nothing special.",3,Birmingham City Centre,2024-06-07 02:24:00.048415
"Loved the burgers here, will definitely come back.",5,Leeds Headingley,2024-06-07 02:24:00.048415
Fantastic food and great service!,4,London Soho,2024-06-07 02:24:00.048415
Fantastic food and great service!,4,Bristol City Centre,2024-06-07 02:24:00.048415
"Awful place, would not recommend.",1,Leeds City Centre,2024-06-07 02:24:00.048415
"Average experience, not bad but not great.",3,London Chelsea,2024-06-07 02:24:00.048415
"Awful place, would not recommend.",1,Leeds City Centre,2024-06-07 02:24:00.048415
"Great place for a quick bite, friendly staff.",5,London Soho,2024-06-07 02:24:00.048415
"It was alright, the service could be better.",3,Sheffield Ecclesall Road,2024-06-07 02:24:00.048415
"Mediocre food, acceptable for a quick meal.",3,Liverpool City Centre,2024-06-07 02:24:00.048415
Fantastic food and great service!,5,Manchester Salford,2024-06-07 02:24:00.048415
"Loved the burgers here, will definitely come back.",4,Cardiff Bay,2024-06-07 02:24:00.048415
Fantastic food and great service!,4,Birmingham City Centre,2024-06-07 02:24:00.048415
"Loved the burgers here, will definitely come back.",5,London Camden,2024-06-07 02:24:00.048415
"Mediocre food, acceptable for a quick meal.",3,Cardiff Bay,2024-06-07 02:24:00.048415
Fantastic food and great service!,5,Manchester Salford,2024-06-07 02:24:00.048415
"Poor quality food, waste of money.",1,Manchester Didsbury,2024-06-07 02:24:00.048415
"Loved the burgers here, will definitely come back.",4,Birmingham Solihull,2024-06-07 02:24:00.048415
"Very disappointing experience, will not return.",1,London Canary Wharf,2024-06-07 02:24:00.048415
"Poor quality food, waste of money.",1,Leeds Headingley,2024-06-07 02:24:00.048415
Delicious meals and very clean environment.,4,Birmingham Edgbaston,2024-06-07 02:24:00.048415
"Great place for a quick bite, friendly staff.",5,London Camden,2024-06-07 02:24:00.048415
Delicious meals and very clean environment.,5,London Soho,2024-06-07 02:24:00.048415
"Amazing experience, highly recommend.",5,Manchester Didsbury,2024-06-07 02:24:00.048415
"Mediocre food, acceptable for a quick meal.",3,London Camden,2024-06-07 02:24:00.048415
"Great place for a quick bite, friendly staff.",4,Bristol Clifton,2024-06-07 02:24:00.048415
"Very disappointing experience, will not return.",2,London Hackney,2024-06-07 02:24:00.048415
"Loved the burgers here, will definitely come back.",5,Manchester Didsbury,2024-06-07 02:24:00.048415
Fantastic food and great service!,4,Bristol Clifton,2024-06-07 02:24:00.048415
"Loved the burgers here, will definitely come back.",5,Birmingham Edgbaston,2024-06-07 02:24:00.048415
"Decent place, but I've had better.",3,London Hackney,2024-06-07 02:24:00.048415
"Loved the burgers here, will definitely come back.",5,London Camden,2024-06-07 02:24:00.048415
"Awful place, would not recommend.",1,Manchester Central,2024-06-07 02:24:00.048415
"Great place for a quick bite, friendly staff.",5,London Soho,2024-06-07 02:24:00.048415
Rude staff and long waiting times.,2,Birmingham Solihull,2024-06-07 02:24:00.048415
Fantastic food and great service!,5,Edinburgh Old Town,2024-06-07 02:24:00.048415
Delicious meals and very clean environment.,5,Leeds City Centre,2024-06-07 02:24:00.048415
Fantastic food and great service!,5,Cardiff Bay,2024-06-07 02:24:00.048415
"Awful place, would not recommend.",1,London Soho,2024-06-07 02:24:00.048415
"Amazing experience, highly recommend.",5,Manchester Didsbury,2024-06-07 02:24:00.048415
"Amazing experience, highly recommend.",5,Manchester Central,2024-06-07 02:24:00.048415
"Food was okay, nothing special.",3,London Soho,2024-06-07 02:24:00.048415
"Great place for a quick bite, friendly staff.",4,Leeds City Centre,2024-06-07 02:24:00.048415
"Amazing experience, highly recommend.",5,Cardiff Bay,2024-06-07 02:24:00.048415
"It was alright, the service could be better.",3,Manchester Didsbury,2024-06-08 02:24:00.048415
"Amazing experience, highly recommend.",5,London Hackney,2024-06-08 02:24:00.048415
Rude staff and long waiting times.,2,London Camden,2024-06-08 02:24:00.048415
Fantastic food and great service!,5,Sheffield Ecclesall Road,2024-06-08 02:24:00.048415
Fantastic food and great service!,4,Liverpool Anfield,2024-06-08 02:24:00.048415
"Food was okay, nothing special.",3,Edinburgh Old Town,2024-06-08 02:24:00.048415
"Great place for a quick bite, friendly staff.",5,Manchester Central,2024-06-08 02:24:00.048415
"Great place for a quick bite, friendly staff.",4,Edinburgh Old Town,2024-06-08 02:24:00.048415
"Loved the burgers here, will definitely come back.",5,Birmingham Solihull,2024-06-08 02:24:00.048415
Terrible service and cold food.,2,London Camden,2024-06-08 02:24:00.048415
"Great place for a quick bite, friendly staff.",5,Bristol Clifton,2024-06-08 02:24:00.048415
Rude staff and long waiting times.,1,London Chelsea,2024-06-08 02:24:00.048415
"Amazing experience, highly recommend.",4,London Soho,2024-06-08 02:24:00.048415
Fantastic food and great service!,5,London Hackney,2024-06-08 02:24:00.048415
Terrible service and cold food.,2,London Camden,2024-06-08 02:24:00.048415
"Loved the burgers here, will definitely come back.",4,London Camden,2024-06-08 02:24:00.048415
Terrible service and cold food.,2,Liverpool Anfield,2024-06-08 02:24:00.048415
"Awful place, would not recommend.",2,London Canary Wharf,2024-06-08 02:24:00.048415
Fantastic food and great service!,4,Birmingham City Centre,2024-06-08 02:24:00.048415
Delicious meals and very clean environment.,5,Liverpool City Centre,2024-06-08 02:24:00.048415
Delicious meals and very clean environment.,5,London Soho,2024-06-08 02:24:00.048415
Delicious meals and very clean environment.,5,Manchester Didsbury,2024-06-08 02:24:00.048415
Delicious meals and very clean environment.,4,London Soho,2024-06-08 02:24:00.048415
"Very disappointing experience, will not return.",2,Leeds City Centre,2024-06-08 02:24:00.048415
Delicious meals and very clean environment.,5,Bristol City Centre,2024-06-08 02:24:00.048415
Terrible service and cold food.,2,London Soho,2024-06-08 02:24:00.048415
Delicious meals and very clean environment.,5,London Soho,2024-06-08 02:24:00.048415
Fantastic food and great service!,5,Leeds Headingley,2024-06-08 02:24:00.048415
"Amazing experience, highly recommend.",4,Cardiff Bay,2024-06-08 02:24:00.048415
Fantastic food and great service!,5,London Canary Wharf,2024-06-08 02:24:00.048415
"Great place for a quick bite, friendly staff.",4,Bristol City Centre,2024-06-08 02:24:00.048415
"Great place for a quick bite, friendly staff.",5,Sheffield Ecclesall Road,2024-06-08 02:24:00.048415
Rude staff and long waiting times.,1,London Hackney,2024-06-08 02:24:00.048415
"Great place for a quick bite, friendly staff.",4,Manchester Central,2024-06-08 02:24:00.048415
Fantastic food and great service!,4,Bristol Clifton,2024-06-08 02:24:00.048415
"Very disappointing experience, will not return.",2,Manchester Didsbury,2024-06-08 02:24:00.048415
Fantastic food and great service!,4,London Camden,2024-06-08 02:24:00.048415
"Average experience, not bad but not great.",3,Liverpool City Centre,2024-06-08 02:24:00.048415
"Amazing experience, highly recommend.",4,Manchester Salford,2024-06-08 02:24:00.048415
"Awful place, would not recommend.",1,Birmingham Solihull,2024-06-08 02:24:00.048415
"Loved the burgers here, will definitely come back.",4,Edinburgh Old Town,2024-06-08 02:24:00.048415
"Decent place, but I've had better.",3,Birmingham Edgbaston,2024-06-08 02:24:00.048415
"Amazing experience, highly recommend.",5,Leeds City Centre,2024-06-08 02:24:00.048415
"Great place for a quick bite, friendly staff.",5,Edinburgh Old Town,2024-06-08 02:24:00.048415
"Loved the burgers here, will definitely come back.",5,London Camden,2024-06-08 02:24:00.048415
"Awful place, would not recommend.",2,Sheffield Ecclesall Road,2024-06-08 02:24:00.048415
"Loved the burgers here, will definitely come back.",4,London Soho,2024-06-08 02:24:00.048415
"Great place for a quick bite, friendly staff.",5,Liverpool City Centre,2024-06-09 02:24:00.048415
Fantastic food and great service!,5,London Camden,2024-06-09 02:24:00.048415
"Loved the burgers here, will definitely come back.",5,Liverpool City Centre,2024-06-09 02:24:00.048415
"Awful place, would not recommend.",2,Bristol Clifton,2024-06-09 02:24:00.048415
"Amazing experience, highly recommend.",5,Glasgow City Centre,2024-06-09 02:24:00.048415
"Very disappointing experience, will not return.",1,London Canary Wharf,2024-06-09 02:24:00.048415
"Great place for a quick bite, friendly staff.",5,Manchester Didsbury,2024-06-09 02:24:00.048415
Delicious meals and very clean environment.,4,Liverpool City Centre,2024-06-09 02:24:00.048415
Terrible service and cold food.,1,Birmingham City Centre,2024-06-09 02:24:00.048415
Delicious meals and very clean environment.,5,London Camden,2024-06-09 02:24:00.048415
Fantastic food and great service!,4,Edinburgh Old Town,2024-06-09 02:24:00.048415
"It was alright, the service could be better.",3,London Soho,2024-06-09 02:24:00.048415
Delicious meals and very clean environment.,5,Manchester Central,2024-06-09 02:24:00.048415
Rude staff and long waiting times.,1,London Hackney,2024-06-09 02:24:00.048415
"Loved the burgers here, will definitely come back.",5,London Soho,2024-06-09 02:24:00.048415
Delicious meals and very clean environment.,4,London Soho,2024-06-09 02:24:00.048415
"Awful place, would not recommend.",2,London Hackney,2024-06-09 02:24:00.048415
"Poor quality food, waste of money.",2,Liverpool City Centre,2024-06-09 02:24:00.048415
Rude staff and long waiting times.,1,London Chelsea,2024-06-09 02:24:00.048415
Fantastic food and great service!,4,Glasgow City Centre,2024-06-09 02:24:00.048415
"Amazing experience, highly recommend.",5,Cardiff City Centre,2024-06-09 02:24:00.048415
Fantastic food and great service!,4,Edinburgh Old Town,2024-06-09 02:24:00.048415
Fantastic food and great service!,5,Manchester Salford,2024-06-09 02:24:00.048415
Delicious meals and very clean environment.,5,Manchester Salford,2024-06-09 02:24:00.048415
"Average experience, not bad but not great.",3,London Camden,2024-06-09 02:24:00.048415
"Amazing experience, highly recommend.",5,London Canary Wharf,2024-06-09 02:24:00.048415
"Amazing experience, highly recommend.",4,Edinburgh New Town,2024-06-09 02:24:00.048415
"Poor quality food, waste of money.",2,London Soho,2024-06-09 02:24:00.048415
"Great place for a quick bite, friendly staff.",4,Birmingham City Centre,2024-06-09 02:24:00.048415
Delicious meals and very clean environment.,4,Manchester Didsbury,2024-06-09 02:24:00.048415
"Average experience, not bad but not great.",3,Manchester Central,2024-06-09 02:24:00.048415
Fantastic food and great service!,5,Cardiff Bay,2024-06-09 02:24:00.048415
"Awful place, would not recommend.",1,London Canary Wharf,2024-06-09 02:24:00.048415
Fantastic food and great service!,4,Manchester Salford,2024-06-09 02:24:00.048415
Delicious meals and very clean environment.,4,Manchester Salford,2024-06-09 02:24:00.048415
"Loved the burgers here, will definitely come back.",5,London Hackney,2024-06-09 02:24:00.048415
"Average experience, not bad but not great.",3,Liverpool Anfield,2024-06-09 02:24:00.048415
"Amazing experience, highly recommend.",5,Edinburgh New Town,2024-06-09 02:24:00.048415
"Loved the burgers here, will definitely come back.",4,London Hackney,2024-06-09 02:24:00.048415
"Loved the burgers here, will definitely come back.",4,London Hackney,2024-06-09 02:24:00.048415
"Amazing experience, highly recommend.",5,London Camden,2024-06-09 02:24:00.048415
"Great place for a quick bite, friendly staff.",5,London Camden,2024-06-09 02:24:00.048415
"Awful place, would not recommend.",1,London Camden,2024-06-09 02:24:00.048415
Fantastic food and great service!,4,Bristol City Centre,2024-06-09 02:24:00.048415
"Loved the burgers here, will definitely come back.",5,Bristol Clifton,2024-06-09 02:24:00.048415
"Loved the burgers here, will definitely come back.",5,London Canary Wharf,2024-06-09 02:24:00.048415
"Amazing experience, highly recommend.",5,Sheffield Ecclesall Road,2024-06-09 02:24:00.048415
"Awful place, would not recommend.",1,London Canary Wharf,2024-06-10 02:24:00.048415
"Great place for a quick bite, friendly staff.",4,Birmingham Edgbaston,2024-06-10 02:24:00.048415
"Poor quality food, waste of money.",2,London Chelsea,2024-06-10 02:24:00.048415
Fantastic food and great service!,5,London Canary Wharf,2024-06-10 02:24:00.048415
"Mediocre food, acceptable for a quick meal.",3,London Chelsea,2024-06-10 02:24:00.048415
"Great place for a quick bite, friendly staff.",4,Sheffield Ecclesall Road,2024-06-10 02:24:00.048415
Fantastic food and great service!,5,London Soho,2024-06-10 02:24:00.048415
Delicious meals and very clean environment.,5,Sheffield City Centre,2024-06-10 02:24:00.048415
Fantastic food and great service!,5,Leeds City Centre,2024-06-10 02:24:00.048415
Delicious meals and very clean environment.,4,Sheffield City Centre,2024-06-10 02:24:00.048415
"Awful place, would not recommend.",2,Edinburgh New Town,2024-06-10 02:24:00.048415
Fantastic food and great service!,4,Cardiff Bay,2024-06-10 02:24:00.048415
"Loved the burgers here, will definitely come back.",4,London Soho,2024-06-10 02:24:00.048415
"Amazing experience, highly recommend.",5,Manchester Salford,2024-06-10 02:24:00.048415
"Great place for a quick bite, friendly staff.",5,Glasgow West End,2024-06-10 02:24:00.048415
"Amazing experience, highly recommend.",4,Manchester Central,2024-06-10 02:24:00.048415
"Great place for a quick bite, friendly staff.",5,London Hackney,2024-06-10 02:24:00.048415
Rude staff and long waiting times.,2,Manchester Didsbury,2024-06-10 02:24:00.048415
Fantastic food and great service!,5,Cardiff City Centre,2024-06-10 02:24:00.048415
"Great place for a quick bite, friendly staff.",5,Liverpool Anfield,2024-06-10 02:24:00.048415
Fantastic food and great service!,4,London Chelsea,2024-06-10 02:24:00.048415
"Loved the burgers here, will definitely come back.",4,Birmingham City Centre,2024-06-10 02:24:00.048415
"Very disappointing experience, will not return.",1,London Camden,2024-06-10 02:24:00.048415
Fantastic food and great service!,4,Manchester Didsbury,2024-06-10 02:24:00.048415
Fantastic food and great service!,5,Glasgow West End,2024-06-10 02:24:00.048415
Delicious meals and very clean environment.,4,Birmingham City Centre,2024-06-10 02:24:00.048415
Delicious meals and very clean environment.,5,London Chelsea,2024-06-10 02:24:00.048415
Delicious meals and very clean environment.,5,Manchester Central,2024-06-10 02:24:00.048415
"Poor quality food, waste of money.",2,Cardiff Bay,2024-06-10 02:24:00.048415
"Amazing experience, highly recommend.",4,Bristol Clifton,2024-06-10 02:24:00.048415
"Poor quality food, waste of money.",2,London Hackney,2024-06-10 02:24:00.048415
Fantastic food and great service!,4,Birmingham City Centre,2024-06-10 02:24:00.048415
"Great place for a quick bite, friendly staff.",5,Manchester Central,2024-06-10 02:24:00.048415
"Amazing experience, highly recommend.",4,Sheffield City Centre,2024-06-10 02:24:00.048415
"It was alright, the service could be better.",3,Birmingham Edgbaston,2024-06-10 02:24:00.048415
Fantastic food and great service!,4,London Camden,2024-06-10 02:24:00.048415
"Loved the burgers here, will definitely come back.",5,London Canary Wharf,2024-06-10 02:24:00.048415
"Amazing experience, highly recommend.",5,Birmingham City Centre,2024-06-10 02:24:00.048415
Terrible service and cold food.,1,Liverpool Anfield,2024-06-10 02:24:00.048415
Delicious meals and very clean environment.,5,Sheffield Ecclesall Road,2024-06-10 02:24:00.048415
"Amazing experience, highly recommend.",5,Leeds City Centre,2024-06-10 02:24:00.048415
"Very disappointing experience, will not return.",1,Manchester Salford,2024-06-10 02:24:00.048415
"Very disappointing experience, will not return.",1,Manchester Didsbury,2024-06-10 02:24:00.048415
"Great place for a quick bite, friendly staff.",5,London Camden,2024-06-10 02:24:00.048415
"Very disappointing experience, will not return.",1,Edinburgh New Town,2024-06-10 02:24:00.048415
"Mediocre food, acceptable for a quick meal.",3,Manchester Salford,2024-06-10 02:24:00.048415
"Very disappointing experience, will not return.",1,Bristol Clifton,2024-06-10 02:24:00.048415
Delicious meals and very clean environment.,4,Sheffield Ecclesall Road,2024-06-10 02:24:00.048415
"Average experience, not bad but not great.",3,Leeds City Centre,2024-06-10 02:24:00.048415
"Awful place, would not recommend.",1,London Camden,2024-06-10 02:24:00.048415
"Great place for a quick bite, friendly staff.",4,London Canary Wharf,2024-06-10 02:24:00.048415
Fantastic food and great service!,4,Glasgow West End,2024-06-10 02:24:00.048415
Delicious meals and very clean environment.,4,Liverpool Anfield,2024-06-10 02:24:00.048415
"Amazing experience, highly recommend.",5,Edinburgh Old Town,2024-06-10 02:24:00.048415
"Amazing experience, highly recommend.",5,London Canary Wharf,2024-06-10 02:24:00.048415
Delicious meals and very clean environment.,4,London Hackney,2024-06-10 02:24:00.048415
Terrible service and cold food.,1,Birmingham Edgbaston,2024-06-10 02:24:00.048415
Fantastic food and great service!,4,Birmingham Edgbaston,2024-06-11 02:24:00.048415
"Poor quality food, waste of money.",1,Leeds City Centre,2024-06-11 02:24:00.048415
"Very disappointing experience, will not return.",2,Manchester Central,2024-06-11 02:24:00.048415
"Poor quality food, waste of money.",1,Glasgow West End,2024-06-11 02:24:00.048415
Fantastic food and great service!,5,London Soho,2024-06-11 02:24:00.048415
Rude staff and long waiting times.,2,London Camden,2024-06-11 02:24:00.048415
"Great place for a quick bite, friendly staff.",4,Cardiff City Centre,2024-06-11 02:24:00.048415
Delicious meals and very clean environment.,5,London Chelsea,2024-06-11 02:24:00.048415
Delicious meals and very clean environment.,4,Birmingham City Centre,2024-06-11 02:24:00.048415
"Great place for a quick bite, friendly staff.",5,London Canary Wharf,2024-06-11 02:24:00.048415
"Loved the burgers here, will definitely come back.",4,London Chelsea,2024-06-11 02:24:00.048415
Delicious meals and very clean environment.,4,London Hackney,2024-06-11 02:24:00.048415
"Loved the burgers here, will definitely come back.",5,Glasgow West End,2024-06-11 02:24:00.048415
"Amazing experience, highly recommend.",4,Leeds Headingley,2024-06-11 02:24:00.048415
Rude staff and long waiting times.,1,Edinburgh New Town,2024-06-11 02:24:00.048415
Terrible service and cold food.,2,Glasgow West End,2024-06-11 02:24:00.048415
"Amazing experience, highly recommend.",5,London Camden,2024-06-11 02:24:00.048415
Delicious meals and very clean environment.,5,Birmingham Edgbaston,2024-06-11 02:24:00.048415
Delicious meals and very clean environment.,5,Manchester Salford,2024-06-11 02:24:00.048415
"It was alright, the service could be better.",3,Leeds Headingley,2024-06-11 02:24:00.048415
"Very disappointing experience, will not return.",1,London Chelsea,2024-06-11 02:24:00.048415
"Great place for a quick bite, friendly staff.",4,Sheffield City Centre,2024-06-11 02:24:00.048415
Fantastic food and great service!,5,Birmingham Edgbaston,2024-06-11 02:24:00.048415
"Amazing experience, highly recommend.",4,London Hackney,2024-06-11 02:24:00.048415
Delicious meals and very clean environment.,5,London Canary Wharf,2024-06-11 02:24:00.048415
Fantastic food and great service!,5,Birmingham City Centre,2024-06-11 02:24:00.048415
"Amazing experience, highly recommend.",5,London Chelsea,2024-06-11 02:24:00.048415
"Great place for a quick bite, friendly staff.",5,Manchester Central,2024-06-11 02:24:00.048415
"Amazing experience, highly recommend.",5,Birmingham Solihull,2024-06-11 02:24:00.048415
"Mediocre food, acceptable for a quick meal.",3,Sheffield City Centre,2024-06-11 02:24:00.048415
"Great place for a quick bite, friendly staff.",5,Birmingham Solihull,2024-06-11 02:24:00.048415
Rude staff and long waiting times.,1,Leeds City Centre,2024-06-11 02:24:00.048415
"Loved the burgers here, will definitely come back.",5,Birmingham Edgbaston,2024-06-11 02:24:00.048415
"Loved the burgers here, will definitely come back.",5,Manchester Salford,2024-06-11 02:24:00.048415
Terrible service and cold food.,2,London Hackney,2024-06-11 02:24:00.048415
"Very disappointing experience, will not return.",2,London Soho,2024-06-11 02:24:00.048415
"Great place for a quick bite, friendly staff.",5,Edinburgh New Town,2024-06-11 02:24:00.048415
"Awful place, would not recommend.",2,Leeds Headingley,2024-06-11 02:24:00.048415
"Very disappointing experience, will not return.",1,London Chelsea,2024-06-11 02:24:00.048415
"Loved the burgers here, will definitely come back.",5,Cardiff Bay,2024-06-11 02:24:00.048415
"Loved the burgers here, will definitely come back.",5,London Hackney,2024-06-11 02:24:00.048415
"Amazing experience, highly recommend.",4,Manchester Central,2024-06-11 02:24:00.048415
Fantastic food and great service!,5,Manchester Salford,2024-06-11 02:24:00.048415
Terrible service and cold food.,2,Birmingham Solihull,2024-06-11 02:24:00.048415
"Great place for a quick bite, friendly staff.",5,Bristol Clifton,2024-06-11 02:24:00.048415
"Amazing experience, highly recommend.",4,Sheffield Ecclesall Road,2024-06-11 02:24:00.048415
Fantastic food and great service!,5,London Canary Wharf,2024-06-11 02:24:00.048415
Fantastic food and great service!,5,Cardiff Bay,2024-06-11 02:24:00.048415
Rude staff and long waiting times.,1,Edinburgh Old Town,2024-06-11 02:24:00.048415
Rude staff and long waiting times.,2,Liverpool Anfield,2024-06-11 02:24:00.048415
"Amazing experience, highly recommend.",5,London Hackney,2024-06-11 02:24:00.048415
"Amazing experience, highly recommend.",4,London Soho,2024-06-11 02:24:00.048415
Terrible service and cold food.,1,London Soho,2024-06-11 02:24:00.048415
"Loved the burgers here, will definitely come back.",5,London Soho,2024-06-11 02:24:00.048415
"Amazing experience, highly recommend.",4,Sheffield Ecclesall Road,2024-06-12 02:24:00.048415
"Loved the burgers here, will definitely come back.",4,London Hackney,2024-06-12 02:24:00.048415
Delicious meals and very clean environment.,5,London Soho,2024-06-12 02:24:00.048415
Fantastic food and great service!,5,London Canary Wharf,2024-06-12 02:24:00.048415
"Great place for a quick bite, friendly staff.",4,London Chelsea,2024-06-12 02:24:00.048415
"Loved the burgers here, will definitely come back.",4,Glasgow City Centre,2024-06-12 02:24:00.048415
Fantastic food and great service!,4,London Camden,2024-06-12 02:24:00.048415
"Amazing experience, highly recommend.",5,Cardiff Bay,2024-06-12 02:24:00.048415
"Decent place, but I've had better.",3,London Soho,2024-06-12 02:24:00.048415
"Loved the burgers here, will definitely come back.",5,London Canary Wharf,2024-06-12 02:24:00.048415
"Great place for a quick bite, friendly staff.",5,Manchester Central,2024-06-12 02:24:00.048415
"Awful place, would not recommend.",1,London Soho,2024-06-12 02:24:00.048415
"Loved the burgers here, will definitely come back.",5,London Chelsea,2024-06-12 02:24:00.048415
"Very disappointing experience, will not return.",2,London Hackney,2024-06-12 02:24:00.048415
"Loved the burgers here, will definitely come back.",4,London Chelsea,2024-06-12 02:24:00.048415
Delicious meals and very clean environment.,5,Manchester Didsbury,2024-06-12 02:24:00.048415
Delicious meals and very clean environment.,5,London Camden,2024-06-12 02:24:00.048415
"It was alright, the service could be better.",3,Birmingham Edgbaston,2024-06-12 02:24:00.048415
Terrible service and cold food.,2,Manchester Central,2024-06-12 02:24:00.048415
Terrible service and cold food.,2,Birmingham Edgbaston,2024-06-12 02:24:00.048415
"Loved the burgers here, will definitely come back.",4,London Chelsea,2024-06-12 02:24:00.048415
"Food was okay, nothing special.",3,Sheffield City Centre,2024-06-12 02:24:00.048415
Delicious meals and very clean environment.,4,London Soho,2024-06-12 02:24:00.048415
Delicious meals and very clean environment.,5,Manchester Central,2024-06-12 02:24:00.048415
"Awful place, would not recommend.",1,London Soho,2024-06-12 02:24:00.048415
"Great place for a quick bite, friendly staff.",5,London Soho,2024-06-12 02:24:00.048415
"Loved the burgers here, will definitely come back.",5,Birmingham City Centre,2024-06-12 02:24:00.048415
Delicious meals and very clean environment.,5,Birmingham Solihull,2024-06-12 02:24:00.048415
"Very disappointing experience, will not return.",2,London Hackney,2024-06-12 02:24:00.048415
Rude staff and long waiting times.,1,Sheffield City Centre,2024-06-12 02:24:00.048415
"Great place for a quick bite, friendly staff.",4,London Chelsea,2024-06-12 02:24:00.048415
"Poor quality food, waste of money.",2,Edinburgh Old Town,2024-06-12 02:24:00.048415
"Very disappointing experience, will not return.",2,London Hackney,2024-06-12 02:24:00.048415
"Amazing experience, highly recommend.",5,Cardiff Bay,2024-06-12 02:24:00.048415
"Awful place, would not recommend.",1,London Hackney,2024-06-12 02:24:00.048415
Delicious meals and very clean environment.,4,Edinburgh New Town,2024-06-12 02:24:00.048415
"Amazing experience, highly recommend.",5,London Canary Wharf,2024-06-12 02:24:00.048415
"Loved the burgers here, will definitely come back.",5,London Chelsea,2024-06-12 02:24:00.048415
"Loved the burgers here, will definitely come back.",4,Manchester Central,2024-06-12 02:24:00.048415
"Decent place, but I've had better.",3,London Camden,2024-06-12 02:24:00.048415
"Loved the burgers here, will definitely come back.",4,Cardiff Bay,2024-06-12 02:24:00.048415
Delicious meals and very clean environment.,5,London Camden,2024-06-12 02:24:00.048415
"Amazing experience, highly recommend.",4,Manchester Central,2024-06-12 02:24:00.048415
Fantastic food and great service!,4,Manchester Central,2024-06-12 02:24:00.048415
Delicious meals and very clean environment.,5,Birmingham City Centre,2024-06-12 02:24:00.048415
"Loved the burgers here, will definitely come back.",5,Manchester Didsbury,2024-06-12 02:24:00.048415
Delicious meals and very clean environment.,4,London Chelsea,2024-06-12 02:24:00.048415
"Great place for a quick bite, friendly staff.",5,Cardiff Bay,2024-06-12 02:24:00.048415
"Very disappointing experience, will not return.",1,Manchester Central,2024-06-12 02:24:00.048415
"Great place for a quick bite, friendly staff.",4,Manchester Central,2024-06-12 02:24:00.048415
"Loved the burgers here, will definitely come back.",5,Manchester Salford,2024-06-12 02:24:00.048415
"Average experience, not bad but not great.",3,London Hackney,2024-06-12 02:24:00.048415
Fantastic food and great service!,4,Birmingham City Centre,2024-06-12 02:24:00.048415
"Amazing experience, highly recommend.",4,Birmingham Edgbaston,2024-06-12 02:24:00.048415
"Amazing experience, highly recommend.",5,London Canary Wharf,2024-06-12 02:24:00.048415
Rude staff and long waiting times.,1,Manchester Salford,2024-06-13 02:24:00.048415
"Loved the burgers here, will definitely come back.",5,London Chelsea,2024-06-13 02:24:00.048415
"Great place for a quick bite, friendly staff.",4,Manchester Didsbury,2024-06-13 02:24:00.048415
"Great place for a quick bite, friendly staff.",5,Glasgow West End,2024-06-13 02:24:00.048415
"Loved the burgers here, will definitely come back.",5,London Camden,2024-06-13 02:24:00.048415
"Poor quality food, waste of money.",1,Leeds Headingley,2024-06-13 02:24:00.048415
"It was alright, the service could be better.",3,Manchester Didsbury,2024-06-13 02:24:00.048415
"Awful place, would not recommend.",1,Edinburgh New Town,2024-06-13 02:24:00.048415
"Loved the burgers here, will definitely come back.",5,London Chelsea,2024-06-13 02:24:00.048415
"Awful place, would not recommend.",2,London Canary Wharf,2024-06-13 02:24:00.048415
"Amazing experience, highly recommend.",5,London Chelsea,2024-06-13 02:24:00.048415
"Loved the burgers here, will definitely come back.",4,London Camden,2024-06-13 02:24:00.048415
"Food was okay, nothing special.",3,Birmingham City Centre,2024-06-13 02:24:00.048415
Rude staff and long waiting times.,2,Sheffield Ecclesall Road,2024-06-13 02:24:00.048415
"Awful place, would not recommend.",1,Liverpool Anfield,2024-06-13 02:24:00.048415
"Amazing experience, highly recommend.",5,London Hackney,2024-06-13 02:24:00.048415
"Great place for a quick bite, friendly staff.",4,London Camden,2024-06-13 02:24:00.048415
Delicious meals and very clean environment.,5,London Canary Wharf,2024-06-13 02:24:00.048415
"Great place for a quick bite, friendly staff.",4,Cardiff City Centre,2024-06-13 02:24:00.048415
"Great place for a quick bite, friendly staff.",5,Manchester Salford,2024-06-13 02:24:00.048415
Delicious meals and very clean environment.,4,Birmingham Edgbaston,2024-06-13 02:24:00.048415
Delicious meals and very clean environment.,4,London Camden,2024-06-13 02:24:00.048415
"Food was okay, nothing special.",3,London Chelsea,2024-06-13 02:24:00.048415
Fantastic food and great service!,5,Liverpool Anfield,2024-06-13 02:24:00.048415
"Loved the burgers here, will definitely come back.",4,London Canary Wharf,2024-06-13 02:24:00.048415
Delicious meals and very clean environment.,4,London Canary Wharf,2024-06-13 02:24:00.048415
Fantastic food and great service!,5,London Hackney,2024-06-13 02:24:00.048415
Fantastic food and great service!,4,London Soho,2024-06-13 02:24:00.048415
"Poor quality food, waste of money.",2,London Camden,2024-06-13 02:24:00.048415
Delicious meals and very clean environment.,4,Birmingham City Centre,2024-06-13 02:24:00.048415
"Amazing experience, highly recommend.",5,Glasgow West End,2024-06-13 02:24:00.048415
"Great place for a quick bite, friendly staff.",4,Manchester Didsbury,2024-06-13 02:24:00.048415
"Great place for a quick bite, friendly staff.",4,Glasgow City Centre,2024-06-13 02:24:00.048415
Delicious meals and very clean environment.,5,Birmingham City Centre,2024-06-13 02:24:00.048415
"Awful place, would not recommend.",2,Manchester Didsbury,2024-06-13 02:24:00.048415
"Loved the burgers here, will definitely come back.",5,London Chelsea,2024-06-13 02:24:00.048415
"Great place for a quick bite, friendly staff.",5,London Chelsea,2024-06-13 02:24:00.048415
"Amazing experience, highly recommend.",5,Edinburgh New Town,2024-06-13 02:24:00.048415
"It was alright, the service could be better.",3,London Canary Wharf,2024-06-13 02:24:00.048415
"Great place for a quick bite, friendly staff.",4,London Chelsea,2024-06-13 02:24:00.048415
"Loved the burgers here, will definitely come back.",4,Cardiff Bay,2024-06-13 02:24:00.048415
"Great place for a quick bite, friendly staff.",4,London Hackney,2024-06-13 02:24:00.048415
"Amazing experience, highly recommend.",5,Birmingham Edgbaston,2024-06-13 02:24:00.048415
Delicious meals and very clean environment.,5,Manchester Central,2024-06-13 02:24:00.048415
Delicious meals and very clean environment.,4,London Camden,2024-06-14 02:24:00.048415
Terrible service and cold food.,2,London Camden,2024-06-14 02:24:00.048415
"Poor quality food, waste of money.",1,Birmingham Edgbaston,2024-06-14 02:24:00.048415
"Amazing experience, highly recommend.",5,London Chelsea,2024-06-14 02:24:00.048415
Delicious meals and very clean environment.,5,Birmingham Solihull,2024-06-14 02:24:00.048415
Fantastic food and great service!,4,Birmingham Solihull,2024-06-14 02:24:00.048415
Delicious meals and very clean environment.,5,Liverpool Anfield,2024-06-14 02:24:00.048415
"Amazing experience, highly recommend.",5,London Camden,2024-06-14 02:24:00.048415
"Decent place, but I've had better.",3,Birmingham Edgbaston,2024-06-14 02:24:00.048415
"Loved the burgers here, will definitely come back.",5,London Camden,2024-06-14 02:24:00.048415
Delicious meals and very clean environment.,4,Birmingham Solihull,2024-06-14 02:24:00.048415
Delicious meals and very clean environment.,4,London Soho,2024-06-14 02:24:00.048415
"Great place for a quick bite, friendly staff.",5,London Camden,2024-06-14 02:24:00.048415
"Great place for a quick bite, friendly staff.",4,Edinburgh New Town,2024-06-14 02:24:00.048415
"Amazing experience, highly recommend.",5,Cardiff City Centre,2024-06-14 02:24:00.048415
Fantastic food and great service!,4,London Chelsea,2024-06-14 02:24:00.048415
"It was alright, the service could be better.",3,Glasgow West End,2024-06-14 02:24:00.048415
"Amazing experience, highly recommend.",5,London Hackney,2024-06-14 02:24:00.048415
"Loved the burgers here, will definitely come back.",4,London Soho,2024-06-14 02:24:00.048415
"Amazing experience, highly recommend.",5,Manchester Didsbury,2024-06-14 02:24:00.048415
Delicious meals and very clean environment.,4,London Chelsea,2024-06-14 02:24:00.048415
Terrible service and cold food.,1,Edinburgh Old Town,2024-06-14 02:24:00.048415
"Amazing experience, highly recommend.",4,Manchester Central,2024-06-14 02:24:00.048415
"Great place for a quick bite, friendly staff.",4,London Soho,2024-06-14 02:24:00.048415
Terrible service and cold food.,1,Birmingham City Centre,2024-06-14 02:24:00.048415
"Very disappointing experience, will not return.",1,Manchester Central,2024-06-14 02:24:00.048415
Fantastic food and great service!,4,London Hackney,2024-06-14 02:24:00.048415
"Loved the burgers here, will definitely come back.",5,Birmingham City Centre,2024-06-14 02:24:00.048415
"Great place for a quick bite, friendly staff.",4,Leeds Headingley,2024-06-14 02:24:00.048415
"Loved the burgers here, will definitely come back.",4,London Hackney,2024-06-14 02:24:00.048415
"Great place for a quick bite, friendly staff.",4,Manchester Central,2024-06-14 02:24:00.048415
"Loved the burgers here, will definitely come back.",5,London Camden,2024-06-14 02:24:00.048415
"Great place for a quick bite, friendly staff.",5,London Canary Wharf,2024-06-14 02:24:00.048415
"Amazing experience, highly recommend.",5,Manchester Central,2024-06-14 02:24:00.048415
Fantastic food and great service!,5,London Chelsea,2024-06-14 02:24:00.048415
"Great place for a quick bite, friendly staff.",5,London Hackney,2024-06-14 02:24:00.048415
"Great place for a quick bite, friendly staff.",4,Leeds City Centre,2024-06-14 02:24:00.048415
Fantastic food and great service!,4,Liverpool Anfield,2024-06-14 02:24:00.048415
"Loved the burgers here, will definitely come back.",5,Edinburgh New Town,2024-06-14 02:24:00.048415
"Average experience, not bad but not great.",3,London Camden,2024-06-14 02:24:00.048415
"Loved the burgers here, will definitely come back.",4,London Soho,2024-06-14 02:24:00.048415
"Very disappointing experience, will not return.",1,Birmingham City Centre,2024-06-14 02:24:00.048415
"Loved the burgers here, will definitely come back.",5,Birmingham City Centre,2024-06-14 02:24:00.048415
Delicious meals and very clean environment.,5,Glasgow City Centre,2024-06-14 02:24:00.048415
"Amazing experience, highly recommend.",4,London Camden,2024-06-14 02:24:00.048415
"Food was okay, nothing special.",3,Birmingham Edgbaston,2024-06-14 02:24:00.048415
Delicious meals and very clean environment.,5,London Soho,2024-06-14 02:24:00.048415
"Awful place, would not recommend.",1,Manchester Salford,2024-06-14 02:24:00.048415
"Mediocre food, acceptable for a quick meal.",3,London Hackney,2024-06-14 02:24:00.048415
"Great place for a quick bite, friendly staff.",4,London Camden,2024-06-14 02:24:00.048415
"Poor quality food, waste of money.",2,London Hackney,2024-06-14 02:24:00.048415
"Very disappointing experience, will not return.",2,London Chelsea,2024-06-14 02:24:00.048415
"Poor quality food, waste of money.",1,Edinburgh Old Town,2024-06-14 02:24:00.048415
"Great place for a quick bite, friendly staff.",5,London Canary Wharf,2024-06-14 02:24:00.048415
"Amazing experience, highly recommend.",4,Glasgow City Centre,2024-06-14 02:24:00.048415
Fantastic food and great service!,4,London Soho,2024-06-15 02:24:00.048415
"Awful place, would not recommend.",2,London Camden,2024-06-15 02:24:00.048415
"Food was okay, nothing special.",3,Leeds City Centre,2024-06-15 02:24:00.048415
Fantastic food and great service!,4,Manchester Central,2024-06-15 02:24:00.048415
Fantastic food and great service!,5,Birmingham City Centre,2024-06-15 02:24:00.048415
Rude staff and long waiting times.,1,Liverpool Anfield,2024-06-15 02:24:00.048415
Delicious meals and very clean environment.,4,Manchester Salford,2024-06-15 02:24:00.048415
"Awful place, would not recommend.",2,London Hackney,2024-06-15 02:24:00.048415
Delicious meals and very clean environment.,4,Birmingham Solihull,2024-06-15 02:24:00.048415
Fantastic food and great service!,5,Sheffield City Centre,2024-06-15 02:24:00.048415
"Amazing experience, highly recommend.",5,Cardiff City Centre,2024-06-15 02:24:00.048415
Delicious meals and very clean environment.,5,London Canary Wharf,2024-06-15 02:24:00.048415
Fantastic food and great service!,5,London Soho,2024-06-15 02:24:00.048415
"Amazing experience, highly recommend.",5,London Chelsea,2024-06-15 02:24:00.048415
"Decent place, but I've had better.",3,Birmingham Edgbaston,2024-06-15 02:24:00.048415
Fantastic food and great service!,4,Birmingham City Centre,2024-06-15 02:24:00.048415
"Loved the burgers here, will definitely come back.",4,London Camden,2024-06-15 02:24:00.048415
"Awful place, would not recommend.",1,Leeds City Centre,2024-06-15 02:24:00.048415
"Loved the burgers here, will definitely come back.",4,Glasgow West End,2024-06-15 02:24:00.048415
Terrible service and cold food.,2,London Hackney,2024-06-15 02:24:00.048415
Delicious meals and very clean environment.,4,London Camden,2024-06-15 02:24:00.048415
"Loved the burgers here, will definitely come back.",4,Manchester Didsbury,2024-06-15 02:24:00.048415
Delicious meals and very clean environment.,4,Leeds City Centre,2024-06-15 02:24:00.048415
"Great place for a quick bite, friendly staff.",5,Cardiff Bay,2024-06-15 02:24:00.048415
"Amazing experience, highly recommend.",5,Manchester Salford,2024-06-15 02:24:00.048415
"Amazing experience, highly recommend.",5,Glasgow West End,2024-06-15 02:24:00.048415
"Awful place, would not recommend.",2,London Camden,2024-06-15 02:24:00.048415
"Amazing experience, highly recommend.",4,Glasgow City Centre,2024-06-15 02:24:00.048415
Delicious meals and very clean environment.,4,London Chelsea,2024-06-15 02:24:00.048415
Delicious meals and very clean environment.,5,Bristol City Centre,2024-06-15 02:24:00.048415
"Amazing experience, highly recommend.",5,Bristol Clifton,2024-06-15 02:24:00.048415
"Great place for a quick bite, friendly staff.",5,Manchester Central,2024-06-15 02:24:00.048415
Fantastic food and great service!,5,Cardiff Bay,2024-06-15 02:24:00.048415
"Food was okay, nothing special.",3,Birmingham Solihull,2024-06-15 02:24:00.048415
Delicious meals and very clean environment.,5,London Canary Wharf,2024-06-15 02:24:00.048415
"Great place for a quick bite, friendly staff.",5,Birmingham City Centre,2024-06-15 02:24:00.048415
Fantastic food and great service!,5,London Canary Wharf,2024-06-15 02:24:00.048415
"Awful place, would not recommend.",1,Glasgow West End,2024-06-15 02:24:00.048415
Fantastic food and great service!,5,Glasgow West End,2024-06-15 02:24:00.048415
Rude staff and long waiting times.,2,Edinburgh Old Town,2024-06-15 02:24:00.048415
"Very disappointing experience, will not return.",2,Birmingham City Centre,2024-06-15 02:24:00.048415
Terrible service and cold food.,1,London Soho,2024-06-15 02:24:00.048415
Delicious meals and very clean environment.,5,London Soho,2024-06-15 02:24:00.048415
"It was alright, the service could be better.",3,Sheffield Ecclesall Road,2024-06-15 02:24:00.048415
"Great place for a quick bite, friendly staff.",5,Liverpool Anfield,2024-06-15 02:24:00.048415
Fantastic food and great service!,5,London Hackney,2024-06-15 02:24:00.048415
Delicious meals and very clean environment.,4,Glasgow City Centre,2024-06-15 02:24:00.048415
"Great place for a quick bite, friendly staff.",5,Glasgow West End,2024-06-15 02:24:00.048415
"Great place for a quick bite, friendly staff.",4,London Chelsea,2024-06-15 02:24:00.048415
Rude staff and long waiting times.,1,Birmingham City Centre,2024-06-15 02:24:00.048415
Fantastic food and great service!,4,London Chelsea,2024-06-16 02:24:00.048415
Delicious meals and very clean environment.,5,Edinburgh New Town,2024-06-16 02:24:00.048415
"Great place for a quick bite, friendly staff.",5,Leeds City Centre,2024-06-16 02:24:00.048415
"Decent place, but I've had better.",3,London Camden,2024-06-16 02:24:00.048415
"Awful place, would not recommend.",1,Leeds City Centre,2024-06-16 02:24:00.048415
"Amazing experience, highly recommend.",5,Bristol Clifton,2024-06-16 02:24:00.048415
"Great place for a quick bite, friendly staff.",5,Birmingham Solihull,2024-06-16 02:24:00.048415
"Awful place, would not recommend.",1,London Camden,2024-06-16 02:24:00.048415
"Great place for a quick bite, friendly staff.",4,Manchester Salford,2024-06-16 02:24:00.048415
"Loved the burgers here, will definitely come back.",4,Bristol City Centre,2024-06-16 02:24:00.048415
"Amazing experience, highly recommend.",5,London Camden,2024-06-16 02:24:00.048415
Fantastic food and great service!,4,Edinburgh Old Town,2024-06-16 02:24:00.048415
Fantastic food and great service!,5,Edinburgh New Town,2024-06-16 02:24:00.048415
"Awful place, would not recommend.",1,Bristol Clifton,2024-06-16 02:24:00.048415
"Great place for a quick bite, friendly staff.",5,London Soho,2024-06-16 02:24:00.048415
Fantastic food and great service!,5,Birmingham Edgbaston,2024-06-16 02:24:00.048415
"Loved the burgers here, will definitely come back.",4,London Canary Wharf,2024-06-16 02:24:00.048415
"Average experience, not bad but not great.",3,London Chelsea,2024-06-16 02:24:00.048415
"Great place for a quick bite, friendly staff.",5,Manchester Central,2024-06-16 02:24:00.048415
"Mediocre food, acceptable for a quick meal.",3,Liverpool Anfield,2024-06-16 02:24:00.048415
"Loved the burgers here, will definitely come back.",4,Cardiff Bay,2024-06-16 02:24:00.048415
Delicious meals and very clean environment.,5,London Soho,2024-06-16 02:24:00.048415
"Loved the burgers here, will definitely come back.",4,Edinburgh Old Town,2024-06-16 02:24:00.048415
Fantastic food and great service!,5,London Soho,2024-06-16 02:24:00.048415
"Amazing experience, highly recommend.",5,Birmingham Edgbaston,2024-06-16 02:24:00.048415
"Great place for a quick bite, friendly staff.",5,London Soho,2024-06-16 02:24:00.048415
Terrible service and cold food.,1,Glasgow City Centre,2024-06-16 02:24:00.048415
Delicious meals and very clean environment.,5,London Chelsea,2024-06-16 02:24:00.048415
"Amazing experience, highly recommend.",4,Manchester Salford,2024-06-16 02:24:00.048415
"Awful place, would not recommend.",2,Liverpool City Centre,2024-06-16 02:24:00.048415
Fantastic food and great service!,5,Sheffield Ecclesall Road,2024-06-16 02:24:00.048415
"Great place for a quick bite, friendly staff.",5,London Hackney,2024-06-16 02:24:00.048415
Delicious meals and very clean environment.,4,Birmingham Solihull,2024-06-16 02:24:00.048415
Fantastic food and great service!,5,Liverpool Anfield,2024-06-16 02:24:00.048415
"Amazing experience, highly recommend.",4,Bristol Clifton,2024-06-16 02:24:00.048415
"Loved the burgers here, will definitely come back.",4,London Hackney,2024-06-16 02:24:00.048415
"Great place for a quick bite, friendly staff.",5,London Soho,2024-06-16 02:24:00.048415
"Loved the burgers here, will definitely come back.",4,Glasgow City Centre,2024-06-16 02:24:00.048415
"Loved the burgers here, will definitely come back.",4,London Chelsea,2024-06-16 02:24:00.048415
Delicious meals and very clean environment.,5,Manchester Salford,2024-06-16 02:24:00.048415
Fantastic food and great service!,4,Bristol City Centre,2024-06-16 02:24:00.048415
"Amazing experience, highly recommend.",4,Manchester Salford,2024-06-16 02:24:00.048415
"Great place for a quick bite, friendly staff.",5,Manchester Didsbury,2024-06-16 02:24:00.048415
Terrible service and cold food.,1,Cardiff City Centre,2024-06-16 02:24:00.048415
Delicious meals and very clean environment.,4,Glasgow City Centre,2024-06-16 02:24:00.048415
"Great place for a quick bite, friendly staff.",4,Manchester Didsbury,2024-06-16 02:24:00.048415
"Great place for a quick bite, friendly staff.",5,London Camden,2024-06-16 02:24:00.048415
"Average experience, not bad but not great.",3,London Canary Wharf,2024-06-16 02:24:00.048415
"Great place for a quick bite, friendly staff.",4,Manchester Central,2024-06-16 02:24:00.048415
"Poor quality food, waste of money.",2,Birmingham City Centre,2024-06-16 02:24:00.048415
"Very disappointing experience, will not return.",2,Manchester Didsbury,2024-06-16 02:24:00.048415
"Loved the burgers here, will definitely come back.",5,Edinburgh Old Town,2024-06-16 02:24:00.048415
Delicious meals and very clean environment.,5,London Hackney,2024-06-16 02:24:00.048415
"Great place for a quick bite, friendly staff.",4,Bristol City Centre,2024-06-16 02:24:00.048415
"Poor quality food, waste of money.",1,Manchester Central,2024-06-16 02:24:00.048415
Delicious meals and very clean environment.,5,London Soho,2024-06-16 02:24:00.048415
"Amazing experience, highly recommend.",4,London Soho,2024-06-16 02:24:00.048415
Fantastic food and great service!,4,Glasgow West End,2024-06-16 02:24:00.048415
"Great place for a quick bite, friendly staff.",4,Manchester Salford,2024-06-16 02:24:00.048415
Delicious meals and very clean environment.,4,Sheffield Ecclesall Road,2024-06-16 02:24:00.048415
Delicious meals and very clean environment.,5,Glasgow City Centre,2024-06-16 02:24:00.048415
"Amazing experience, highly recommend.",4,Edinburgh New Town,2024-06-16 02:24:00.048415
"Loved the burgers here, will definitely come back.",5,Manchester Didsbury,2024-06-16 02:24:00.048415
"Amazing experience, highly recommend.",5,Liverpool City Centre,2024-06-16 02:24:00.048415
"Amazing experience, highly recommend.",4,Birmingham Edgbaston,2024-06-16 02:24:00.048415
"Amazing experience, highly recommend.",5,Manchester Didsbury,2024-06-16 02:24:00.048415
Delicious meals and very clean environment.,5,London Chelsea,2024-06-16 02:24:00.048415
"Great place for a quick bite, friendly staff.",5,Sheffield Ecclesall Road,2024-06-17 02:24:00.048415
Fantastic food and great service!,5,London Camden,2024-06-17 02:24:00.048415
Delicious meals and very clean environment.,5,Cardiff City Centre,2024-06-17 02:24:00.048415
"Great place for a quick bite, friendly staff.",4,Cardiff Bay,2024-06-17 02:24:00.048415
"It was alright, the service could be better.",3,London Canary Wharf,2024-06-17 02:24:00.048415
"Loved the burgers here, will definitely come back.",4,Liverpool City Centre,2024-06-17 02:24:00.048415
Fantastic food and great service!,5,Birmingham Solihull,2024-06-17 02:24:00.048415
"Loved the burgers here, will definitely come back.",5,London Canary Wharf,2024-06-17 02:24:00.048415
"It was alright, the service could be better.",3,London Chelsea,2024-06-17 02:24:00.048415
"Great place for a quick bite, friendly staff.",5,Leeds Headingley,2024-06-17 02:24:00.048415
Terrible service and cold food.,1,Bristol Clifton,2024-06-17 02:24:00.048415
"Loved the burgers here, will definitely come back.",4,Birmingham Solihull,2024-06-17 02:24:00.048415
Fantastic food and great service!,5,Birmingham Edgbaston,2024-06-17 02:24:00.048415
"Amazing experience, highly recommend.",4,Glasgow West End,2024-06-17 02:24:00.048415
Fantastic food and great service!,5,Cardiff City Centre,2024-06-17 02:24:00.048415
"Loved the burgers here, will definitely come back.",5,London Canary Wharf,2024-06-17 02:24:00.048415
"Loved the burgers here, will definitely come back.",5,Sheffield Ecclesall Road,2024-06-17 02:24:00.048415
Delicious meals and very clean environment.,4,Manchester Didsbury,2024-06-17 02:24:00.048415
Delicious meals and very clean environment.,5,London Chelsea,2024-06-17 02:24:00.048415
"Loved the burgers here, will definitely come back.",4,Bristol Clifton,2024-06-17 02:24:00.048415
"Loved the burgers here, will definitely come back.",5,Edinburgh New Town,2024-06-17 02:24:00.048415
"Poor quality food, waste of money.",2,London Camden,2024-06-17 02:24:00.048415
"Poor quality food, waste of money.",2,Liverpool Anfield,2024-06-17 02:24:00.048415
Delicious meals and very clean environment.,5,Leeds Headingley,2024-06-17 02:24:00.048415
Delicious meals and very clean environment.,5,Birmingham Solihull,2024-06-17 02:24:00.048415
"Great place for a quick bite, friendly staff.",5,London Soho,2024-06-17 02:24:00.048415
"Great place for a quick bite, friendly staff.",4,Edinburgh Old Town,2024-06-17 02:24:00.048415
"Great place for a quick bite, friendly staff.",5,London Canary Wharf,2024-06-17 02:24:00.048415
Delicious meals and very clean environment.,4,London Hackney,2024-06-17 02:24:00.048415
"Great place for a quick bite, friendly staff.",5,London Soho,2024-06-17 02:24:00.048415
"Poor quality food, waste of money.",1,Birmingham Edgbaston,2024-06-17 02:24:00.048415
"Very disappointing experience, will not return.",1,London Hackney,2024-06-17 02:24:00.048415
"Amazing experience, highly recommend.",4,Birmingham City Centre,2024-06-17 02:24:00.048415
"Loved the burgers here, will definitely come back.",5,Leeds City Centre,2024-06-17 02:24:00.048415
"Amazing experience, highly recommend.",4,London Camden,2024-06-17 02:24:00.048415
"Very disappointing experience, will not return.",1,London Chelsea,2024-06-17 02:24:00.048415
Fantastic food and great service!,4,Manchester Central,2024-06-17 02:24:00.048415
Delicious meals and very clean environment.,4,Manchester Salford,2024-06-17 02:24:00.048415
"It was alright, the service could be better.",3,Liverpool Anfield,2024-06-17 02:24:00.048415
"Loved the burgers here, will definitely come back.",5,Sheffield City Centre,2024-06-17 02:24:00.048415
"Loved the burgers here, will definitely come back.",4,London Camden,2024-06-17 02:24:00.048415
"Amazing experience, highly recommend.",5,London Chelsea,2024-06-17 02:24:00.048415
"Loved the burgers here, will definitely come back.",5,London Canary Wharf,2024-06-17 02:24:00.048415
Fantastic food and great service!,4,London Soho,2024-06-17 02:24:00.048415
"Great place for a quick bite, friendly staff.",5,London Soho,2024-06-17 02:24:00.048415
"Amazing experience, highly recommend.",4,Manchester Salford,2024-06-17 02:24:00.048415
"Very disappointing experience, will not return.",2,London Soho,2024-06-18 02:24:00.048415
Fantastic food and great service!,4,Manchester Central,2024-06-18 02:24:00.048415
"Amazing experience, highly recommend.",4,Liverpool City Centre,2024-06-18 02:24:00.048415
Fantastic food and great service!,5,London Hackney,2024-06-18 02:24:00.048415
"Amazing experience, highly recommend.",5,London Soho,2024-06-18 02:24:00.048415
"Great place for a quick bite, friendly staff.",4,London Chelsea,2024-06-18 02:24:00.048415
Delicious meals and very clean environment.,5,London Soho,2024-06-18 02:24:00.048415
"Awful place, would not recommend.",2,London Camden,2024-06-18 02:24:00.048415
Delicious meals and very clean environment.,4,London Hackney,2024-06-18 02:24:00.048415
Terrible service and cold food.,2,Birmingham City Centre,2024-06-18 02:24:00.048415
"Loved the burgers here, will definitely come back.",5,Manchester Central,2024-06-18 02:24:00.048415
"Loved the burgers here, will definitely come back.",4,London Hackney,2024-06-18 02:24:00.048415
"Great place for a quick bite, friendly staff.",5,London Hackney,2024-06-18 02:24:00.048415
"Loved the burgers here, will definitely come back.",5,Manchester Salford,2024-06-18 02:24:00.048415
"Mediocre food, acceptable for a quick meal.",3,London Chelsea,2024-06-18 02:24:00.048415
Rude staff and long waiting times.,2,London Camden,2024-06-18 02:24:00.048415
Fantastic food and great service!,5,Bristol City Centre,2024-06-18 02:24:00.048415
Delicious meals and very clean environment.,4,Edinburgh Old Town,2024-06-18 02:24:00.048415
"Poor quality food, waste of money.",1,Manchester Salford,2024-06-18 02:24:00.048415
Fantastic food and great service!,5,London Canary Wharf,2024-06-18 02:24:00.048415
"Great place for a quick bite, friendly staff.",4,London Camden,2024-06-18 02:24:00.048415
"Loved the burgers here, will definitely come back.",4,Cardiff City Centre,2024-06-18 02:24:00.048415
"Loved the burgers here, will definitely come back.",4,Leeds City Centre,2024-06-18 02:24:00.048415
"Decent place, but I've had better.",3,Birmingham Edgbaston,2024-06-18 02:24:00.048415
Fantastic food and great service!,5,Bristol City Centre,2024-06-18 02:24:00.048415
"Amazing experience, highly recommend.",5,Bristol Clifton,2024-06-18 02:24:00.048415
"It was alright, the service could be better.",3,Birmingham Edgbaston,2024-06-18 02:24:00.048415
Fantastic food and great service!,5,London Camden,2024-06-18 02:24:00.048415
"Great place for a quick bite, friendly staff.",4,London Camden,2024-06-18 02:24:00.048415
Fantastic food and great service!,4,Cardiff City Centre,2024-06-18 02:24:00.048415
"Poor quality food, waste of money.",2,Leeds City Centre,2024-06-18 02:24:00.048415
Rude staff and long waiting times.,2,Edinburgh New Town,2024-06-18 02:24:00.048415
Delicious meals and very clean environment.,4,Edinburgh Old Town,2024-06-18 02:24:00.048415
Delicious meals and very clean environment.,4,London Hackney,2024-06-18 02:24:00.048415
"Amazing experience, highly recommend.",4,Sheffield City Centre,2024-06-18 02:24:00.048415
"Loved the burgers here, will definitely come back.",5,Glasgow City Centre,2024-06-18 02:24:00.048415
"Loved the burgers here, will definitely come back.",5,London Soho,2024-06-18 02:24:00.048415
"Awful place, would not recommend.",2,Manchester Salford,2024-06-18 02:24:00.048415
Fantastic food and great service!,5,London Camden,2024-06-18 02:24:00.048415
Fantastic food and great service!,4,Birmingham Edgbaston,2024-06-18 02:24:00.048415
"Amazing experience, highly recommend.",5,Glasgow West End,2024-06-18 02:24:00.048415
Rude staff and long waiting times.,2,Cardiff Bay,2024-06-18 02:24:00.048415
Rude staff and long waiting times.,1,Liverpool Anfield,2024-06-18 02:24:00.048415
"Average experience, not bad but not great.",3,London Chelsea,2024-06-18 02:24:00.048415
"Loved the burgers here, will definitely come back.",4,Birmingham Edgbaston,2024-06-18 02:24:00.048415
"Poor quality food, waste of money.",1,Manchester Salford,2024-06-18 02:24:00.048415
"Very disappointing experience, will not return.",1,London Camden,2024-06-18 02:24:00.048415
"Amazing experience, highly recommend.",5,London Camden,2024-06-18 02:24:00.048415
"Amazing experience, highly recommend.",5,Cardiff Bay,2024-06-19 02:24:00.048415
"Poor quality food, waste of money.",2,London Camden,2024-06-19 02:24:00.048415
"Loved the burgers here, will definitely come back.",4,Leeds City Centre,2024-06-19 02:24:00.048415
"Loved the burgers here, will definitely come back.",5,London Hackney,2024-06-19 02:24:00.048415
"Loved the burgers here, will definitely come back.",4,Edinburgh New Town,2024-06-19 02:24:00.048415
"Amazing experience, highly recommend.",4,London Hackney,2024-06-19 02:24:00.048415
"Amazing experience, highly recommend.",4,Glasgow City Centre,2024-06-19 02:24:00.048415
"It was alright, the service could be better.",3,London Hackney,2024-06-19 02:24:00.048415
Delicious meals and very clean environment.,4,London Hackney,2024-06-19 02:24:00.048415
"Very disappointing experience, will not return.",1,Sheffield Ecclesall Road,2024-06-19 02:24:00.048415
Fantastic food and great service!,5,Manchester Didsbury,2024-06-19 02:24:00.048415
Delicious meals and very clean environment.,5,London Canary Wharf,2024-06-19 02:24:00.048415
"Very disappointing experience, will not return.",2,Birmingham Edgbaston,2024-06-19 02:24:00.048415
"Great place for a quick bite, friendly staff.",5,London Chelsea,2024-06-19 02:24:00.048415
"Very disappointing experience, will not return.",2,Sheffield Ecclesall Road,2024-06-19 02:24:00.048415
"Amazing experience, highly recommend.",4,Birmingham Edgbaston,2024-06-19 02:24:00.048415
"Amazing experience, highly recommend.",5,London Chelsea,2024-06-19 02:24:00.048415
"Loved the burgers here, will definitely come back.",4,Manchester Central,2024-06-19 02:24:00.048415
"Amazing experience, highly recommend.",5,London Camden,2024-06-19 02:24:00.048415
"Amazing experience, highly recommend.",5,Birmingham Edgbaston,2024-06-19 02:24:00.048415
Terrible service and cold food.,1,Glasgow City Centre,2024-06-19 02:24:00.048415
"Great place for a quick bite, friendly staff.",5,London Chelsea,2024-06-19 02:24:00.048415
"Amazing experience, highly recommend.",5,Cardiff Bay,2024-06-19 02:24:00.048415
"Great place for a quick bite, friendly staff.",5,Birmingham City Centre,2024-06-19 02:24:00.048415
"Great place for a quick bite, friendly staff.",4,London Chelsea,2024-06-19 02:24:00.048415
Delicious meals and very clean environment.,5,Glasgow City Centre,2024-06-19 02:24:00.048415
"Great place for a quick bite, friendly staff.",5,London Chelsea,2024-06-19 02:24:00.048415
"Poor quality food, waste of money.",1,Birmingham Solihull,2024-06-19 02:24:00.048415
"Loved the burgers here, will definitely come back.",5,Bristol City Centre,2024-06-19 02:24:00.048415
"Amazing experience, highly recommend.",5,Glasgow City Centre,2024-06-19 02:24:00.048415
"Very disappointing experience, will not return.",1,Cardiff Bay,2024-06-19 02:24:00.048415
"Mediocre food, acceptable for a quick meal.",3,Birmingham Solihull,2024-06-19 02:24:00.048415
"Loved the burgers here, will definitely come back.",5,London Canary Wharf,2024-06-19 02:24:00.048415
"Very disappointing experience, will not return.",1,Edinburgh Old Town,2024-06-19 02:24:00.048415
"Amazing experience, highly recommend.",4,Leeds City Centre,2024-06-19 02:24:00.048415
"Average experience, not bad but not great.",3,Birmingham Edgbaston,2024-06-19 02:24:00.048415
"Average experience, not bad but not great.",3,London Chelsea,2024-06-19 02:24:00.048415
"Amazing experience, highly recommend.",4,London Chelsea,2024-06-19 02:24:00.048415
Delicious meals and very clean environment.,5,London Canary Wharf,2024-06-19 02:24:00.048415
"Great place for a quick bite, friendly staff.",5,Cardiff Bay,2024-06-19 02:24:00.048415
Delicious meals and very clean environment.,4,Liverpool Anfield,2024-06-19 02:24:00.048415
Fantastic food and great service!,5,London Soho,2024-06-19 02:24:00.048415
"Loved the burgers here, will definitely come back.",5,London Chelsea,2024-06-19 02:24:00.048415
Delicious meals and very clean environment.,4,Birmingham Solihull,2024-06-19 02:24:00.048415
"Loved the burgers here, will definitely come back.",4,Sheffield City Centre,2024-06-19 02:24:00.048415
"Great place for a quick bite, friendly staff.",4,London Camden,2024-06-19 02:24:00.048415
Fantastic food and great service!,5,London Canary Wharf,2024-06-19 02:24:00.048415
"Amazing experience, highly recommend.",4,London Soho,2024-06-19 02:24:00.048415
"Awful place, would not recommend.",1,Leeds Headingley,2024-06-19 02:24:00.048415
"Great place for a quick bite, friendly staff.",4,London Chelsea,2024-06-19 02:24:00.048415
"Amazing experience, highly recommend.",5,Birmingham Edgbaston,2024-06-20 02:24:00.048415
"Great place for a quick bite, friendly staff.",5,Manchester Central,2024-06-20 02:24:00.048415
"Amazing experience, highly recommend.",5,Sheffield City Centre,2024-06-20 02:24:00.048415
Fantastic food and great service!,4,Cardiff Bay,2024-06-20 02:24:00.048415
"Mediocre food, acceptable for a quick meal.",3,Manchester Didsbury,2024-06-20 02:24:00.048415
Terrible service and cold food.,1,London Chelsea,2024-06-20 02:24:00.048415
Fantastic food and great service!,5,London Canary Wharf,2024-06-20 02:24:00.048415
Fantastic food and great service!,5,London Camden,2024-06-20 02:24:00.048415
Fantastic food and great service!,4,Birmingham Edgbaston,2024-06-20 02:24:00.048415
"Great place for a quick bite, friendly staff.",4,Manchester Didsbury,2024-06-20 02:24:00.048415
Fantastic food and great service!,4,Sheffield City Centre,2024-06-20 02:24:00.048415
Fantastic food and great service!,4,Sheffield Ecclesall Road,2024-06-20 02:24:00.048415
"Loved the burgers here, will definitely come back.",5,Manchester Didsbury,2024-06-20 02:24:00.048415
Delicious meals and very clean environment.,5,London Canary Wharf,2024-06-20 02:24:00.048415
"Amazing experience, highly recommend.",4,London Canary Wharf,2024-06-20 02:24:00.048415
"Awful place, would not recommend.",1,Birmingham City Centre,2024-06-20 02:24:00.048415
"Amazing experience, highly recommend.",5,Manchester Salford,2024-06-20 02:24:00.048415
"Awful place, would not recommend.",2,London Chelsea,2024-06-20 02:24:00.048415
"It was alright, the service could be better.",3,Manchester Central,2024-06-20 02:24:00.048415
"Very disappointing experience, will not return.",1,Liverpool City Centre,2024-06-20 02:24:00.048415
"Great place for a quick bite, friendly staff.",4,London Camden,2024-06-20 02:24:00.048415
Delicious meals and very clean environment.,4,London Chelsea,2024-06-20 02:24:00.048415
Delicious meals and very clean environment.,4,Liverpool City Centre,2024-06-20 02:24:00.048415
"Amazing experience, highly recommend.",4,Birmingham Edgbaston,2024-06-20 02:24:00.048415
"Amazing experience, highly recommend.",4,London Camden,2024-06-20 02:24:00.048415
"Loved the burgers here, will definitely come back.",5,London Soho,2024-06-20 02:24:00.048415
Delicious meals and very clean environment.,5,Manchester Didsbury,2024-06-20 02:24:00.048415
"Loved the burgers here, will definitely come back.",4,Manchester Central,2024-06-20 02:24:00.048415
"Amazing experience, highly recommend.",5,London Soho,2024-06-20 02:24:00.048415
Delicious meals and very clean environment.,5,London Camden,2024-06-20 02:24:00.048415
"Amazing experience, highly recommend.",5,Bristol Clifton,2024-06-20 02:24:00.048415
"Awful place, would not recommend.",1,Sheffield City Centre,2024-06-20 02:24:00.048415
Delicious meals and very clean environment.,5,London Hackney,2024-06-20 02:24:00.048415
Delicious meals and very clean environment.,5,Manchester Didsbury,2024-06-20 02:24:00.048415
Rude staff and long waiting times.,2,Leeds City Centre,2024-06-20 02:24:00.048415
"Amazing experience, highly recommend.",4,Bristol Clifton,2024-06-20 02:24:00.048415
"Amazing experience, highly recommend.",4,London Chelsea,2024-06-20 02:24:00.048415
"Great place for a quick bite, friendly staff.",5,London Soho,2024-06-20 02:24:00.048415
"Great place for a quick bite, friendly staff.",5,London Chelsea,2024-06-20 02:24:00.048415
"Amazing experience, highly recommend.",5,London Canary Wharf,2024-06-20 02:24:00.048415
"Average experience, not bad but not great.",3,Liverpool Anfield,2024-06-21 02:24:00.048415
"Awful place, would not recommend.",1,Manchester Salford,2024-06-21 02:24:00.048415
"Loved the burgers here, will definitely come back.",5,Bristol City Centre,2024-06-21 02:24:00.048415
"Poor quality food, waste of money.",1,Leeds Headingley,2024-06-21 02:24:00.048415
"Very disappointing experience, will not return.",1,Cardiff City Centre,2024-06-21 02:24:00.048415
"Poor quality food, waste of money.",2,Leeds Headingley,2024-06-21 02:24:00.048415
Delicious meals and very clean environment.,5,Birmingham Solihull,2024-06-21 02:24:00.048415
"Loved the burgers here, will definitely come back.",5,London Hackney,2024-06-21 02:24:00.048415
"Amazing experience, highly recommend.",4,Birmingham Solihull,2024-06-21 02:24:00.048415
"Awful place, would not recommend.",1,Sheffield Ecclesall Road,2024-06-21 02:24:00.048415
Rude staff and long waiting times.,2,Manchester Didsbury,2024-06-21 02:24:00.048415
"Amazing experience, highly recommend.",5,Edinburgh Old Town,2024-06-21 02:24:00.048415
"Loved the burgers here, will definitely come back.",4,Sheffield City Centre,2024-06-21 02:24:00.048415
"It was alright, the service could be better.",3,Birmingham Edgbaston,2024-06-21 02:24:00.048415
Delicious meals and very clean environment.,4,Glasgow City Centre,2024-06-21 02:24:00.048415
"Great place for a quick bite, friendly staff.",5,Leeds Headingley,2024-06-21 02:24:00.048415
Fantastic food and great service!,4,London Soho,2024-06-21 02:24:00.048415
"Loved the burgers here, will definitely come back.",5,Birmingham Edgbaston,2024-06-21 02:24:00.048415
"Loved the burgers here, will definitely come back.",5,Birmingham City Centre,2024-06-21 02:24:00.048415
"Awful place, would not recommend.",1,London Soho,2024-06-21 02:24:00.048415
"Food was okay, nothing special.",3,London Soho,2024-06-21 02:24:00.048415
Delicious meals and very clean environment.,4,London Hackney,2024-06-21 02:24:00.048415
"Loved the burgers here, will definitely come back.",5,London Soho,2024-06-21 02:24:00.048415
Fantastic food and great service!,5,Manchester Central,2024-06-21 02:24:00.048415
Fantastic food and great service!,4,London Camden,2024-06-21 02:24:00.048415
"Amazing experience, highly recommend.",5,Liverpool Anfield,2024-06-21 02:24:00.048415
Fantastic food and great service!,5,Manchester Salford,2024-06-21 02:24:00.048415
"Amazing experience, highly recommend.",4,London Canary Wharf,2024-06-21 02:24:00.048415
"Loved the burgers here, will definitely come back.",5,London Chelsea,2024-06-21 02:24:00.048415
"Great place for a quick bite, friendly staff.",5,Manchester Salford,2024-06-21 02:24:00.048415
"Amazing experience, highly recommend.",5,London Camden,2024-06-21 02:24:00.048415
"Very disappointing experience, will not return.",1,Manchester Salford,2024-06-21 02:24:00.048415
"Loved the burgers here, will definitely come back.",5,London Camden,2024-06-21 02:24:00.048415
Rude staff and long waiting times.,1,London Hackney,2024-06-21 02:24:00.048415
Delicious meals and very clean environment.,4,Birmingham Edgbaston,2024-06-21 02:24:00.048415
Delicious meals and very clean environment.,5,London Canary Wharf,2024-06-21 02:24:00.048415
Delicious meals and very clean environment.,4,London Camden,2024-06-21 02:24:00.048415
"Great place for a quick bite, friendly staff.",4,Sheffield City Centre,2024-06-21 02:24:00.048415
"Great place for a quick bite, friendly staff.",5,Glasgow West End,2024-06-21 02:24:00.048415
"Food was okay, nothing special.",3,London Hackney,2024-06-21 02:24:00.048415
Terrible service and cold food.,1,Bristol City Centre,2024-06-21 02:24:00.048415
"Amazing experience, highly recommend.",4,Birmingham Edgbaston,2024-06-21 02:24:00.048415
"Decent place, but I've had better.",3,Birmingham City Centre,2024-06-21 02:24:00.048415
"Great place for a quick bite, friendly staff.",4,Manchester Didsbury,2024-06-21 02:24:00.048415
"Great place for a quick bite, friendly staff.",5,Glasgow City Centre,2024-06-21 02:24:00.048415
"Amazing experience, highly recommend.",5,London Chelsea,2024-06-21 02:24:00.048415
"Loved the burgers here, will definitely come back.",5,Birmingham Edgbaston,2024-06-21 02:24:00.048415
Delicious meals and very clean environment.,5,London Canary Wharf,2024-06-21 02:24:00.048415
Fantastic food and great service!,5,Sheffield City Centre,2024-06-21 02:24:00.048415
Delicious meals and very clean environment.,5,London Hackney,2024-06-21 02:24:00.048415
"Amazing experience, highly recommend.",5,Birmingham City Centre,2024-06-21 02:24:00.048415
Delicious meals and very clean environment.,4,Glasgow West End,2024-06-21 02:24:00.048415
"Very disappointing experience, will not return.",2,Bristol Clifton,2024-06-21 02:24:00.048415
"Amazing experience, highly recommend.",5,Liverpool City Centre,2024-06-21 02:24:00.048415
"Awful place, would not recommend.",2,Leeds City Centre,2024-06-21 02:24:00.048415
"Amazing experience, highly recommend.",4,Birmingham Edgbaston,2024-06-22 02:24:00.048415
"Great place for a quick bite, friendly staff.",5,London Soho,2024-06-22 02:24:00.048415
"Food was okay, nothing special.",3,London Camden,2024-06-22 02:24:00.048415
"Great place for a quick bite, friendly staff.",4,Manchester Didsbury,2024-06-22 02:24:00.048415
Delicious meals and very clean environment.,5,London Canary Wharf,2024-06-22 02:24:00.048415
"Loved the burgers here, will definitely come back.",5,Birmingham Solihull,2024-06-22 02:24:00.048415
Delicious meals and very clean environment.,5,Cardiff Bay,2024-06-22 02:24:00.048415
Fantastic food and great service!,4,London Hackney,2024-06-22 02:24:00.048415
Rude staff and long waiting times.,1,Glasgow City Centre,2024-06-22 02:24:00.048415
Delicious meals and very clean environment.,4,London Camden,2024-06-22 02:24:00.048415
"Loved the burgers here, will definitely come back.",4,London Canary Wharf,2024-06-22 02:24:00.048415
Fantastic food and great service!,4,London Chelsea,2024-06-22 02:24:00.048415
Delicious meals and very clean environment.,5,London Chelsea,2024-06-22 02:24:00.048415
"Loved the burgers here, will definitely come back.",4,London Camden,2024-06-22 02:24:00.048415
Fantastic food and great service!,4,London Hackney,2024-06-22 02:24:00.048415
"Poor quality food, waste of money.",2,Leeds Headingley,2024-06-22 02:24:00.048415
"Loved the burgers here, will definitely come back.",5,Cardiff Bay,2024-06-22 02:24:00.048415
"Amazing experience, highly recommend.",5,Edinburgh New Town,2024-06-22 02:24:00.048415
"Average experience, not bad but not great.",3,Manchester Salford,2024-06-22 02:24:00.048415
"Very disappointing experience, will not return.",1,Edinburgh Old Town,2024-06-22 02:24:00.048415
"Great place for a quick bite, friendly staff.",4,London Camden,2024-06-22 02:24:00.048415
Terrible service and cold food.,2,Leeds Headingley,2024-06-22 02:24:00.048415
"Loved the burgers here, will definitely come back.",4,Manchester Didsbury,2024-06-22 02:24:00.048415
Fantastic food and great service!,5,London Camden,2024-06-22 02:24:00.048415
"Great place for a quick bite, friendly staff.",4,Birmingham Solihull,2024-06-22 02:24:00.048415
"Awful place, would not recommend.",2,London Canary Wharf,2024-06-22 02:24:00.048415
Delicious meals and very clean environment.,5,Cardiff City Centre,2024-06-22 02:24:00.048415
"Amazing experience, highly recommend.",5,Leeds City Centre,2024-06-22 02:24:00.048415
"Amazing experience, highly recommend.",4,Cardiff Bay,2024-06-22 02:24:00.048415
"Very disappointing experience, will not return.",2,Sheffield Ecclesall Road,2024-06-22 02:24:00.048415
Rude staff and long waiting times.,2,Cardiff City Centre,2024-06-22 02:24:00.048415
"Loved the burgers here, will definitely come back.",4,Edinburgh New Town,2024-06-22 02:24:00.048415
"Great place for a quick bite, friendly staff.",5,London Soho,2024-06-22 02:24:00.048415
"Great place for a quick bite, friendly staff.",5,Manchester Didsbury,2024-06-22 02:24:00.048415
Delicious meals and very clean environment.,4,London Chelsea,2024-06-22 02:24:00.048415
"Awful place, would not recommend.",1,Cardiff Bay,2024-06-22 02:24:00.048415
Fantastic food and great service!,4,Cardiff Bay,2024-06-22 02:24:00.048415
"Great place for a quick bite, friendly staff.",5,Leeds Headingley,2024-06-22 02:24:00.048415
"Great place for a quick bite, friendly staff.",5,London Canary Wharf,2024-06-22 02:24:00.048415
"Loved the burgers here, will definitely come back.",5,Birmingham Edgbaston,2024-06-22 02:24:00.048415
"Amazing experience, highly recommend.",4,Bristol Clifton,2024-06-22 02:24:00.048415
"Average experience, not bad but not great.",3,Manchester Didsbury,2024-06-22 02:24:00.048415
Fantastic food and great service!,5,London Canary Wharf,2024-06-22 02:24:00.048415
"Great place for a quick bite, friendly staff.",5,Edinburgh Old Town,2024-06-22 02:24:00.048415
Terrible service and cold food.,1,London Camden,2024-06-22 02:24:00.048415
Fantastic food and great service!,5,London Chelsea,2024-06-22 02:24:00.048415
"Amazing experience, highly recommend.",5,Birmingham City Centre,2024-06-22 02:24:00.048415
"Amazing experience, highly recommend.",5,Manchester Central,2024-06-22 02:24:00.048415
"Poor quality food, waste of money.",2,Liverpool Anfield,2024-06-22 02:24:00.048415
"Great place for a quick bite, friendly staff.",4,Liverpool Anfield,2024-06-22 02:24:00.048415
Delicious meals and very clean environment.,5,London Camden,2024-06-22 02:24:00.048415
Delicious meals and very clean environment.,4,London Soho,2024-06-22 02:24:00.048415
Delicious meals and very clean environment.,4,Bristol City Centre,2024-06-23 02:24:00.048415
"Great place for a quick bite, friendly staff.",5,London Soho,2024-06-23 02:24:00.048415
"Poor quality food, waste of money.",2,Glasgow West End,2024-06-23 02:24:00.048415
"Decent place, but I've had better.",3,Birmingham City Centre,2024-06-23 02:24:00.048415
"Loved the burgers here, will definitely come back.",5,London Hackney,2024-06-23 02:24:00.048415
"Amazing experience, highly recommend.",5,Manchester Central,2024-06-23 02:24:00.048415
"Great place for a quick bite, friendly staff.",4,London Soho,2024-06-23 02:24:00.048415
"Amazing experience, highly recommend.",4,Bristol City Centre,2024-06-23 02:24:00.048415
"Amazing experience, highly recommend.",5,London Soho,2024-06-23 02:24:00.048415
"Loved the burgers here, will definitely come back.",5,London Hackney,2024-06-23 02:24:00.048415
"It was alright, the service could be better.",3,Bristol Clifton,2024-06-23 02:24:00.048415
"Amazing experience, highly recommend.",5,London Canary Wharf,2024-06-23 02:24:00.048415
Fantastic food and great service!,4,London Camden,2024-06-23 02:24:00.048415
"Very disappointing experience, will not return.",1,London Chelsea,2024-06-23 02:24:00.048415
"It was alright, the service could be better.",3,London Chelsea,2024-06-23 02:24:00.048415
"Great place for a quick bite, friendly staff.",5,London Canary Wharf,2024-06-23 02:24:00.048415
Fantastic food and great service!,5,Manchester Didsbury,2024-06-23 02:24:00.048415
"Amazing experience, highly recommend.",5,London Soho,2024-06-23 02:24:00.048415
Rude staff and long waiting times.,2,London Chelsea,2024-06-23 02:24:00.048415
"Amazing experience, highly recommend.",4,Cardiff Bay,2024-06-23 02:24:00.048415
"It was alright, the service could be better.",3,Edinburgh New Town,2024-06-23 02:24:00.048415
"Amazing experience, highly recommend.",5,Birmingham Solihull,2024-06-23 02:24:00.048415
"Amazing experience, highly recommend.",4,Leeds Headingley,2024-06-23 02:24:00.048415
Delicious meals and very clean environment.,4,Glasgow City Centre,2024-06-23 02:24:00.048415
"Awful place, would not recommend.",1,London Canary Wharf,2024-06-23 02:24:00.048415
"Poor quality food, waste of money.",1,London Soho,2024-06-23 02:24:00.048415
"Great place for a quick bite, friendly staff.",4,London Canary Wharf,2024-06-23 02:24:00.048415
"Great place for a quick bite, friendly staff.",5,Glasgow City Centre,2024-06-23 02:24:00.048415
"Amazing experience, highly recommend.",5,Birmingham City Centre,2024-06-23 02:24:00.048415
"Loved the burgers here, will definitely come back.",4,Birmingham Solihull,2024-06-23 02:24:00.048415
Delicious meals and very clean environment.,4,Edinburgh New Town,2024-06-23 02:24:00.048415
"Loved the burgers here, will definitely come back.",4,London Hackney,2024-06-23 02:24:00.048415
"Great place for a quick bite, friendly staff.",5,Bristol City Centre,2024-06-23 02:24:00.048415
Delicious meals and very clean environment.,5,London Canary Wharf,2024-06-23 02:24:00.048415
"Decent place, but I've had better.",3,Manchester Salford,2024-06-23 02:24:00.048415
Fantastic food and great service!,5,Cardiff Bay,2024-06-23 02:24:00.048415
"Loved the burgers here, will definitely come back.",4,Bristol Clifton,2024-06-23 02:24:00.048415
"Awful place, would not recommend.",2,Manchester Salford,2024-06-23 02:24:00.048415
Rude staff and long waiting times.,2,Manchester Didsbury,2024-06-23 02:24:00.048415
"Food was okay, nothing special.",3,Edinburgh New Town,2024-06-23 02:24:00.048415
"Great place for a quick bite, friendly staff.",4,London Hackney,2024-06-23 02:24:00.048415
Fantastic food and great service!,5,Glasgow West End,2024-06-23 02:24:00.048415
"Very disappointing experience, will not return.",2,Leeds City Centre,2024-06-23 02:24:00.048415
"Great place for a quick bite, friendly staff.",4,London Camden,2024-06-23 02:24:00.048415
Delicious meals and very clean environment.,4,London Camden,2024-06-23 02:24:00.048415
"Amazing experience, highly recommend.",4,London Hackney,2024-06-23 02:24:00.048415
"Amazing experience, highly recommend.",5,Sheffield City Centre,2024-06-23 02:24:00.048415
"Amazing experience, highly recommend.",5,Sheffield Ecclesall Road,2024-06-23 02:24:00.048415
"Poor quality food, waste of money.",2,Leeds City Centre,2024-06-23 02:24:00.048415
"Mediocre food, acceptable for a quick meal.",3,London Hackney,2024-06-23 02:24:00.048415
"Amazing experience, highly recommend.",4,London Camden,2024-06-23 02:24:00.048415
Delicious meals and very clean environment.,5,Leeds Headingley,2024-06-23 02:24:00.048415
"Loved the burgers here, will definitely come back.",5,London Camden,2024-06-23 02:24:00.048415
Rude staff and long waiting times.,1,Manchester Salford,2024-06-23 02:24:00.048415
"Very disappointing experience, will not return.",2,Birmingham City Centre,2024-06-23 02:24:00.048415
Rude staff and long waiting times.,2,Birmingham Edgbaston,2024-06-23 02:24:00.048415
Terrible service and cold food.,1,London Soho,2024-06-23 02:24:00.048415
"Awful place, would not recommend.",2,Leeds City Centre,2024-06-23 02:24:00.048415
"Decent place, but I've had better.",3,Manchester Salford,2024-06-24 02:24:00.048415
"Loved the burgers here, will definitely come back.",5,Liverpool City Centre,2024-06-24 02:24:00.048415
"Amazing experience, highly recommend.",5,Birmingham Solihull,2024-06-24 02:24:00.048415
Rude staff and long waiting times.,1,Manchester Central,2024-06-24 02:24:00.048415
"Amazing experience, highly recommend.",5,Manchester Central,2024-06-24 02:24:00.048415
"Amazing experience, highly recommend.",5,Birmingham Solihull,2024-06-24 02:24:00.048415
"Amazing experience, highly recommend.",5,Manchester Salford,2024-06-24 02:24:00.048415
"Great place for a quick bite, friendly staff.",4,Cardiff Bay,2024-06-24 02:24:00.048415
"Very disappointing experience, will not return.",1,Cardiff Bay,2024-06-24 02:24:00.048415
Fantastic food and great service!,5,Birmingham Solihull,2024-06-24 02:24:00.048415
Delicious meals and very clean environment.,5,Bristol Clifton,2024-06-24 02:24:00.048415
Delicious meals and very clean environment.,5,London Canary Wharf,2024-06-24 02:24:00.048415
Delicious meals and very clean environment.,4,London Hackney,2024-06-24 02:24:00.048415
"Awful place, would not recommend.",1,Cardiff Bay,2024-06-24 02:24:00.048415
"Mediocre food, acceptable for a quick meal.",3,London Camden,2024-06-24 02:24:00.048415
Fantastic food and great service!,5,Leeds Headingley,2024-06-24 02:24:00.048415
"Loved the burgers here, will definitely come back.",4,London Soho,2024-06-24 02:24:00.048415
"It was alright, the service could be better.",3,Leeds City Centre,2024-06-24 02:24:00.048415
"Great place for a quick bite, friendly staff.",5,Cardiff Bay,2024-06-24 02:24:00.048415
Terrible service and cold food.,1,Birmingham City Centre,2024-06-24 02:24:00.048415
Fantastic food and great service!,5,London Soho,2024-06-24 02:24:00.048415
Delicious meals and very clean environment.,5,London Camden,2024-06-24 02:24:00.048415
"Awful place, would not recommend.",1,London Camden,2024-06-24 02:24:00.048415
"Loved the burgers here, will definitely come back.",5,London Chelsea,2024-06-24 02:24:00.048415
"Great place for a quick bite, friendly staff.",4,Manchester Didsbury,2024-06-24 02:24:00.048415
Terrible service and cold food.,2,London Soho,2024-06-24 02:24:00.048415
"Great place for a quick bite, friendly staff.",5,Birmingham Edgbaston,2024-06-24 02:24:00.048415
"It was alright, the service could be better.",3,Manchester Didsbury,2024-06-24 02:24:00.048415
Rude staff and long waiting times.,2,Sheffield Ecclesall Road,2024-06-24 02:24:00.048415
"Awful place, would not recommend.",1,Birmingham Solihull,2024-06-24 02:24:00.048415
"Loved the burgers here, will definitely come back.",5,London Chelsea,2024-06-24 02:24:00.048415
Rude staff and long waiting times.,2,London Chelsea,2024-06-24 02:24:00.048415
"Average experience, not bad but not great.",3,London Hackney,2024-06-24 02:24:00.048415
"Very disappointing experience, will not return.",1,London Camden,2024-06-24 02:24:00.048415
"Loved the burgers here, will definitely come back.",4,Liverpool Anfield,2024-06-24 02:24:00.048415
"Amazing experience, highly recommend.",5,Cardiff Bay,2024-06-24 02:24:00.048415
"Awful place, would not recommend.",1,London Hackney,2024-06-24 02:24:00.048415
Fantastic food and great service!,4,London Chelsea,2024-06-24 02:24:00.048415
"Amazing experience, highly recommend.",4,London Hackney,2024-06-24 02:24:00.048415
Fantastic food and great service!,5,London Camden,2024-06-24 02:24:00.048415
"Very disappointing experience, will not return.",1,London Camden,2024-06-24 02:24:00.048415
"Great place for a quick bite, friendly staff.",4,Leeds City Centre,2024-06-24 02:24:00.048415
"Loved the burgers here, will definitely come back.",5,Birmingham City Centre,2024-06-24 02:24:00.048415
"Loved the burgers here, will definitely come back.",4,Leeds Headingley,2024-06-24 02:24:00.048415
"Amazing experience, highly recommend.",4,London Hackney,2024-06-24 02:24:00.048415
Fantastic food and great service!,4,Cardiff Bay,2024-06-24 02:24:00.048415
"Great place for a quick bite, friendly staff.",5,Edinburgh New Town,2024-06-24 02:24:00.048415
"Awful place, would not recommend.",1,Birmingham Edgbaston,2024-06-24 02:24:00.048415
Fantastic food and great service!,5,London Chelsea,2024-06-24 02:24:00.048415
Delicious meals and very clean environment.,4,London Canary Wharf,2024-06-24 02:24:00.048415
"Very disappointing experience, will not return.",1,Manchester Central,2024-06-24 02:24:00.048415
"It was alright, the service could be better.",3,Birmingham Edgbaston,2024-06-24 02:24:00.048415
Terrible service and cold food.,1,Manchester Didsbury,2024-06-25 02:24:00.048415
"Great place for a quick bite, friendly staff.",5,London Hackney,2024-06-25 02:24:00.048415
"Very disappointing experience, will not return.",2,Edinburgh New Town,2024-06-25 02:24:00.048415
"Great place for a quick bite, friendly staff.",4,Manchester Central,2024-06-25 02:24:00.048415
Delicious meals and very clean environment.,5,Manchester Central,2024-06-25 02:24:00.048415
Fantastic food and great service!,4,London Chelsea,2024-06-25 02:24:00.048415
Delicious meals and very clean environment.,5,Leeds Headingley,2024-06-25 02:24:00.048415
Terrible service and cold food.,1,Glasgow City Centre,2024-06-25 02:24:00.048415
"Decent place, but I've had better.",3,London Canary Wharf,2024-06-25 02:24:00.048415
"Amazing experience, highly recommend.",4,London Camden,2024-06-25 02:24:00.048415
"Amazing experience, highly recommend.",5,London Canary Wharf,2024-06-25 02:24:00.048415
Delicious meals and very clean environment.,4,London Soho,2024-06-25 02:24:00.048415
Delicious meals and very clean environment.,5,Birmingham Edgbaston,2024-06-25 02:24:00.048415
Delicious meals and very clean environment.,5,London Soho,2024-06-25 02:24:00.048415
"Decent place, but I've had better.",3,Manchester Didsbury,2024-06-25 02:24:00.048415
"Loved the burgers here, will definitely come back.",5,Birmingham City Centre,2024-06-25 02:24:00.048415
Fantastic food and great service!,4,London Soho,2024-06-25 02:24:00.048415
"Amazing experience, highly recommend.",4,London Hackney,2024-06-25 02:24:00.048415
"Decent place, but I've had better.",3,London Camden,2024-06-25 02:24:00.048415
Fantastic food and great service!,5,Birmingham Edgbaston,2024-06-25 02:24:00.048415
"Loved the burgers here, will definitely come back.",4,Liverpool City Centre,2024-06-25 02:24:00.048415
"Amazing experience, highly recommend.",5,London Canary Wharf,2024-06-25 02:24:00.048415
"Loved the burgers here, will definitely come back.",4,Bristol City Centre,2024-06-25 02:24:00.048415
"Loved the burgers here, will definitely come back.",5,London Soho,2024-06-25 02:24:00.048415
Rude staff and long waiting times.,2,London Canary Wharf,2024-06-25 02:24:00.048415
"Loved the burgers here, will definitely come back.",5,Glasgow West End,2024-06-25 02:24:00.048415
"Very disappointing experience, will not return.",1,London Canary Wharf,2024-06-25 02:24:00.048415
"Great place for a quick bite, friendly staff.",4,Birmingham Edgbaston,2024-06-25 02:24:00.048415
Terrible service and cold food.,1,London Chelsea,2024-06-25 02:24:00.048415
"Decent place, but I've had better.",3,Manchester Salford,2024-06-25 02:24:00.048415
"Food was okay, nothing special.",3,Birmingham City Centre,2024-06-25 02:24:00.048415
"Great place for a quick bite, friendly staff.",4,Manchester Didsbury,2024-06-25 02:24:00.048415
"Loved the burgers here, will definitely come back.",5,Manchester Didsbury,2024-06-25 02:24:00.048415
"Amazing experience, highly recommend.",4,Birmingham Solihull,2024-06-25 02:24:00.048415
Delicious meals and very clean environment.,4,Birmingham Edgbaston,2024-06-25 02:24:00.048415
"Poor quality food, waste of money.",1,Bristol Clifton,2024-06-25 02:24:00.048415
"Loved the burgers here, will definitely come back.",5,Birmingham Edgbaston,2024-06-25 02:24:00.048415
"Very disappointing experience, will not return.",2,Leeds Headingley,2024-06-25 02:24:00.048415
"Loved the burgers here, will definitely come back.",4,London Camden,2024-06-25 02:24:00.048415
Delicious meals and very clean environment.,4,Cardiff Bay,2024-06-25 02:24:00.048415
"Great place for a quick bite, friendly staff.",5,Manchester Didsbury,2024-06-25 02:24:00.048415
"Poor quality food, waste of money.",2,Cardiff Bay,2024-06-25 02:24:00.048415
"Average experience, not bad but not great.",3,Manchester Central,2024-06-25 02:24:00.048415
"Great place for a quick bite, friendly staff.",4,London Camden,2024-06-25 02:24:00.048415
Delicious meals and very clean environment.,5,Manchester Salford,2024-06-25 02:24:00.048415
"Loved the burgers here, will definitely come back.",4,London Hackney,2024-06-25 02:24:00.048415
"Amazing experience, highly recommend.",4,London Hackney,2024-06-25 02:24:00.048415
"Decent place, but I've had better.",3,Manchester Didsbury,2024-06-25 02:24:00.048415
"Awful place, would not recommend.",1,Sheffield City Centre,2024-06-25 02:24:00.048415
"Great place for a quick bite, friendly staff.",5,London Soho,2024-06-25 02:24:00.048415
Delicious meals and very clean environment.,4,Manchester Central,2024-06-26 02:24:00.048415
"Amazing experience, highly recommend.",5,Glasgow City Centre,2024-06-26 02:24:00.048415
"Great place for a quick bite, friendly staff.",4,Birmingham City Centre,2024-06-26 02:24:00.048415
"Great place for a quick bite, friendly staff.",5,Manchester Central,2024-06-26 02:24:00.048415
"Great place for a quick bite, friendly staff.",4,London Hackney,2024-06-26 02:24:00.048415
Delicious meals and very clean environment.,5,London Chelsea,2024-06-26 02:24:00.048415
"Poor quality food, waste of money.",1,Sheffield City Centre,2024-06-26 02:24:00.048415
Rude staff and long waiting times.,2,Birmingham City Centre,2024-06-26 02:24:00.048415
"Amazing experience, highly recommend.",5,Liverpool City Centre,2024-06-26 02:24:00.048415
"Decent place, but I've had better.",3,London Chelsea,2024-06-26 02:24:00.048415
Fantastic food and great service!,4,Bristol City Centre,2024-06-26 02:24:00.048415
"Great place for a quick bite, friendly staff.",5,Edinburgh New Town,2024-06-26 02:24:00.048415
Fantastic food and great service!,4,London Soho,2024-06-26 02:24:00.048415
"Poor quality food, waste of money.",1,Cardiff Bay,2024-06-26 02:24:00.048415
Fantastic food and great service!,4,Birmingham City Centre,2024-06-26 02:24:00.048415
"Loved the burgers here, will definitely come back.",4,Sheffield City Centre,2024-06-26 02:24:00.048415
Fantastic food and great service!,4,Birmingham Solihull,2024-06-26 02:24:00.048415
"Amazing experience, highly recommend.",4,Birmingham Edgbaston,2024-06-26 02:24:00.048415
"Great place for a quick bite, friendly staff.",5,Leeds Headingley,2024-06-26 02:24:00.048415
Delicious meals and very clean environment.,4,London Canary Wharf,2024-06-26 02:24:00.048415
"Awful place, would not recommend.",2,London Hackney,2024-06-26 02:24:00.048415
"Food was okay, nothing special.",3,Birmingham Solihull,2024-06-26 02:24:00.048415
"Food was okay, nothing special.",3,London Camden,2024-06-26 02:24:00.048415
"Amazing experience, highly recommend.",5,London Hackney,2024-06-26 02:24:00.048415
"Poor quality food, waste of money.",1,London Canary Wharf,2024-06-26 02:24:00.048415
"Great place for a quick bite, friendly staff.",5,Birmingham City Centre,2024-06-26 02:24:00.048415
"Very disappointing experience, will not return.",2,Birmingham Edgbaston,2024-06-26 02:24:00.048415
Delicious meals and very clean environment.,4,London Soho,2024-06-26 02:24:00.048415
"Amazing experience, highly recommend.",5,Glasgow West End,2024-06-26 02:24:00.048415
"Awful place, would not recommend.",2,London Soho,2024-06-26 02:24:00.048415
"Food was okay, nothing special.",3,London Soho,2024-06-26 02:24:00.048415
"Great place for a quick bite, friendly staff.",4,London Hackney,2024-06-26 02:24:00.048415
"Great place for a quick bite, friendly staff.",5,Edinburgh Old Town,2024-06-26 02:24:00.048415
Fantastic food and great service!,5,Birmingham Edgbaston,2024-06-26 02:24:00.048415
"Loved the burgers here, will definitely come back.",5,London Soho,2024-06-26 02:24:00.048415
"Mediocre food, acceptable for a quick meal.",3,Sheffield Ecclesall Road,2024-06-26 02:24:00.048415
Fantastic food and great service!,4,Bristol Clifton,2024-06-26 02:24:00.048415
"Amazing experience, highly recommend.",5,Edinburgh New Town,2024-06-26 02:24:00.048415
Fantastic food and great service!,5,London Soho,2024-06-26 02:24:00.048415
Terrible service and cold food.,1,London Canary Wharf,2024-06-26 02:24:00.048415
"Loved the burgers here, will definitely come back.",4,Birmingham City Centre,2024-06-26 02:24:00.048415
Fantastic food and great service!,5,Sheffield City Centre,2024-06-26 02:24:00.048415
Terrible service and cold food.,1,Cardiff Bay,2024-06-26 02:24:00.048415
Delicious meals and very clean environment.,5,London Camden,2024-06-26 02:24:00.048415
"Very disappointing experience, will not return.",1,Cardiff City Centre,2024-06-26 02:24:00.048415
Delicious meals and very clean environment.,4,London Canary Wharf,2024-06-26 02:24:00.048415
"Loved the burgers here, will definitely come back.",5,Birmingham Solihull,2024-06-26 02:24:00.048415
"Great place for a quick bite, friendly staff.",5,Manchester Didsbury,2024-06-26 02:24:00.048415
Delicious meals and very clean environment.,5,London Canary Wharf,2024-06-26 02:24:00.048415
Fantastic food and great service!,5,Glasgow West End,2024-06-26 02:24:00.048415
Fantastic food and great service!,5,London Soho,2024-06-26 02:24:00.048415
"Poor quality food, waste of money.",2,London Hackney,2024-06-26 02:24:00.048415
Delicious meals and very clean environment.,5,Cardiff City Centre,2024-06-26 02:24:00.048415
"Amazing experience, highly recommend.",4,Edinburgh Old Town,2024-06-26 02:24:00.048415
"Loved the burgers here, will definitely come back.",4,Cardiff City Centre,2024-06-26 02:24:00.048415
Delicious meals and very clean environment.,4,Manchester Didsbury,2024-06-26 02:24:00.048415
"Loved the burgers here, will definitely come back.",5,London Hackney,2024-06-26 02:24:00.048415
Fantastic food and great service!,4,London Soho,2024-06-26 02:24:00.048415
"Amazing experience, highly recommend.",5,London Camden,2024-06-27 02:24:00.048415
"Loved the burgers here, will definitely come back.",5,Sheffield Ecclesall Road,2024-06-27 02:24:00.048415
"Poor quality food, waste of money.",2,London Hackney,2024-06-27 02:24:00.048415
"Great place for a quick bite, friendly staff.",4,Bristol City Centre,2024-06-27 02:24:00.048415
"Great place for a quick bite, friendly staff.",4,Birmingham Solihull,2024-06-27 02:24:00.048415
"Poor quality food, waste of money.",1,London Canary Wharf,2024-06-27 02:24:00.048415
Fantastic food and great service!,5,London Soho,2024-06-27 02:24:00.048415
Delicious meals and very clean environment.,5,London Chelsea,2024-06-27 02:24:00.048415
Rude staff and long waiting times.,1,Bristol City Centre,2024-06-27 02:24:00.048415
Fantastic food and great service!,5,Manchester Central,2024-06-27 02:24:00.048415
"Amazing experience, highly recommend.",4,Cardiff Bay,2024-06-27 02:24:00.048415
"Great place for a quick bite, friendly staff.",4,Manchester Salford,2024-06-27 02:24:00.048415
"Amazing experience, highly recommend.",5,Manchester Didsbury,2024-06-27 02:24:00.048415
Delicious meals and very clean environment.,5,Bristol Clifton,2024-06-27 02:24:00.048415
"Great place for a quick bite, friendly staff.",4,Birmingham Edgbaston,2024-06-27 02:24:00.048415
Fantastic food and great service!,5,London Hackney,2024-06-27 02:24:00.048415
"Food was okay, nothing special.",3,Edinburgh New Town,2024-06-27 02:24:00.048415
"Great place for a quick bite, friendly staff.",5,Sheffield City Centre,2024-06-27 02:24:00.048415
"Average experience, not bad but not great.",3,Birmingham Solihull,2024-06-27 02:24:00.048415
"Great place for a quick bite, friendly staff.",4,Manchester Salford,2024-06-27 02:24:00.048415
"Awful place, would not recommend.",1,London Hackney,2024-06-27 02:24:00.048415
"Great place for a quick bite, friendly staff.",4,Manchester Didsbury,2024-06-27 02:24:00.048415
Terrible service and cold food.,1,London Hackney,2024-06-27 02:24:00.048415
Delicious meals and very clean environment.,4,London Soho,2024-06-27 02:24:00.048415
Terrible service and cold food.,1,Cardiff City Centre,2024-06-27 02:24:00.048415
Delicious meals and very clean environment.,5,Birmingham Edgbaston,2024-06-27 02:24:00.048415
Fantastic food and great service!,5,London Soho,2024-06-27 02:24:00.048415
Fantastic food and great service!,4,Leeds Headingley,2024-06-27 02:24:00.048415
"Loved the burgers here, will definitely come back.",5,Manchester Salford,2024-06-27 02:24:00.048415
"Average experience, not bad but not great.",3,Edinburgh Old Town,2024-06-27 02:24:00.048415
Delicious meals and very clean environment.,5,London Hackney,2024-06-27 02:24:00.048415
"Great place for a quick bite, friendly staff.",5,Leeds City Centre,2024-06-27 02:24:00.048415
Terrible service and cold food.,1,Manchester Didsbury,2024-06-27 02:24:00.048415
Rude staff and long waiting times.,2,Bristol Clifton,2024-06-27 02:24:00.048415
Rude staff and long waiting times.,2,London Camden,2024-06-27 02:24:00.048415
"Very disappointing experience, will not return.",1,London Camden,2024-06-27 02:24:00.048415
Delicious meals and very clean environment.,4,London Hackney,2024-06-27 02:24:00.048415
Fantastic food and great service!,4,Cardiff City Centre,2024-06-27 02:24:00.048415
"Awful place, would not recommend.",1,London Chelsea,2024-06-27 02:24:00.048415
"It was alright, the service could be better.",3,Manchester Didsbury,2024-06-27 02:24:00.048415
"Average experience, not bad but not great.",3,Liverpool Anfield,2024-06-27 02:24:00.048415
"Decent place, but I've had better.",3,London Hackney,2024-06-27 02:24:00.048415
"It was alright, the service could be better.",3,Manchester Didsbury,2024-06-27 02:24:00.048415
"Amazing experience, highly recommend.",5,Sheffield City Centre,2024-06-27 02:24:00.048415
Delicious meals and very clean environment.,5,Leeds Headingley,2024-06-27 02:24:00.048415
Terrible service and cold food.,1,London Canary Wharf,2024-06-27 02:24:00.048415
"Poor quality food, waste of money.",1,Manchester Central,2024-06-27 02:24:00.048415
"Poor quality food, waste of money.",1,Leeds City Centre,2024-06-27 02:24:00.048415
Fantastic food and great service!,4,Manchester Didsbury,2024-06-27 02:24:00.048415
"Very disappointing experience, will not return.",1,Birmingham Edgbaston,2024-06-27 02:24:00.048415
"Amazing experience, highly recommend.",4,London Soho,2024-06-27 02:24:00.048415
"Food was okay, nothing special.",3,Bristol City Centre,2024-06-27 02:24:00.048415
"Loved the burgers here, will definitely come back.",4,London Camden,2024-06-27 02:24:00.048415
"Very disappointing experience, will not return.",2,London Canary Wharf,2024-06-27 02:24:00.048415
"Amazing experience, highly recommend.",5,Manchester Salford,2024-06-27 02:24:00.048415
Fantastic food and great service!,4,Cardiff Bay,2024-06-27 02:24:00.048415
Fantastic food and great service!,5,Bristol City Centre,2024-06-27 02:24:00.048415
Delicious meals and very clean environment.,5,Manchester Central,2024-06-27 02:24:00.048415
"Amazing experience, highly recommend.",4,London Canary Wharf,2024-06-28 02:24:00.048415
Fantastic food and great service!,5,Glasgow West End,2024-06-28 02:24:00.048415
"Mediocre food, acceptable for a quick meal.",3,Glasgow City Centre,2024-06-28 02:24:00.048415
"Great place for a quick bite, friendly staff.",5,Leeds City Centre,2024-06-28 02:24:00.048415
"Mediocre food, acceptable for a quick meal.",3,Liverpool Anfield,2024-06-28 02:24:00.048415
"Awful place, would not recommend.",1,Liverpool City Centre,2024-06-28 02:24:00.048415
Delicious meals and very clean environment.,5,Birmingham City Centre,2024-06-28 02:24:00.048415
"Great place for a quick bite, friendly staff.",5,Manchester Central,2024-06-28 02:24:00.048415
"Amazing experience, highly recommend.",5,London Hackney,2024-06-28 02:24:00.048415
"Loved the burgers here, will definitely come back.",5,London Camden,2024-06-28 02:24:00.048415
Terrible service and cold food.,1,Glasgow City Centre,2024-06-28 02:24:00.048415
Rude staff and long waiting times.,1,London Soho,2024-06-28 02:24:00.048415
"Loved the burgers here, will definitely come back.",4,Leeds City Centre,2024-06-28 02:24:00.048415
Fantastic food and great service!,5,Birmingham Edgbaston,2024-06-28 02:24:00.048415
"Great place for a quick bite, friendly staff.",5,London Soho,2024-06-28 02:24:00.048415
Fantastic food and great service!,5,London Camden,2024-06-28 02:24:00.048415
Fantastic food and great service!,5,Birmingham City Centre,2024-06-28 02:24:00.048415
"Great place for a quick bite, friendly staff.",5,Sheffield City Centre,2024-06-28 02:24:00.048415
Delicious meals and very clean environment.,4,Cardiff City Centre,2024-06-28 02:24:00.048415
"Loved the burgers here, will definitely come back.",4,Glasgow West End,2024-06-28 02:24:00.048415
Delicious meals and very clean environment.,5,Edinburgh Old Town,2024-06-28 02:24:00.048415
Fantastic food and great service!,4,Birmingham Solihull,2024-06-28 02:24:00.048415
"Loved the burgers here, will definitely come back.",5,London Hackney,2024-06-28 02:24:00.048415
"Average experience, not bad but not great.",3,London Soho,2024-06-28 02:24:00.048415
Fantastic food and great service!,5,London Soho,2024-06-28 02:24:00.048415
"Poor quality food, waste of money.",2,London Camden,2024-06-28 02:24:00.048415
"Loved the burgers here, will definitely come back.",5,Manchester Central,2024-06-28 02:24:00.048415
Terrible service and cold food.,2,Birmingham City Centre,2024-06-28 02:24:00.048415
"Great place for a quick bite, friendly staff.",4,London Hackney,2024-06-28 02:24:00.048415
"Loved the burgers here, will definitely come back.",5,Bristol Clifton,2024-06-28 02:24:00.048415
Fantastic food and great service!,5,Liverpool Anfield,2024-06-28 02:24:00.048415
Delicious meals and very clean environment.,4,Glasgow City Centre,2024-06-28 02:24:00.048415
"Amazing experience, highly recommend.",4,Liverpool City Centre,2024-06-28 02:24:00.048415
Delicious meals and very clean environment.,4,Leeds City Centre,2024-06-28 02:24:00.048415
"Poor quality food, waste of money.",1,London Soho,2024-06-28 02:24:00.048415
Delicious meals and very clean environment.,4,London Soho,2024-06-28 02:24:00.048415
"Amazing experience, highly recommend.",4,Cardiff City Centre,2024-06-28 02:24:00.048415
"Poor quality food, waste of money.",2,London Hackney,2024-06-28 02:24:00.048415
Fantastic food and great service!,5,Sheffield City Centre,2024-06-28 02:24:00.048415
"Great place for a quick bite, friendly staff.",5,Cardiff City Centre,2024-06-28 02:24:00.048415
"Amazing experience, highly recommend.",5,London Chelsea,2024-06-28 02:24:00.048415
"Great place for a quick bite, friendly staff.",4,Edinburgh Old Town,2024-06-28 02:24:00.048415
"Poor quality food, waste of money.",1,London Camden,2024-06-28 02:24:00.048415
"Loved the burgers here, will definitely come back.",5,Birmingham Solihull,2024-06-28 02:24:00.048415
"Amazing experience, highly recommend.",5,London Camden,2024-06-28 02:24:00.048415
"Loved the burgers here, will definitely come back.",5,London Hackney,2024-06-28 02:24:00.048415
Fantastic food and great service!,4,Edinburgh New Town,2024-06-28 02:24:00.048415
"Amazing experience, highly recommend.",5,Manchester Central,2024-06-28 02:24:00.048415
Fantastic food and great service!,4,Manchester Didsbury,2024-06-28 02:24:00.048415
Rude staff and long waiting times.,2,Manchester Central,2024-06-28 02:24:00.048415
"Great place for a quick bite, friendly staff.",5,London Hackney,2024-06-28 02:24:00.048415
"Great place for a quick bite, friendly staff.",5,London Camden,2024-06-28 02:24:00.048415
"Amazing experience, highly recommend.",5,Manchester Central,2024-06-28 02:24:00.048415
"Great place for a quick bite, friendly staff.",5,Leeds City Centre,2024-06-29 02:24:00.048415
"Great place for a quick bite, friendly staff.",5,Glasgow West End,2024-06-29 02:24:00.048415
Delicious meals and very clean environment.,4,Birmingham City Centre,2024-06-29 02:24:00.048415
"Very disappointing experience, will not return.",1,Cardiff Bay,2024-06-29 02:24:00.048415
"It was alright, the service could be better.",3,Birmingham City Centre,2024-06-29 02:24:00.048415
"It was alright, the service could be better.",3,London Chelsea,2024-06-29 02:24:00.048415
"Great place for a quick bite, friendly staff.",4,Leeds City Centre,2024-06-29 02:24:00.048415
Fantastic food and great service!,5,London Hackney,2024-06-29 02:24:00.048415
Delicious meals and very clean environment.,5,Sheffield Ecclesall Road,2024-06-29 02:24:00.048415
"Amazing experience, highly recommend.",4,Manchester Central,2024-06-29 02:24:00.048415
"Awful place, would not recommend.",2,London Camden,2024-06-29 02:24:00.048415
"Loved the burgers here, will definitely come back.",5,London Chelsea,2024-06-29 02:24:00.048415
"Poor quality food, waste of money.",2,Birmingham Solihull,2024-06-29 02:24:00.048415
"Loved the burgers here, will definitely come back.",5,Bristol City Centre,2024-06-29 02:24:00.048415
"Average experience, not bad but not great.",3,Cardiff City Centre,2024-06-29 02:24:00.048415
"Awful place, would not recommend.",1,London Chelsea,2024-06-29 02:24:00.048415
Delicious meals and very clean environment.,4,London Camden,2024-06-29 02:24:00.048415
"Loved the burgers here, will definitely come back.",5,Bristol City Centre,2024-06-29 02:24:00.048415
"Great place for a quick bite, friendly staff.",5,Manchester Central,2024-06-29 02:24:00.048415
Rude staff and long waiting times.,1,London Chelsea,2024-06-29 02:24:00.048415
"Great place for a quick bite, friendly staff.",5,London Canary Wharf,2024-06-29 02:24:00.048415
"Amazing experience, highly recommend.",4,Manchester Salford,2024-06-29 02:24:00.048415
"Loved the burgers here, will definitely come back.",5,London Soho,2024-06-29 02:24:00.048415
Delicious meals and very clean environment.,4,Manchester Central,2024-06-29 02:24:00.048415
"Amazing experience, highly recommend.",4,Liverpool Anfield,2024-06-29 02:24:00.048415
"Amazing experience, highly recommend.",4,Manchester Salford,2024-06-29 02:24:00.048415
"Average experience, not bad but not great.",3,Cardiff City Centre,2024-06-29 02:24:00.048415
Delicious meals and very clean environment.,4,Sheffield City Centre,2024-06-29 02:24:00.048415
Fantastic food and great service!,5,Birmingham Edgbaston,2024-06-29 02:24:00.048415
"Great place for a quick bite, friendly staff.",4,Glasgow West End,2024-06-29 02:24:00.048415
"Great place for a quick bite, friendly staff.",4,Liverpool Anfield,2024-06-29 02:24:00.048415
"Loved the burgers here, will definitely come back.",5,Manchester Central,2024-06-29 02:24:00.048415
"Amazing experience, highly recommend.",5,Sheffield City Centre,2024-06-29 02:24:00.048415
Delicious meals and very clean environment.,5,Birmingham Solihull,2024-06-29 02:24:00.048415
"Loved the burgers here, will definitely come back.",4,London Soho,2024-06-29 02:24:00.048415
"Decent place, but I've had better.",3,London Chelsea,2024-06-29 02:24:00.048415
"Amazing experience, highly recommend.",5,London Camden,2024-06-29 02:24:00.048415
"Poor quality food, waste of money.",2,Leeds City Centre,2024-06-29 02:24:00.048415
"Amazing experience, highly recommend.",4,London Canary Wharf,2024-06-29 02:24:00.048415
Rude staff and long waiting times.,2,London Canary Wharf,2024-06-29 02:24:00.048415
"Great place for a quick bite, friendly staff.",5,Edinburgh New Town,2024-06-29 02:24:00.048415
Delicious meals and very clean environment.,5,Glasgow City Centre,2024-06-29 02:24:00.048415
"Decent place, but I've had better.",3,Bristol City Centre,2024-06-29 02:24:00.048415
"Amazing experience, highly recommend.",5,London Soho,2024-06-29 02:24:00.048415
"Amazing experience, highly recommend.",5,London Hackney,2024-06-29 02:24:00.048415
"Average experience, not bad but not great.",3,London Hackney,2024-06-29 02:24:00.048415
"Very disappointing experience, will not return.",1,London Canary Wharf,2024-06-29 02:24:00.048415
Rude staff and long waiting times.,1,Leeds Headingley,2024-06-29 02:24:00.048415
Rude staff and long waiting times.,2,London Canary Wharf,2024-06-29 02:24:00.048415
"Amazing experience, highly recommend.",5,Edinburgh Old Town,2024-06-29 02:24:00.048415
Delicious meals and very clean environment.,4,Liverpool Anfield,2024-06-29 02:24:00.048415
Delicious meals and very clean environment.,4,London Camden,2024-06-29 02:24:00.048415
"Loved the burgers here, will definitely come back.",4,London Canary Wharf,2024-06-29 02:24:00.048415
"Great place for a quick bite, friendly staff.",4,Liverpool City Centre,2024-06-29 02:24:00.048415
Fantastic food and great service!,4,Bristol City Centre,2024-06-29 02:24:00.048415
Fantastic food and great service!,4,Liverpool City Centre,2024-06-29 02:24:00.048415
Delicious meals and very clean environment.,4,London Soho,2024-06-29 02:24:00.048415
Delicious meals and very clean environment.,5,Birmingham Edgbaston,2024-06-29 02:24:00.048415
"Loved the burgers here, will definitely come back.",5,Sheffield Ecclesall Road,2024-06-29 02:24:00.048415
"Great place for a quick bite, friendly staff.",4,London Canary Wharf,2024-06-29 02:24:00.048415
Delicious meals and very clean environment.,4,Manchester Central,2024-06-29 02:24:00.048415
Fantastic food and great service!,5,Cardiff City Centre,2024-06-29 02:24:00.048415
"Average experience, not bad but not great.",3,Cardiff Bay,2024-06-29 02:24:00.048415
"Very disappointing experience, will not return.",2,Leeds Headingley,2024-06-29 02:24:00.048415
Fantastic food and great service!,5,London Hackney,2024-06-29 02:24:00.048415
Fantastic food and great service!,5,London Canary Wharf,2024-06-29 02:24:00.048415
"Awful place, would not recommend.",1,Manchester Central,2024-06-30 02:24:00.048415
"Very disappointing experience, will not return.",2,London Chelsea,2024-06-30 02:24:00.048415
"Amazing experience, highly recommend.",5,Manchester Salford,2024-06-30 02:24:00.048415
"Loved the burgers here, will definitely come back.",4,Manchester Didsbury,2024-06-30 02:24:00.048415
Delicious meals and very clean environment.,4,Liverpool City Centre,2024-06-30 02:24:00.048415
"Amazing experience, highly recommend.",5,Cardiff Bay,2024-06-30 02:24:00.048415
Terrible service and cold food.,2,London Soho,2024-06-30 02:24:00.048415
"Loved the burgers here, will definitely come back.",5,Birmingham Edgbaston,2024-06-30 02:24:00.048415
"Poor quality food, waste of money.",1,Bristol Clifton,2024-06-30 02:24:00.048415
"Great place for a quick bite, friendly staff.",4,London Canary Wharf,2024-06-30 02:24:00.048415
"Decent place, but I've had better.",3,London Camden,2024-06-30 02:24:00.048415
"Amazing experience, highly recommend.",5,Birmingham Edgbaston,2024-06-30 02:24:00.048415
"Decent place, but I've had better.",3,Edinburgh New Town,2024-06-30 02:24:00.048415
"Loved the burgers here, will definitely come back.",5,Liverpool City Centre,2024-06-30 02:24:00.048415
Delicious meals and very clean environment.,5,Sheffield Ecclesall Road,2024-06-30 02:24:00.048415
"Loved the burgers here, will definitely come back.",5,London Soho,2024-06-30 02:24:00.048415
Delicious meals and very clean environment.,4,Manchester Didsbury,2024-06-30 02:24:00.048415
"Amazing experience, highly recommend.",5,London Soho,2024-06-30 02:24:00.048415
Terrible service and cold food.,1,London Canary Wharf,2024-06-30 02:24:00.048415
Fantastic food and great service!,5,London Hackney,2024-06-30 02:24:00.048415
"Very disappointing experience, will not return.",1,London Soho,2024-06-30 02:24:00.048415
"Great place for a quick bite, friendly staff.",5,Cardiff City Centre,2024-06-30 02:24:00.048415
Terrible service and cold food.,2,London Hackney,2024-06-30 02:24:00.048415
"It was alright, the service could be better.",3,Birmingham Solihull,2024-06-30 02:24:00.048415
"Poor quality food, waste of money.",1,London Hackney,2024-06-30 02:24:00.048415
Terrible service and cold food.,2,Edinburgh Old Town,2024-06-30 02:24:00.048415
"Great place for a quick bite, friendly staff.",4,Glasgow West End,2024-06-30 02:24:00.048415
"Amazing experience, highly recommend.",4,London Hackney,2024-06-30 02:24:00.048415
"Very disappointing experience, will not return.",1,Sheffield City Centre,2024-06-30 02:24:00.048415
"Decent place, but I've had better.",3,London Soho,2024-06-30 02:24:00.048415
Fantastic food and great service!,5,London Camden,2024-06-30 02:24:00.048415
Delicious meals and very clean environment.,4,Cardiff City Centre,2024-06-30 02:24:00.048415
"Poor quality food, waste of money.",1,Sheffield Ecclesall Road,2024-06-30 02:24:00.048415
Fantastic food and great service!,4,Cardiff Bay,2024-06-30 02:24:00.048415
"Loved the burgers here, will definitely come back.",5,London Canary Wharf,2024-06-30 02:24:00.048415
Terrible service and cold food.,2,Edinburgh New Town,2024-06-30 02:24:00.048415
"Great place for a quick bite, friendly staff.",5,London Camden,2024-06-30 02:24:00.048415
Terrible service and cold food.,1,Liverpool Anfield,2024-06-30 02:24:00.048415
"Great place for a quick bite, friendly staff.",4,Birmingham Edgbaston,2024-06-30 02:24:00.048415
Terrible service and cold food.,2,Manchester Central,2024-06-30 02:24:00.048415
"Great place for a quick bite, friendly staff.",5,London Hackney,2024-06-30 02:24:00.048415
"Average experience, not bad but not great.",3,Leeds City Centre,2024-06-30 02:24:00.048415
"Mediocre food, acceptable for a quick meal.",3,London Chelsea,2024-06-30 02:24:00.048415
"Food was okay, nothing special.",3,London Soho,2024-06-30 02:24:00.048415
Fantastic food and great service!,4,Birmingham Edgbaston,2024-06-30 02:24:00.048415
Delicious meals and very clean environment.,4,Manchester Didsbury,2024-06-30 02:24:00.048415
Rude staff and long waiting times.,1,Edinburgh New Town,2024-06-30 02:24:00.048415
Fantastic food and great service!,5,Glasgow City Centre,2024-06-30 02:24:00.048415
"Decent place, but I've had better.",3,London Hackney,2024-06-30 02:24:00.048415
"Great place for a quick bite, friendly staff.",5,Sheffield Ecclesall Road,2024-06-30 02:24:00.048415
"It was alright, the service could be better.",3,Leeds Headingley,2024-06-30 02:24:00.048415
"Amazing experience, highly recommend.",5,Sheffield City Centre,2024-06-30 02:24:00.048415
"Great place for a quick bite, friendly staff.",5,London Chelsea,2024-07-01 02:24:00.048415
Fantastic food and great service!,5,Birmingham Solihull,2024-07-01 02:24:00.048415
"Very disappointing experience, will not return.",2,London Soho,2024-07-01 02:24:00.048415
Fantastic food and great service!,4,London Soho,2024-07-01 02:24:00.048415
"Great place for a quick bite, friendly staff.",5,Liverpool Anfield,2024-07-01 02:24:00.048415
"Average experience, not bad but not great.",3,Manchester Didsbury,2024-07-01 02:24:00.048415
Fantastic food and great service!,4,Manchester Salford,2024-07-01 02:24:00.048415
Delicious meals and very clean environment.,5,London Canary Wharf,2024-07-01 02:24:00.048415
Rude staff and long waiting times.,2,London Soho,2024-07-01 02:24:00.048415
Rude staff and long waiting times.,1,London Chelsea,2024-07-01 02:24:00.048415
Fantastic food and great service!,4,Birmingham City Centre,2024-07-01 02:24:00.048415
Terrible service and cold food.,2,London Soho,2024-07-01 02:24:00.048415
"Amazing experience, highly recommend.",5,Manchester Salford,2024-07-01 02:24:00.048415
Fantastic food and great service!,4,Birmingham City Centre,2024-07-01 02:24:00.048415
"Great place for a quick bite, friendly staff.",5,Birmingham Edgbaston,2024-07-01 02:24:00.048415
Delicious meals and very clean environment.,5,London Canary Wharf,2024-07-01 02:24:00.048415
"Amazing experience, highly recommend.",5,Liverpool Anfield,2024-07-01 02:24:00.048415
"Amazing experience, highly recommend.",4,London Canary Wharf,2024-07-01 02:24:00.048415
"Loved the burgers here, will definitely come back.",5,London Chelsea,2024-07-01 02:24:00.048415
"Awful place, would not recommend.",1,Birmingham City Centre,2024-07-01 02:24:00.048415
Fantastic food and great service!,4,Leeds Headingley,2024-07-01 02:24:00.048415
Fantastic food and great service!,5,Birmingham City Centre,2024-07-01 02:24:00.048415
Delicious meals and very clean environment.,4,Manchester Salford,2024-07-01 02:24:00.048415
"Awful place, would not recommend.",2,Edinburgh New Town,2024-07-01 02:24:00.048415
"Amazing experience, highly recommend.",5,Leeds City Centre,2024-07-01 02:24:00.048415
Fantastic food and great service!,5,Birmingham Edgbaston,2024-07-01 02:24:00.048415
"Decent place, but I've had better.",3,London Soho,2024-07-01 02:24:00.048415
"Great place for a quick bite, friendly staff.",4,Liverpool Anfield,2024-07-01 02:24:00.048415
"Amazing experience, highly recommend.",5,Cardiff Bay,2024-07-01 02:24:00.048415
"Loved the burgers here, will definitely come back.",5,London Camden,2024-07-01 02:24:00.048415
Delicious meals and very clean environment.,5,Glasgow West End,2024-07-01 02:24:00.048415
"Great place for a quick bite, friendly staff.",5,London Camden,2024-07-01 02:24:00.048415
"Great place for a quick bite, friendly staff.",5,Sheffield Ecclesall Road,2024-07-01 02:24:00.048415
Fantastic food and great service!,5,London Chelsea,2024-07-01 02:24:00.048415
Fantastic food and great service!,4,Glasgow City Centre,2024-07-01 02:24:00.048415
"Average experience, not bad but not great.",3,Birmingham Edgbaston,2024-07-01 02:24:00.048415
Fantastic food and great service!,5,Manchester Salford,2024-07-01 02:24:00.048415
"Awful place, would not recommend.",2,Edinburgh Old Town,2024-07-01 02:24:00.048415
"Great place for a quick bite, friendly staff.",5,London Soho,2024-07-01 02:24:00.048415
Fantastic food and great service!,4,Birmingham Edgbaston,2024-07-01 02:24:00.048415
Delicious meals and very clean environment.,5,Manchester Didsbury,2024-07-01 02:24:00.048415
"Great place for a quick bite, friendly staff.",4,London Soho,2024-07-01 02:24:00.048415
Delicious meals and very clean environment.,5,Edinburgh New Town,2024-07-01 02:24:00.048415
"Great place for a quick bite, friendly staff.",4,Manchester Central,2024-07-02 02:24:00.048415
"Amazing experience, highly recommend.",5,Liverpool Anfield,2024-07-02 02:24:00.048415
"Amazing experience, highly recommend.",5,London Camden,2024-07-02 02:24:00.048415
"Food was okay, nothing special.",3,Edinburgh Old Town,2024-07-02 02:24:00.048415
Delicious meals and very clean environment.,5,London Chelsea,2024-07-02 02:24:00.048415
"Loved the burgers here, will definitely come back.",4,London Hackney,2024-07-02 02:24:00.048415
"Loved the burgers here, will definitely come back.",5,Cardiff City Centre,2024-07-02 02:24:00.048415
"Great place for a quick bite, friendly staff.",5,London Camden,2024-07-02 02:24:00.048415
"Amazing experience, highly recommend.",4,London Canary Wharf,2024-07-02 02:24:00.048415
"Great place for a quick bite, friendly staff.",5,London Canary Wharf,2024-07-02 02:24:00.048415
Fantastic food and great service!,5,Liverpool Anfield,2024-07-02 02:24:00.048415
"Great place for a quick bite, friendly staff.",5,London Chelsea,2024-07-02 02:24:00.048415
Fantastic food and great service!,4,Manchester Salford,2024-07-02 02:24:00.048415
"Amazing experience, highly recommend.",5,London Canary Wharf,2024-07-02 02:24:00.048415
Delicious meals and very clean environment.,4,Sheffield City Centre,2024-07-02 02:24:00.048415
"Loved the burgers here, will definitely come back.",4,London Hackney,2024-07-02 02:24:00.048415
"Amazing experience, highly recommend.",5,London Camden,2024-07-02 02:24:00.048415
"Great place for a quick bite, friendly staff.",5,Birmingham Solihull,2024-07-02 02:24:00.048415
Fantastic food and great service!,5,Glasgow West End,2024-07-02 02:24:00.048415
"Loved the burgers here, will definitely come back.",5,London Chelsea,2024-07-02 02:24:00.048415
"Amazing experience, highly recommend.",5,Manchester Salford,2024-07-02 02:24:00.048415
"Loved the burgers here, will definitely come back.",4,Leeds City Centre,2024-07-02 02:24:00.048415
"Loved the burgers here, will definitely come back.",4,London Chelsea,2024-07-02 02:24:00.048415
"Amazing experience, highly recommend.",5,Liverpool City Centre,2024-07-02 02:24:00.048415
Delicious meals and very clean environment.,5,Birmingham Solihull,2024-07-02 02:24:00.048415
Rude staff and long waiting times.,1,London Camden,2024-07-02 02:24:00.048415
"Amazing experience, highly recommend.",5,Manchester Salford,2024-07-02 02:24:00.048415
"Loved the burgers here, will definitely come back.",4,Manchester Didsbury,2024-07-02 02:24:00.048415
"Amazing experience, highly recommend.",5,London Soho,2024-07-02 02:24:00.048415
"Great place for a quick bite, friendly staff.",4,Manchester Salford,2024-07-02 02:24:00.048415
"Very disappointing experience, will not return.",2,Edinburgh New Town,2024-07-02 02:24:00.048415
Fantastic food and great service!,4,London Chelsea,2024-07-02 02:24:00.048415
"Great place for a quick bite, friendly staff.",5,London Camden,2024-07-02 02:24:00.048415
Delicious meals and very clean environment.,5,Liverpool City Centre,2024-07-02 02:24:00.048415
"Amazing experience, highly recommend.",4,London Hackney,2024-07-02 02:24:00.048415
"Very disappointing experience, will not return.",2,London Chelsea,2024-07-02 02:24:00.048415
"Mediocre food, acceptable for a quick meal.",3,London Soho,2024-07-02 02:24:00.048415
Fantastic food and great service!,4,Liverpool City Centre,2024-07-02 02:24:00.048415
"Mediocre food, acceptable for a quick meal.",3,Manchester Salford,2024-07-02 02:24:00.048415
"Great place for a quick bite, friendly staff.",5,London Canary Wharf,2024-07-02 02:24:00.048415
"Great place for a quick bite, friendly staff.",5,Manchester Didsbury,2024-07-02 02:24:00.048415
"Great place for a quick bite, friendly staff.",4,London Camden,2024-07-02 02:24:00.048415
"Awful place, would not recommend.",1,London Camden,2024-07-02 02:24:00.048415
Delicious meals and very clean environment.,4,London Canary Wharf,2024-07-02 02:24:00.048415
"Great place for a quick bite, friendly staff.",5,Manchester Central,2024-07-02 02:24:00.048415
"Amazing experience, highly recommend.",4,London Soho,2024-07-02 02:24:00.048415
"Great place for a quick bite, friendly staff.",5,Liverpool Anfield,2024-07-02 02:24:00.048415
"Loved the burgers here, will definitely come back.",5,Liverpool Anfield,2024-07-02 02:24:00.048415
"Mediocre food, acceptable for a quick meal.",3,Birmingham Edgbaston,2024-07-02 02:24:00.048415
"Decent place, but I've had better.",3,London Camden,2024-07-02 02:24:00.048415
"Poor quality food, waste of money.",1,Manchester Salford,2024-07-02 02:24:00.048415
"Loved the burgers here, will definitely come back.",4,London Canary Wharf,2024-07-02 02:24:00.048415
"Great place for a quick bite, friendly staff.",4,London Soho,2024-07-02 02:24:00.048415
"Great place for a quick bite, friendly staff.",4,Glasgow City Centre,2024-07-03 02:24:00.048415
"Loved the burgers here, will definitely come back.",4,London Soho,2024-07-03 02:24:00.048415
"Awful place, would not recommend.",2,London Canary Wharf,2024-07-03 02:24:00.048415
"Loved the burgers here, will definitely come back.",4,Manchester Central,2024-07-03 02:24:00.048415
Delicious meals and very clean environment.,5,London Hackney,2024-07-03 02:24:00.048415
"Great place for a quick bite, friendly staff.",5,London Hackney,2024-07-03 02:24:00.048415
Fantastic food and great service!,4,London Canary Wharf,2024-07-03 02:24:00.048415
"Awful place, would not recommend.",1,London Camden,2024-07-03 02:24:00.048415
"Great place for a quick bite, friendly staff.",5,Manchester Central,2024-07-03 02:24:00.048415
"Very disappointing experience, will not return.",2,Cardiff City Centre,2024-07-03 02:24:00.048415
"Amazing experience, highly recommend.",4,London Soho,2024-07-03 02:24:00.048415
"It was alright, the service could be better.",3,Birmingham Edgbaston,2024-07-03 02:24:00.048415
"Loved the burgers here, will definitely come back.",5,Birmingham Solihull,2024-07-03 02:24:00.048415
"Loved the burgers here, will definitely come back.",4,London Camden,2024-07-03 02:24:00.048415
Fantastic food and great service!,5,Liverpool Anfield,2024-07-03 02:24:00.048415
"Loved the burgers here, will definitely come back.",5,London Chelsea,2024-07-03 02:24:00.048415
"Amazing experience, highly recommend.",5,Cardiff Bay,2024-07-03 02:24:00.048415
"Loved the burgers here, will definitely come back.",5,Manchester Salford,2024-07-03 02:24:00.048415
Rude staff and long waiting times.,2,London Soho,2024-07-03 02:24:00.048415
"Decent place, but I've had better.",3,Manchester Central,2024-07-03 02:24:00.048415
Rude staff and long waiting times.,2,Sheffield Ecclesall Road,2024-07-03 02:24:00.048415
Fantastic food and great service!,4,Birmingham Edgbaston,2024-07-03 02:24:00.048415
Delicious meals and very clean environment.,5,London Chelsea,2024-07-03 02:24:00.048415
"Very disappointing experience, will not return.",1,London Hackney,2024-07-03 02:24:00.048415
Delicious meals and very clean environment.,5,London Canary Wharf,2024-07-03 02:24:00.048415
Delicious meals and very clean environment.,5,Manchester Didsbury,2024-07-03 02:24:00.048415
"Amazing experience, highly recommend.",5,Bristol City Centre,2024-07-03 02:24:00.048415
Fantastic food and great service!,5,Birmingham Solihull,2024-07-03 02:24:00.048415
"Decent place, but I've had better.",3,Edinburgh New Town,2024-07-03 02:24:00.048415
"Loved the burgers here, will definitely come back.",4,Birmingham Solihull,2024-07-03 02:24:00.048415
"Amazing experience, highly recommend.",4,London Soho,2024-07-03 02:24:00.048415
Delicious meals and very clean environment.,5,London Canary Wharf,2024-07-03 02:24:00.048415
"Great place for a quick bite, friendly staff.",5,Cardiff Bay,2024-07-03 02:24:00.048415
Delicious meals and very clean environment.,4,London Camden,2024-07-03 02:24:00.048415
"Awful place, would not recommend.",2,London Camden,2024-07-03 02:24:00.048415
"Amazing experience, highly recommend.",5,London Canary Wharf,2024-07-03 02:24:00.048415
"Loved the burgers here, will definitely come back.",4,Manchester Salford,2024-07-03 02:24:00.048415
"Very disappointing experience, will not return.",1,Birmingham Solihull,2024-07-03 02:24:00.048415
Delicious meals and very clean environment.,4,London Chelsea,2024-07-03 02:24:00.048415
"Loved the burgers here, will definitely come back.",4,London Chelsea,2024-07-03 02:24:00.048415
"Loved the burgers here, will definitely come back.",5,Manchester Didsbury,2024-07-03 02:24:00.048415
Delicious meals and very clean environment.,5,Manchester Salford,2024-07-03 02:24:00.048415
"Amazing experience, highly recommend.",5,Birmingham City Centre,2024-07-03 02:24:00.048415
Delicious meals and very clean environment.,5,London Chelsea,2024-07-03 02:24:00.048415
"Average experience, not bad but not great.",3,London Soho,2024-07-03 02:24:00.048415
"Loved the burgers here, will definitely come back.",4,Manchester Didsbury,2024-07-03 02:24:00.048415
Delicious meals and very clean environment.,4,Manchester Central,2024-07-03 02:24:00.048415
Delicious meals and very clean environment.,5,Manchester Salford,2024-07-03 02:24:00.048415
"Loved the burgers here, will definitely come back.",5,Edinburgh New Town,2024-07-03 02:24:00.048415
"Loved the burgers here, will definitely come back.",5,London Chelsea,2024-07-03 02:24:00.048415
"Decent place, but I've had better.",3,Manchester Didsbury,2024-07-03 02:24:00.048415
"Great place for a quick bite, friendly staff.",4,Glasgow West End,2024-07-03 02:24:00.048415
Rude staff and long waiting times.,2,London Chelsea,2024-07-03 02:24:00.048415
"Great place for a quick bite, friendly staff.",4,London Camden,2024-07-03 02:24:00.048415
Fantastic food and great service!,4,London Chelsea,2024-07-03 02:24:00.048415
"Very disappointing experience, will not return.",2,Birmingham Edgbaston,2024-07-03 02:24:00.048415
"Very disappointing experience, will not return.",1,London Chelsea,2024-07-03 02:24:00.048415
Terrible service and cold food.,1,Manchester Central,2024-07-03 02:24:00.048415
"Great place for a quick bite, friendly staff.",5,Manchester Salford,2024-07-03 02:24:00.048415
Terrible service and cold food.,1,London Canary Wharf,2024-07-03 02:24:00.048415
Fantastic food and great service!,5,London Hackney,2024-07-03 02:24:00.048415
Fantastic food and great service!,5,London Chelsea,2024-07-03 02:24:00.048415
"Poor quality food, waste of money.",2,Manchester Central,2024-07-03 02:24:00.048415
"Poor quality food, waste of money.",1,London Hackney,2024-07-03 02:24:00.048415
"Poor quality food, waste of money.",1,Glasgow West End,2024-07-03 02:24:00.048415
Fantastic food and great service!,5,Glasgow West End,2024-07-03 02:24:00.048415
Terrible service and cold food.,2,London Soho,2024-07-03 02:24:00.048415
"Great place for a quick bite, friendly staff.",4,London Canary Wharf,2024-07-03 02:24:00.048415
Delicious meals and very clean environment.,5,London Chelsea,2024-07-03 02:24:00.048415
Terrible service and cold food.,2,Leeds City Centre,2024-07-03 02:24:00.048415
"Great place for a quick bite, friendly staff.",4,Glasgow West End,2024-07-03 02:24:00.048415
Fantastic food and great service!,5,Edinburgh Old Town,2024-07-03 02:24:00.048415
"Great place for a quick bite, friendly staff.",5,Leeds Headingley,2024-07-03 02:24:00.048415
"Amazing experience, highly recommend.",5,Manchester Didsbury,2024-07-03 02:24:00.048415
"Great place for a quick bite, friendly staff.",4,Sheffield City Centre,2024-07-03 02:24:00.048415
"Poor quality food, waste of money.",2,Manchester Central,2024-07-03 02:24:00.048415
"Loved the burgers here, will definitely come back.",5,Birmingham Edgbaston,2024-07-03 02:24:00.048415
Fantastic food and great service!,5,Birmingham Edgbaston,2024-07-03 02:24:00.048415
"Amazing experience, highly recommend.",5,London Hackney,2024-07-03 02:24:00.048415
"Awful place, would not recommend.",2,London Chelsea,2024-07-03 02:24:00.048415
"Loved the burgers here, will definitely come back.",5,London Camden,2024-07-03 02:24:00.048415
"Loved the burgers here, will definitely come back.",5,Bristol Clifton,2024-07-03 02:24:00.048415
"Awful place, would not recommend.",2,Manchester Central,2024-07-03 02:24:00.048415
Terrible service and cold food.,1,Sheffield City Centre,2024-07-03 02:24:00.048415
"Amazing experience, highly recommend.",5,Sheffield City Centre,2024-07-03 02:24:00.048415
"Great place for a quick bite, friendly staff.",5,Manchester Salford,2024-07-03 02:24:00.048415
"Average experience, not bad but not great.",3,London Chelsea,2024-07-03 02:24:00.048415
"Decent place, but I've had better.",3,Manchester Central,2024-07-03 02:24:00.048415
Delicious meals and very clean environment.,5,Bristol Clifton,2024-07-03 02:24:00.048415
Delicious meals and very clean environment.,5,Liverpool Anfield,2024-07-03 02:24:00.048415
"Amazing experience, highly recommend.",4,London Camden,2024-07-03 02:24:00.048415
"Food was okay, nothing special.",3,Manchester Salford,2024-07-03 02:24:00.048415
"Amazing experience, highly recommend.",4,Birmingham Edgbaston,2024-07-03 02:24:00.048415
Delicious meals and very clean environment.,5,Cardiff City Centre,2024-07-03 02:24:00.048415
"Loved the burgers here, will definitely come back.",4,London Chelsea,2024-07-03 02:24:00.048415
Rude staff and long waiting times.,1,Cardiff Bay,2024-07-03 02:24:00.048415
"Poor quality food, waste of money.",1,London Camden,2024-07-03 02:24:00.048415
"Poor quality food, waste of money.",1,London Canary Wharf,2024-07-03 02:24:00.048415
Delicious meals and very clean environment.,5,Cardiff City Centre,2024-07-03 02:24:00.048415
"Great place for a quick bite, friendly staff.",5,London Chelsea,2024-07-04 02:24:00.048415
"Amazing experience, highly recommend.",5,London Chelsea,2024-07-04 02:24:00.048415
"Loved the burgers here, will definitely come back.",5,Glasgow City Centre,2024-07-04 02:24:00.048415
"Loved the burgers here, will definitely come back.",5,London Camden,2024-07-04 02:24:00.048415
"Great place for a quick bite, friendly staff.",5,Manchester Salford,2024-07-04 02:24:00.048415
"Great place for a quick bite, friendly staff.",4,Sheffield Ecclesall Road,2024-07-04 02:24:00.048415
"Amazing experience, highly recommend.",5,London Soho,2024-07-04 02:24:00.048415
"It was alright, the service could be better.",3,Bristol City Centre,2024-07-04 02:24:00.048415
"Amazing experience, highly recommend.",4,Glasgow West End,2024-07-04 02:24:00.048415
Fantastic food and great service!,4,Glasgow City Centre,2024-07-04 02:24:00.048415
"Decent place, but I've had better.",3,Birmingham Edgbaston,2024-07-04 02:24:00.048415
"Loved the burgers here, will definitely come back.",4,Bristol City Centre,2024-07-04 02:24:00.048415
Fantastic food and great service!,4,London Chelsea,2024-07-04 02:24:00.048415
Delicious meals and very clean environment.,5,Leeds Headingley,2024-07-04 02:24:00.048415
"Loved the burgers here, will definitely come back.",5,Birmingham Edgbaston,2024-07-04 02:24:00.048415
"Loved the burgers here, will definitely come back.",5,London Camden,2024-07-04 02:24:00.048415
Delicious meals and very clean environment.,5,Birmingham City Centre,2024-07-04 02:24:00.048415
"Amazing experience, highly recommend.",5,Birmingham Solihull,2024-07-04 02:24:00.048415
Delicious meals and very clean environment.,4,Leeds Headingley,2024-07-04 02:24:00.048415
"Great place for a quick bite, friendly staff.",5,Cardiff City Centre,2024-07-04 02:24:00.048415
"Great place for a quick bite, friendly staff.",5,London Hackney,2024-07-04 02:24:00.048415
"Great place for a quick bite, friendly staff.",5,Cardiff City Centre,2024-07-04 02:24:00.048415
"Loved the burgers here, will definitely come back.",5,Birmingham Solihull,2024-07-04 02:24:00.048415
Fantastic food and great service!,5,Birmingham Edgbaston,2024-07-04 02:24:00.048415
Delicious meals and very clean environment.,5,Birmingham Solihull,2024-07-04 02:24:00.048415
Delicious meals and very clean environment.,4,Sheffield City Centre,2024-07-04 02:24:00.048415
"Loved the burgers here, will definitely come back.",4,Edinburgh Old Town,2024-07-04 02:24:00.048415
"Poor quality food, waste of money.",2,London Camden,2024-07-04 02:24:00.048415
Delicious meals and very clean environment.,5,Manchester Central,2024-07-04 02:24:00.048415
"Very disappointing experience, will not return.",1,London Canary Wharf,2024-07-04 02:24:00.048415
"Loved the burgers here, will definitely come back.",4,London Canary Wharf,2024-07-04 02:24:00.048415
"Poor quality food, waste of money.",1,London Canary Wharf,2024-07-04 02:24:00.048415
"It was alright, the service could be better.",3,Cardiff City Centre,2024-07-04 02:24:00.048415
"Food was okay, nothing special.",3,Birmingham Solihull,2024-07-04 02:24:00.048415
Fantastic food and great service!,5,London Chelsea,2024-07-04 02:24:00.048415
"Amazing experience, highly recommend.",4,London Hackney,2024-07-04 02:24:00.048415
"It was alright, the service could be better.",3,Manchester Salford,2024-07-04 02:24:00.048415
Delicious meals and very clean environment.,4,London Chelsea,2024-07-04 02:24:00.048415
"Loved the burgers here, will definitely come back.",5,London Hackney,2024-07-04 02:24:00.048415
"Amazing experience, highly recommend.",4,London Soho,2024-07-04 02:24:00.048415
Delicious meals and very clean environment.,4,London Camden,2024-07-04 02:24:00.048415
"Loved the burgers here, will definitely come back.",5,London Chelsea,2024-07-05 02:24:00.048415
"Amazing experience, highly recommend.",5,Leeds Headingley,2024-07-05 02:24:00.048415
"It was alright, the service could be better.",3,Manchester Salford,2024-07-05 02:24:00.048415
"Very disappointing experience, will not return.",1,London Hackney,2024-07-05 02:24:00.048415
Fantastic food and great service!,4,London Camden,2024-07-05 02:24:00.048415
Fantastic food and great service!,4,London Canary Wharf,2024-07-05 02:24:00.048415
"Great place for a quick bite, friendly staff.",5,London Hackney,2024-07-05 02:24:00.048415
Fantastic food and great service!,5,Manchester Didsbury,2024-07-05 02:24:00.048415
"Great place for a quick bite, friendly staff.",5,London Canary Wharf,2024-07-05 02:24:00.048415
"Loved the burgers here, will definitely come back.",5,Manchester Central,2024-07-05 02:24:00.048415
"Great place for a quick bite, friendly staff.",4,Cardiff City Centre,2024-07-05 02:24:00.048415
"Very disappointing experience, will not return.",1,Birmingham City Centre,2024-07-05 02:24:00.048415
"Great place for a quick bite, friendly staff.",4,Glasgow City Centre,2024-07-05 02:24:00.048415
Delicious meals and very clean environment.,5,Birmingham City Centre,2024-07-05 02:24:00.048415
"Loved the burgers here, will definitely come back.",5,Birmingham Solihull,2024-07-05 02:24:00.048415
Delicious meals and very clean environment.,5,Birmingham City Centre,2024-07-05 02:24:00.048415
"Average experience, not bad but not great.",3,Cardiff City Centre,2024-07-05 02:24:00.048415
"Very disappointing experience, will not return.",1,Cardiff City Centre,2024-07-05 02:24:00.048415
"Great place for a quick bite, friendly staff.",5,London Hackney,2024-07-05 02:24:00.048415
Fantastic food and great service!,5,Edinburgh New Town,2024-07-05 02:24:00.048415
Fantastic food and great service!,5,Birmingham City Centre,2024-07-05 02:24:00.048415
"Great place for a quick bite, friendly staff.",4,Birmingham Solihull,2024-07-05 02:24:00.048415
Fantastic food and great service!,5,Birmingham City Centre,2024-07-05 02:24:00.048415
Rude staff and long waiting times.,2,Bristol City Centre,2024-07-05 02:24:00.048415
Fantastic food and great service!,4,London Canary Wharf,2024-07-05 02:24:00.048415
Fantastic food and great service!,5,Birmingham City Centre,2024-07-05 02:24:00.048415
"Loved the burgers here, will definitely come back.",4,Leeds Headingley,2024-07-05 02:24:00.048415
Fantastic food and great service!,5,Birmingham Solihull,2024-07-05 02:24:00.048415
Delicious meals and very clean environment.,4,London Canary Wharf,2024-07-05 02:24:00.048415
"Amazing experience, highly recommend.",5,London Chelsea,2024-07-05 02:24:00.048415
"Amazing experience, highly recommend.",4,London Soho,2024-07-05 02:24:00.048415
"Great place for a quick bite, friendly staff.",4,Edinburgh New Town,2024-07-05 02:24:00.048415
Terrible service and cold food.,2,Birmingham Edgbaston,2024-07-05 02:24:00.048415
"Loved the burgers here, will definitely come back.",5,London Soho,2024-07-05 02:24:00.048415
"Decent place, but I've had better.",3,Bristol Clifton,2024-07-05 02:24:00.048415
Delicious meals and very clean environment.,4,Cardiff City Centre,2024-07-05 02:24:00.048415
"Great place for a quick bite, friendly staff.",5,Edinburgh New Town,2024-07-05 02:24:00.048415
Fantastic food and great service!,4,Birmingham Edgbaston,2024-07-05 02:24:00.048415
"Average experience, not bad but not great.",3,London Camden,2024-07-05 02:24:00.048415
Delicious meals and very clean environment.,4,Edinburgh New Town,2024-07-05 02:24:00.048415
"Amazing experience, highly recommend.",5,Birmingham Edgbaston,2024-07-05 02:24:00.048415
"Amazing experience, highly recommend.",5,Cardiff City Centre,2024-07-05 02:24:00.048415
"Amazing experience, highly recommend.",5,Glasgow West End,2024-07-05 02:24:00.048415
Delicious meals and very clean environment.,4,Edinburgh Old Town,2024-07-05 02:24:00.048415
Terrible service and cold food.,2,Cardiff Bay,2024-07-05 02:24:00.048415
"Great place for a quick bite, friendly staff.",5,Glasgow City Centre,2024-07-05 02:24:00.048415
"Amazing experience, highly recommend.",5,Birmingham Solihull,2024-07-05 02:24:00.048415
"Loved the burgers here, will definitely come back.",5,Glasgow West End,2024-07-05 02:24:00.048415
Fantastic food and great service!,4,Birmingham Solihull,2024-07-05 02:24:00.048415
"Amazing experience, highly recommend.",4,Birmingham Edgbaston,2024-07-05 02:24:00.048415
"Awful place, would not recommend.",1,Manchester Didsbury,2024-07-05 02:24:00.048415
"Food was okay, nothing special.",3,London Canary Wharf,2024-07-05 02:24:00.048415
Fantastic food and great service!,4,Birmingham Edgbaston,2024-07-05 02:24:00.048415
"Amazing experience, highly recommend.",4,Birmingham City Centre,2024-07-06 02:24:00.048415
Fantastic food and great service!,5,Sheffield Ecclesall Road,2024-07-06 02:24:00.048415
"Loved the burgers here, will definitely come back.",5,London Chelsea,2024-07-06 02:24:00.048415
"Decent place, but I've had better.",3,Birmingham Solihull,2024-07-06 02:24:00.048415
"Great place for a quick bite, friendly staff.",5,Birmingham City Centre,2024-07-06 02:24:00.048415
Delicious meals and very clean environment.,4,London Camden,2024-07-06 02:24:00.048415
"Poor quality food, waste of money.",1,Sheffield City Centre,2024-07-06 02:24:00.048415
"Very disappointing experience, will not return.",1,Manchester Salford,2024-07-06 02:24:00.048415
"Decent place, but I've had better.",3,Manchester Salford,2024-07-06 02:24:00.048415
Fantastic food and great service!,4,Birmingham City Centre,2024-07-06 02:24:00.048415
"Loved the burgers here, will definitely come back.",4,London Soho,2024-07-06 02:24:00.048415
"It was alright, the service could be better.",3,Manchester Salford,2024-07-06 02:24:00.048415
Fantastic food and great service!,4,London Hackney,2024-07-06 02:24:00.048415
"Loved the burgers here, will definitely come back.",4,London Camden,2024-07-06 02:24:00.048415
"Amazing experience, highly recommend.",5,Manchester Didsbury,2024-07-06 02:24:00.048415
"Loved the burgers here, will definitely come back.",5,London Soho,2024-07-06 02:24:00.048415
"Amazing experience, highly recommend.",4,London Hackney,2024-07-06 02:24:00.048415
Fantastic food and great service!,4,London Hackney,2024-07-06 02:24:00.048415
Fantastic food and great service!,4,Liverpool Anfield,2024-07-06 02:24:00.048415
"Great place for a quick bite, friendly staff.",4,Manchester Didsbury,2024-07-06 02:24:00.048415
"Poor quality food, waste of money.",1,Cardiff City Centre,2024-07-06 02:24:00.048415
"Loved the burgers here, will definitely come back.",4,Birmingham Solihull,2024-07-06 02:24:00.048415
"Loved the burgers here, will definitely come back.",4,Birmingham City Centre,2024-07-06 02:24:00.048415
Terrible service and cold food.,2,Birmingham City Centre,2024-07-06 02:24:00.048415
"Great place for a quick bite, friendly staff.",4,London Chelsea,2024-07-06 02:24:00.048415
"Poor quality food, waste of money.",2,London Chelsea,2024-07-06 02:24:00.048415
Fantastic food and great service!,4,Glasgow City Centre,2024-07-06 02:24:00.048415
Delicious meals and very clean environment.,5,London Soho,2024-07-06 02:24:00.048415
"Poor quality food, waste of money.",1,London Hackney,2024-07-06 02:24:00.048415
"Loved the burgers here, will definitely come back.",5,London Hackney,2024-07-06 02:24:00.048415
"Poor quality food, waste of money.",1,London Camden,2024-07-06 02:24:00.048415
Delicious meals and very clean environment.,5,Manchester Central,2024-07-06 02:24:00.048415
Fantastic food and great service!,5,London Chelsea,2024-07-06 02:24:00.048415
"Amazing experience, highly recommend.",5,London Soho,2024-07-06 02:24:00.048415
"Great place for a quick bite, friendly staff.",4,Edinburgh New Town,2024-07-06 02:24:00.048415
Fantastic food and great service!,5,London Canary Wharf,2024-07-06 02:24:00.048415
"Amazing experience, highly recommend.",5,London Canary Wharf,2024-07-06 02:24:00.048415
Delicious meals and very clean environment.,5,London Chelsea,2024-07-06 02:24:00.048415
"Loved the burgers here, will definitely come back.",4,Edinburgh New Town,2024-07-06 02:24:00.048415
"Amazing experience, highly recommend.",5,Sheffield Ecclesall Road,2024-07-06 02:24:00.048415
"Loved the burgers here, will definitely come back.",5,London Chelsea,2024-07-06 02:24:00.048415
"Amazing experience, highly recommend.",5,London Camden,2024-07-06 02:24:00.048415
"Loved the burgers here, will definitely come back.",4,London Camden,2024-07-06 02:24:00.048415
"Great place for a quick bite, friendly staff.",4,Liverpool City Centre,2024-07-06 02:24:00.048415
Delicious meals and very clean environment.,4,London Canary Wharf,2024-07-06 02:24:00.048415
"Amazing experience, highly recommend.",5,Bristol City Centre,2024-07-06 02:24:00.048415
Rude staff and long waiting times.,2,London Hackney,2024-07-07 02:24:00.048415
"Loved the burgers here, will definitely come back.",4,London Hackney,2024-07-07 02:24:00.048415
"Amazing experience, highly recommend.",5,Birmingham City Centre,2024-07-07 02:24:00.048415
"Great place for a quick bite, friendly staff.",5,Leeds Headingley,2024-07-07 02:24:00.048415
"Very disappointing experience, will not return.",2,Birmingham Solihull,2024-07-07 02:24:00.048415
"Loved the burgers here, will definitely come back.",4,London Chelsea,2024-07-07 02:24:00.048415
"Great place for a quick bite, friendly staff.",5,London Camden,2024-07-07 02:24:00.048415
"Average experience, not bad but not great.",3,Birmingham Solihull,2024-07-07 02:24:00.048415
"Amazing experience, highly recommend.",4,London Camden,2024-07-07 02:24:00.048415
Delicious meals and very clean environment.,4,Birmingham Solihull,2024-07-07 02:24:00.048415
"Loved the burgers here, will definitely come back.",5,Edinburgh New Town,2024-07-07 02:24:00.048415
Delicious meals and very clean environment.,5,London Hackney,2024-07-07 02:24:00.048415
"Loved the burgers here, will definitely come back.",4,Birmingham Solihull,2024-07-07 02:24:00.048415
Delicious meals and very clean environment.,4,London Canary Wharf,2024-07-07 02:24:00.048415
"Great place for a quick bite, friendly staff.",4,London Chelsea,2024-07-07 02:24:00.048415
"Great place for a quick bite, friendly staff.",5,London Soho,2024-07-07 02:24:00.048415
"Amazing experience, highly recommend.",4,Manchester Salford,2024-07-07 02:24:00.048415
Terrible service and cold food.,1,London Canary Wharf,2024-07-07 02:24:00.048415
"Amazing experience, highly recommend.",4,Birmingham Edgbaston,2024-07-07 02:24:00.048415
Delicious meals and very clean environment.,5,Manchester Didsbury,2024-07-07 02:24:00.048415
Delicious meals and very clean environment.,4,Edinburgh New Town,2024-07-07 02:24:00.048415
Rude staff and long waiting times.,1,Sheffield City Centre,2024-07-07 02:24:00.048415
"Amazing experience, highly recommend.",4,London Soho,2024-07-07 02:24:00.048415
"Decent place, but I've had better.",3,London Camden,2024-07-07 02:24:00.048415
Fantastic food and great service!,4,London Canary Wharf,2024-07-07 02:24:00.048415
"Amazing experience, highly recommend.",5,London Chelsea,2024-07-07 02:24:00.048415
"Average experience, not bad but not great.",3,Manchester Central,2024-07-07 02:24:00.048415
"Great place for a quick bite, friendly staff.",5,Manchester Central,2024-07-07 02:24:00.048415
"Great place for a quick bite, friendly staff.",5,Birmingham City Centre,2024-07-07 02:24:00.048415
Fantastic food and great service!,5,London Camden,2024-07-07 02:24:00.048415
Rude staff and long waiting times.,1,London Soho,2024-07-07 02:24:00.048415
Delicious meals and very clean environment.,4,Birmingham City Centre,2024-07-07 02:24:00.048415
Fantastic food and great service!,4,Leeds Headingley,2024-07-07 02:24:00.048415
Fantastic food and great service!,5,Cardiff City Centre,2024-07-07 02:24:00.048415
Fantastic food and great service!,4,London Soho,2024-07-07 02:24:00.048415
Terrible service and cold food.,1,Leeds Headingley,2024-07-07 02:24:00.048415
Fantastic food and great service!,4,Liverpool City Centre,2024-07-07 02:24:00.048415
"Amazing experience, highly recommend.",4,London Camden,2024-07-07 02:24:00.048415
Delicious meals and very clean environment.,5,Leeds City Centre,2024-07-07 02:24:00.048415
Delicious meals and very clean environment.,5,Edinburgh Old Town,2024-07-07 02:24:00.048415
"Great place for a quick bite, friendly staff.",5,London Hackney,2024-07-07 02:24:00.048415
"Poor quality food, waste of money.",2,Leeds City Centre,2024-07-07 02:24:00.048415
"Loved the burgers here, will definitely come back.",4,Leeds City Centre,2024-07-07 02:24:00.048415
Terrible service and cold food.,2,Manchester Salford,2024-07-07 02:24:00.048415
"Great place for a quick bite, friendly staff.",5,Birmingham City Centre,2024-07-07 02:24:00.048415
"Great place for a quick bite, friendly staff.",5,Manchester Central,2024-07-07 02:24:00.048415
"Great place for a quick bite, friendly staff.",5,Leeds City Centre,2024-07-07 02:24:00.048415
Delicious meals and very clean environment.,5,Glasgow West End,2024-07-07 02:24:00.048415
Rude staff and long waiting times.,2,London Chelsea,2024-07-07 02:24:00.048415
"Great place for a quick bite, friendly staff.",5,Bristol City Centre,2024-07-07 02:24:00.048415
Terrible service and cold food.,1,Bristol City Centre,2024-07-07 02:24:00.048415
"It was alright, the service could be better.",3,London Chelsea,2024-07-07 02:24:00.048415
"Loved the burgers here, will definitely come back.",5,Edinburgh New Town,2024-07-07 02:24:00.048415
"It was alright, the service could be better.",3,Manchester Salford,2024-07-07 02:24:00.048415
"Very disappointing experience, will not return.",2,Manchester Central,2024-07-07 02:24:00.048415
Fantastic food and great service!,4,Bristol Clifton,2024-07-07 02:24:00.048415
Delicious meals and very clean environment.,4,Birmingham City Centre,2024-07-07 02:24:00.048415
"Loved the burgers here, will definitely come back.",5,Manchester Central,2024-07-07 02:24:00.048415
"Amazing experience, highly recommend.",5,Leeds City Centre,2024-07-07 02:24:00.048415
Fantastic food and great service!,5,Liverpool City Centre,2024-07-07 02:24:00.048415
"Loved the burgers here, will definitely come back.",4,Manchester Didsbury,2024-07-07 02:24:00.048415
"Great place for a quick bite, friendly staff.",5,Leeds Headingley,2024-07-08 02:24:00.048415
"Loved the burgers here, will definitely come back.",5,London Canary Wharf,2024-07-08 02:24:00.048415
Terrible service and cold food.,2,Birmingham City Centre,2024-07-08 02:24:00.048415
"Great place for a quick bite, friendly staff.",5,London Chelsea,2024-07-08 02:24:00.048415
"Loved the burgers here, will definitely come back.",4,London Hackney,2024-07-08 02:24:00.048415
"Amazing experience, highly recommend.",4,Liverpool City Centre,2024-07-08 02:24:00.048415
Delicious meals and very clean environment.,4,London Canary Wharf,2024-07-08 02:24:00.048415
"Food was okay, nothing special.",3,Birmingham Solihull,2024-07-08 02:24:00.048415
"Great place for a quick bite, friendly staff.",4,London Canary Wharf,2024-07-08 02:24:00.048415
Rude staff and long waiting times.,1,Manchester Didsbury,2024-07-08 02:24:00.048415
"Average experience, not bad but not great.",3,London Canary Wharf,2024-07-08 02:24:00.048415
"Loved the burgers here, will definitely come back.",4,London Chelsea,2024-07-08 02:24:00.048415
"Amazing experience, highly recommend.",5,London Hackney,2024-07-08 02:24:00.048415
Delicious meals and very clean environment.,4,Birmingham City Centre,2024-07-08 02:24:00.048415
"It was alright, the service could be better.",3,Cardiff Bay,2024-07-08 02:24:00.048415
"Amazing experience, highly recommend.",5,Bristol City Centre,2024-07-08 02:24:00.048415
"Very disappointing experience, will not return.",1,Cardiff City Centre,2024-07-08 02:24:00.048415
"Average experience, not bad but not great.",3,London Camden,2024-07-08 02:24:00.048415
"Amazing experience, highly recommend.",5,London Hackney,2024-07-08 02:24:00.048415
"Very disappointing experience, will not return.",1,Edinburgh New Town,2024-07-08 02:24:00.048415
Fantastic food and great service!,5,London Soho,2024-07-08 02:24:00.048415
Delicious meals and very clean environment.,5,Birmingham Solihull,2024-07-08 02:24:00.048415
"Amazing experience, highly recommend.",5,Cardiff Bay,2024-07-08 02:24:00.048415
"Amazing experience, highly recommend.",5,Glasgow City Centre,2024-07-08 02:24:00.048415
"Average experience, not bad but not great.",3,London Hackney,2024-07-08 02:24:00.048415
"Amazing experience, highly recommend.",5,Bristol City Centre,2024-07-08 02:24:00.048415
"Loved the burgers here, will definitely come back.",4,London Camden,2024-07-08 02:24:00.048415
"It was alright, the service could be better.",3,Manchester Central,2024-07-08 02:24:00.048415
Terrible service and cold food.,2,London Camden,2024-07-08 02:24:00.048415
"Loved the burgers here, will definitely come back.",5,Bristol Clifton,2024-07-08 02:24:00.048415
"Amazing experience, highly recommend.",5,Birmingham Solihull,2024-07-08 02:24:00.048415
Terrible service and cold food.,1,London Hackney,2024-07-08 02:24:00.048415
"Great place for a quick bite, friendly staff.",4,Glasgow City Centre,2024-07-08 02:24:00.048415
"Loved the burgers here, will definitely come back.",4,Liverpool Anfield,2024-07-08 02:24:00.048415
"Amazing experience, highly recommend.",5,Manchester Didsbury,2024-07-08 02:24:00.048415
Delicious meals and very clean environment.,5,Manchester Central,2024-07-08 02:24:00.048415
Fantastic food and great service!,5,London Soho,2024-07-08 02:24:00.048415
"Great place for a quick bite, friendly staff.",4,Sheffield Ecclesall Road,2024-07-08 02:24:00.048415
"Amazing experience, highly recommend.",4,Manchester Salford,2024-07-08 02:24:00.048415
"Decent place, but I've had better.",3,London Hackney,2024-07-08 02:24:00.048415
Fantastic food and great service!,4,Edinburgh Old Town,2024-07-08 02:24:00.048415
Rude staff and long waiting times.,1,Birmingham Edgbaston,2024-07-08 02:24:00.048415
Fantastic food and great service!,5,Birmingham Solihull,2024-07-08 02:24:00.048415
"Very disappointing experience, will not return.",2,Manchester Didsbury,2024-07-08 02:24:00.048415
Rude staff and long waiting times.,2,Glasgow West End,2024-07-08 02:24:00.048415
Delicious meals and very clean environment.,4,London Soho,2024-07-08 02:24:00.048415
"Loved the burgers here, will definitely come back.",5,Leeds City Centre,2024-07-08 02:24:00.048415
"Amazing experience, highly recommend.",5,London Canary Wharf,2024-07-08 02:24:00.048415
"Amazing experience, highly recommend.",5,London Chelsea,2024-07-08 02:24:00.048415
"Loved the burgers here, will definitely come back.",4,Bristol Clifton,2024-07-08 02:24:00.048415
"Amazing experience, highly recommend.",4,London Soho,2024-07-09 02:24:00.048415
Fantastic food and great service!,5,London Hackney,2024-07-09 02:24:00.048415
"Poor quality food, waste of money.",2,Birmingham City Centre,2024-07-09 02:24:00.048415
"Amazing experience, highly recommend.",4,Manchester Salford,2024-07-09 02:24:00.048415
"Food was okay, nothing special.",3,Sheffield City Centre,2024-07-09 02:24:00.048415
Delicious meals and very clean environment.,5,Manchester Salford,2024-07-09 02:24:00.048415
Rude staff and long waiting times.,1,Glasgow West End,2024-07-09 02:24:00.048415
"Mediocre food, acceptable for a quick meal.",3,London Camden,2024-07-09 02:24:00.048415
"Decent place, but I've had better.",3,Leeds City Centre,2024-07-09 02:24:00.048415
"Great place for a quick bite, friendly staff.",5,Manchester Central,2024-07-09 02:24:00.048415
Terrible service and cold food.,1,London Canary Wharf,2024-07-09 02:24:00.048415
"Amazing experience, highly recommend.",5,London Hackney,2024-07-09 02:24:00.048415
"Great place for a quick bite, friendly staff.",4,Cardiff Bay,2024-07-09 02:24:00.048415
Fantastic food and great service!,4,London Camden,2024-07-09 02:24:00.048415
"Loved the burgers here, will definitely come back.",4,Birmingham City Centre,2024-07-09 02:24:00.048415
Delicious meals and very clean environment.,4,Glasgow West End,2024-07-09 02:24:00.048415
"Awful place, would not recommend.",2,London Canary Wharf,2024-07-09 02:24:00.048415
Rude staff and long waiting times.,2,Liverpool City Centre,2024-07-09 02:24:00.048415
Delicious meals and very clean environment.,5,London Soho,2024-07-09 02:24:00.048415
"Mediocre food, acceptable for a quick meal.",3,Liverpool Anfield,2024-07-09 02:24:00.048415
"Great place for a quick bite, friendly staff.",5,London Chelsea,2024-07-09 02:24:00.048415
"Amazing experience, highly recommend.",5,Bristol City Centre,2024-07-09 02:24:00.048415
"Great place for a quick bite, friendly staff.",4,Leeds Headingley,2024-07-09 02:24:00.048415
"Very disappointing experience, will not return.",1,Birmingham Solihull,2024-07-09 02:24:00.048415
Rude staff and long waiting times.,2,London Soho,2024-07-09 02:24:00.048415
Fantastic food and great service!,5,Cardiff City Centre,2024-07-09 02:24:00.048415
"Poor quality food, waste of money.",2,Cardiff City Centre,2024-07-09 02:24:00.048415
Fantastic food and great service!,4,London Camden,2024-07-09 02:24:00.048415
"Great place for a quick bite, friendly staff.",4,Manchester Didsbury,2024-07-09 02:24:00.048415
"Great place for a quick bite, friendly staff.",4,London Hackney,2024-07-09 02:24:00.048415
"Great place for a quick bite, friendly staff.",5,Manchester Didsbury,2024-07-09 02:24:00.048415
Fantastic food and great service!,5,London Camden,2024-07-09 02:24:00.048415
Delicious meals and very clean environment.,5,Birmingham Edgbaston,2024-07-09 02:24:00.048415
"Loved the burgers here, will definitely come back.",5,Manchester Central,2024-07-09 02:24:00.048415
"Amazing experience, highly recommend.",5,London Hackney,2024-07-09 02:24:00.048415
"Food was okay, nothing special.",3,Birmingham Edgbaston,2024-07-09 02:24:00.048415
"Poor quality food, waste of money.",1,Cardiff Bay,2024-07-09 02:24:00.048415
Delicious meals and very clean environment.,5,London Hackney,2024-07-09 02:24:00.048415
"Very disappointing experience, will not return.",1,Liverpool Anfield,2024-07-09 02:24:00.048415
Delicious meals and very clean environment.,4,London Chelsea,2024-07-09 02:24:00.048415
Fantastic food and great service!,5,Liverpool City Centre,2024-07-09 02:24:00.048415
"Loved the burgers here, will definitely come back.",4,Leeds Headingley,2024-07-09 02:24:00.048415
"Loved the burgers here, will definitely come back.",4,Sheffield Ecclesall Road,2024-07-09 02:24:00.048415
Terrible service and cold food.,1,London Camden,2024-07-09 02:24:00.048415
"Food was okay, nothing special.",3,Birmingham Solihull,2024-07-09 02:24:00.048415
Fantastic food and great service!,4,London Canary Wharf,2024-07-09 02:24:00.048415
"Loved the burgers here, will definitely come back.",5,London Soho,2024-07-09 02:24:00.048415
"Great place for a quick bite, friendly staff.",4,Cardiff City Centre,2024-07-09 02:24:00.048415
"Very disappointing experience, will not return.",1,Manchester Central,2024-07-09 02:24:00.048415
Rude staff and long waiting times.,1,London Camden,2024-07-10 02:24:00.048415
"Great place for a quick bite, friendly staff.",5,Birmingham City Centre,2024-07-10 02:24:00.048415
"Awful place, would not recommend.",1,Sheffield City Centre,2024-07-10 02:24:00.048415
"Great place for a quick bite, friendly staff.",5,London Chelsea,2024-07-10 02:24:00.048415
"Very disappointing experience, will not return.",1,Manchester Central,2024-07-10 02:24:00.048415
"Great place for a quick bite, friendly staff.",4,London Soho,2024-07-10 02:24:00.048415
"Great place for a quick bite, friendly staff.",4,Bristol Clifton,2024-07-10 02:24:00.048415
"Great place for a quick bite, friendly staff.",4,Manchester Central,2024-07-10 02:24:00.048415
"Very disappointing experience, will not return.",2,Manchester Central,2024-07-10 02:24:00.048415
"Great place for a quick bite, friendly staff.",5,Birmingham Edgbaston,2024-07-10 02:24:00.048415
"Loved the burgers here, will definitely come back.",5,London Camden,2024-07-10 02:24:00.048415
Terrible service and cold food.,1,London Camden,2024-07-10 02:24:00.048415
Rude staff and long waiting times.,2,Manchester Central,2024-07-10 02:24:00.048415
"Decent place, but I've had better.",3,London Camden,2024-07-10 02:24:00.048415
"Awful place, would not recommend.",1,London Canary Wharf,2024-07-10 02:24:00.048415
"Amazing experience, highly recommend.",4,London Camden,2024-07-10 02:24:00.048415
"Loved the burgers here, will definitely come back.",5,Leeds City Centre,2024-07-10 02:24:00.048415
"Loved the burgers here, will definitely come back.",5,London Soho,2024-07-10 02:24:00.048415
Fantastic food and great service!,4,London Hackney,2024-07-10 02:24:00.048415
"Amazing experience, highly recommend.",4,London Chelsea,2024-07-10 02:24:00.048415
"Loved the burgers here, will definitely come back.",4,Glasgow West End,2024-07-10 02:24:00.048415
Delicious meals and very clean environment.,4,Glasgow West End,2024-07-10 02:24:00.048415
Delicious meals and very clean environment.,5,Edinburgh Old Town,2024-07-10 02:24:00.048415
"Amazing experience, highly recommend.",4,Glasgow City Centre,2024-07-10 02:24:00.048415
"Great place for a quick bite, friendly staff.",5,Manchester Didsbury,2024-07-10 02:24:00.048415
"Loved the burgers here, will definitely come back.",5,Manchester Didsbury,2024-07-10 02:24:00.048415
Terrible service and cold food.,2,London Camden,2024-07-10 02:24:00.048415
"Loved the burgers here, will definitely come back.",5,Birmingham Edgbaston,2024-07-10 02:24:00.048415
"Loved the burgers here, will definitely come back.",4,Liverpool Anfield,2024-07-10 02:24:00.048415
"Great place for a quick bite, friendly staff.",5,Bristol Clifton,2024-07-10 02:24:00.048415
Delicious meals and very clean environment.,5,Liverpool Anfield,2024-07-10 02:24:00.048415
Fantastic food and great service!,5,London Canary Wharf,2024-07-10 02:24:00.048415
"Great place for a quick bite, friendly staff.",4,London Hackney,2024-07-10 02:24:00.048415
Delicious meals and very clean environment.,4,Birmingham City Centre,2024-07-10 02:24:00.048415
"Great place for a quick bite, friendly staff.",4,London Chelsea,2024-07-10 02:24:00.048415
Fantastic food and great service!,5,Cardiff City Centre,2024-07-10 02:24:00.048415
Delicious meals and very clean environment.,5,London Camden,2024-07-10 02:24:00.048415
"Awful place, would not recommend.",2,London Soho,2024-07-10 02:24:00.048415
"Poor quality food, waste of money.",1,Edinburgh Old Town,2024-07-10 02:24:00.048415
Fantastic food and great service!,5,Cardiff City Centre,2024-07-10 02:24:00.048415
Delicious meals and very clean environment.,4,Liverpool Anfield,2024-07-10 02:24:00.048415
"Amazing experience, highly recommend.",4,London Hackney,2024-07-10 02:24:00.048415
"Awful place, would not recommend.",2,London Hackney,2024-07-11 02:24:00.048415
"Great place for a quick bite, friendly staff.",4,Liverpool Anfield,2024-07-11 02:24:00.048415
Delicious meals and very clean environment.,4,London Soho,2024-07-11 02:24:00.048415
"Amazing experience, highly recommend.",5,Liverpool City Centre,2024-07-11 02:24:00.048415
"Great place for a quick bite, friendly staff.",4,Birmingham Edgbaston,2024-07-11 02:24:00.048415
"Loved the burgers here, will definitely come back.",5,Manchester Didsbury,2024-07-11 02:24:00.048415
"Mediocre food, acceptable for a quick meal.",3,Sheffield City Centre,2024-07-11 02:24:00.048415
"Decent place, but I've had better.",3,Bristol Clifton,2024-07-11 02:24:00.048415
"Loved the burgers here, will definitely come back.",5,London Soho,2024-07-11 02:24:00.048415
"Great place for a quick bite, friendly staff.",5,Bristol Clifton,2024-07-11 02:24:00.048415
"Great place for a quick bite, friendly staff.",4,London Chelsea,2024-07-11 02:24:00.048415
"Great place for a quick bite, friendly staff.",5,Glasgow West End,2024-07-11 02:24:00.048415
"Great place for a quick bite, friendly staff.",4,London Canary Wharf,2024-07-11 02:24:00.048415
"Amazing experience, highly recommend.",4,Birmingham Edgbaston,2024-07-11 02:24:00.048415
Fantastic food and great service!,4,London Chelsea,2024-07-11 02:24:00.048415
Terrible service and cold food.,2,Manchester Central,2024-07-11 02:24:00.048415
Rude staff and long waiting times.,1,Glasgow City Centre,2024-07-11 02:24:00.048415
Fantastic food and great service!,4,Sheffield City Centre,2024-07-11 02:24:00.048415
"Loved the burgers here, will definitely come back.",4,London Canary Wharf,2024-07-11 02:24:00.048415
"Loved the burgers here, will definitely come back.",4,Bristol Clifton,2024-07-11 02:24:00.048415
"Poor quality food, waste of money.",1,London Canary Wharf,2024-07-11 02:24:00.048415
"Great place for a quick bite, friendly staff.",5,London Canary Wharf,2024-07-11 02:24:00.048415
"Amazing experience, highly recommend.",4,Cardiff Bay,2024-07-11 02:24:00.048415
"Loved the burgers here, will definitely come back.",5,Manchester Didsbury,2024-07-11 02:24:00.048415
"Mediocre food, acceptable for a quick meal.",3,Leeds Headingley,2024-07-11 02:24:00.048415
"Poor quality food, waste of money.",2,Edinburgh Old Town,2024-07-11 02:24:00.048415
Terrible service and cold food.,2,London Hackney,2024-07-11 02:24:00.048415
Fantastic food and great service!,5,Bristol Clifton,2024-07-11 02:24:00.048415
"Loved the burgers here, will definitely come back.",5,London Camden,2024-07-11 02:24:00.048415
Terrible service and cold food.,2,Manchester Salford,2024-07-11 02:24:00.048415
"Very disappointing experience, will not return.",1,Birmingham Edgbaston,2024-07-11 02:24:00.048415
Terrible service and cold food.,1,Sheffield City Centre,2024-07-11 02:24:00.048415
Terrible service and cold food.,2,London Canary Wharf,2024-07-11 02:24:00.048415
Terrible service and cold food.,2,Manchester Salford,2024-07-11 02:24:00.048415
"Loved the burgers here, will definitely come back.",5,Manchester Central,2024-07-11 02:24:00.048415
"Loved the burgers here, will definitely come back.",4,Manchester Central,2024-07-11 02:24:00.048415
Rude staff and long waiting times.,1,Cardiff City Centre,2024-07-11 02:24:00.048415
"It was alright, the service could be better.",3,London Canary Wharf,2024-07-11 02:24:00.048415
Delicious meals and very clean environment.,4,Birmingham Solihull,2024-07-11 02:24:00.048415
Terrible service and cold food.,2,Manchester Central,2024-07-11 02:24:00.048415
Delicious meals and very clean environment.,5,Sheffield City Centre,2024-07-11 02:24:00.048415
"Amazing experience, highly recommend.",4,Birmingham Edgbaston,2024-07-11 02:24:00.048415
Fantastic food and great service!,4,Birmingham Edgbaston,2024-07-11 02:24:00.048415
"Loved the burgers here, will definitely come back.",5,London Soho,2024-07-11 02:24:00.048415
"Mediocre food, acceptable for a quick meal.",3,London Chelsea,2024-07-11 02:24:00.048415
"Loved the burgers here, will definitely come back.",5,London Hackney,2024-07-11 02:24:00.048415
"Mediocre food, acceptable for a quick meal.",3,Leeds City Centre,2024-07-11 02:24:00.048415
Fantastic food and great service!,5,Edinburgh New Town,2024-07-11 02:24:00.048415
Delicious meals and very clean environment.,4,Birmingham Edgbaston,2024-07-11 02:24:00.048415
Terrible service and cold food.,1,Birmingham Solihull,2024-07-12 02:24:00.048415
Delicious meals and very clean environment.,5,Sheffield Ecclesall Road,2024-07-12 02:24:00.048415
Rude staff and long waiting times.,2,Cardiff City Centre,2024-07-12 02:24:00.048415
"Poor quality food, waste of money.",2,Birmingham City Centre,2024-07-12 02:24:00.048415
"Amazing experience, highly recommend.",5,Manchester Salford,2024-07-12 02:24:00.048415
Rude staff and long waiting times.,1,Leeds Headingley,2024-07-12 02:24:00.048415
Delicious meals and very clean environment.,5,Sheffield Ecclesall Road,2024-07-12 02:24:00.048415
"Loved the burgers here, will definitely come back.",4,Birmingham Solihull,2024-07-12 02:24:00.048415
"Loved the burgers here, will definitely come back.",5,Manchester Salford,2024-07-12 02:24:00.048415
"Average experience, not bad but not great.",3,Cardiff City Centre,2024-07-12 02:24:00.048415
Rude staff and long waiting times.,2,London Soho,2024-07-12 02:24:00.048415
"Great place for a quick bite, friendly staff.",4,Cardiff Bay,2024-07-12 02:24:00.048415
"Great place for a quick bite, friendly staff.",4,London Chelsea,2024-07-12 02:24:00.048415
"Mediocre food, acceptable for a quick meal.",3,Manchester Salford,2024-07-12 02:24:00.048415
"Amazing experience, highly recommend.",4,London Camden,2024-07-12 02:24:00.048415
Fantastic food and great service!,5,Sheffield City Centre,2024-07-12 02:24:00.048415
Rude staff and long waiting times.,1,Liverpool City Centre,2024-07-12 02:24:00.048415
"Loved the burgers here, will definitely come back.",5,London Camden,2024-07-12 02:24:00.048415
"Great place for a quick bite, friendly staff.",5,Birmingham Solihull,2024-07-12 02:24:00.048415
"Average experience, not bad but not great.",3,Liverpool Anfield,2024-07-12 02:24:00.048415
"Great place for a quick bite, friendly staff.",5,Birmingham Edgbaston,2024-07-12 02:24:00.048415
Fantastic food and great service!,5,London Camden,2024-07-12 02:24:00.048415
"It was alright, the service could be better.",3,Glasgow City Centre,2024-07-12 02:24:00.048415
"Loved the burgers here, will definitely come back.",5,Manchester Didsbury,2024-07-12 02:24:00.048415
Delicious meals and very clean environment.,4,Manchester Central,2024-07-12 02:24:00.048415
"Loved the burgers here, will definitely come back.",4,London Hackney,2024-07-12 02:24:00.048415
"Poor quality food, waste of money.",1,Manchester Central,2024-07-12 02:24:00.048415
"Very disappointing experience, will not return.",1,Manchester Salford,2024-07-12 02:24:00.048415
Fantastic food and great service!,5,London Camden,2024-07-12 02:24:00.048415
"Loved the burgers here, will definitely come back.",4,Birmingham City Centre,2024-07-12 02:24:00.048415
"Loved the burgers here, will definitely come back.",5,Glasgow City Centre,2024-07-12 02:24:00.048415
Fantastic food and great service!,5,Manchester Central,2024-07-12 02:24:00.048415
"Amazing experience, highly recommend.",5,London Camden,2024-07-12 02:24:00.048415
"Amazing experience, highly recommend.",4,London Camden,2024-07-12 02:24:00.048415
Terrible service and cold food.,1,London Canary Wharf,2024-07-12 02:24:00.048415
Delicious meals and very clean environment.,5,Sheffield Ecclesall Road,2024-07-12 02:24:00.048415
Fantastic food and great service!,5,London Chelsea,2024-07-12 02:24:00.048415
Delicious meals and very clean environment.,4,London Chelsea,2024-07-12 02:24:00.048415
"Amazing experience, highly recommend.",4,Edinburgh New Town,2024-07-12 02:24:00.048415
"Great place for a quick bite, friendly staff.",4,London Soho,2024-07-12 02:24:00.048415
"Poor quality food, waste of money.",1,London Hackney,2024-07-12 02:24:00.048415
Fantastic food and great service!,4,Birmingham Solihull,2024-07-12 02:24:00.048415
Rude staff and long waiting times.,2,London Chelsea,2024-07-12 02:24:00.048415
"Loved the burgers here, will definitely come back.",5,London Canary Wharf,2024-07-12 02:24:00.048415
"Amazing experience, highly recommend.",4,Bristol Clifton,2024-07-12 02:24:00.048415
"Amazing experience, highly recommend.",4,London Chelsea,2024-07-12 02:24:00.048415
"Poor quality food, waste of money.",1,Sheffield City Centre,2024-07-12 02:24:00.048415
"Food was okay, nothing special.",3,Edinburgh New Town,2024-07-12 02:24:00.048415
"Great place for a quick bite, friendly staff.",5,Cardiff City Centre,2024-07-12 02:24:00.048415
"Mediocre food, acceptable for a quick meal.",3,London Hackney,2024-07-12 02:24:00.048415
"Amazing experience, highly recommend.",5,Manchester Central,2024-07-12 02:24:00.048415
Rude staff and long waiting times.,2,London Chelsea,2024-07-12 02:24:00.048415
"Amazing experience, highly recommend.",4,London Chelsea,2024-07-12 02:24:00.048415
"Mediocre food, acceptable for a quick meal.",3,Manchester Didsbury,2024-07-12 02:24:00.048415
Delicious meals and very clean environment.,5,Sheffield Ecclesall Road,2024-07-12 02:24:00.048415
"Loved the burgers here, will definitely come back.",5,Cardiff City Centre,2024-07-12 02:24:00.048415
Terrible service and cold food.,1,London Camden,2024-07-12 02:24:00.048415
"Very disappointing experience, will not return.",1,Manchester Salford,2024-07-12 02:24:00.048415
"Loved the burgers here, will definitely come back.",4,London Chelsea,2024-07-12 02:24:00.048415
"Awful place, would not recommend.",2,London Soho,2024-07-12 02:24:00.048415
Terrible service and cold food.,2,London Soho,2024-07-12 02:24:00.048415
"Great place for a quick bite, friendly staff.",5,Manchester Central,2024-07-12 02:24:00.048415
"Amazing experience, highly recommend.",5,London Hackney,2024-07-12 02:24:00.048415
"Food was okay, nothing special.",3,London Canary Wharf,2024-07-13 02:24:00.048415
"Amazing experience, highly recommend.",5,Sheffield Ecclesall Road,2024-07-13 02:24:00.048415
"Decent place, but I've had better.",3,London Soho,2024-07-13 02:24:00.048415
Fantastic food and great service!,4,Glasgow City Centre,2024-07-13 02:24:00.048415
Delicious meals and very clean environment.,4,London Chelsea,2024-07-13 02:24:00.048415
Delicious meals and very clean environment.,5,Bristol City Centre,2024-07-13 02:24:00.048415
"Decent place, but I've had better.",3,Birmingham City Centre,2024-07-13 02:24:00.048415
Delicious meals and very clean environment.,5,Liverpool Anfield,2024-07-13 02:24:00.048415
Rude staff and long waiting times.,1,Manchester Salford,2024-07-13 02:24:00.048415
Fantastic food and great service!,5,Birmingham City Centre,2024-07-13 02:24:00.048415
"Loved the burgers here, will definitely come back.",4,Birmingham Edgbaston,2024-07-13 02:24:00.048415
"Loved the burgers here, will definitely come back.",4,Manchester Central,2024-07-13 02:24:00.048415
"Loved the burgers here, will definitely come back.",5,Birmingham Edgbaston,2024-07-13 02:24:00.048415
"Amazing experience, highly recommend.",4,Leeds Headingley,2024-07-13 02:24:00.048415
"Food was okay, nothing special.",3,Edinburgh Old Town,2024-07-13 02:24:00.048415
"Loved the burgers here, will definitely come back.",4,Sheffield City Centre,2024-07-13 02:24:00.048415
Delicious meals and very clean environment.,5,London Hackney,2024-07-13 02:24:00.048415
Delicious meals and very clean environment.,5,Edinburgh New Town,2024-07-13 02:24:00.048415
Fantastic food and great service!,5,London Chelsea,2024-07-13 02:24:00.048415
"Average experience, not bad but not great.",3,Manchester Central,2024-07-13 02:24:00.048415
"Great place for a quick bite, friendly staff.",4,London Soho,2024-07-13 02:24:00.048415
Terrible service and cold food.,2,Birmingham Edgbaston,2024-07-13 02:24:00.048415
"Loved the burgers here, will definitely come back.",4,London Chelsea,2024-07-13 02:24:00.048415
"Loved the burgers here, will definitely come back.",5,Liverpool Anfield,2024-07-13 02:24:00.048415
"Loved the burgers here, will definitely come back.",5,London Camden,2024-07-13 02:24:00.048415
Fantastic food and great service!,5,London Chelsea,2024-07-13 02:24:00.048415
"Amazing experience, highly recommend.",5,London Hackney,2024-07-13 02:24:00.048415
"Great place for a quick bite, friendly staff.",4,Manchester Didsbury,2024-07-13 02:24:00.048415
"Amazing experience, highly recommend.",5,Birmingham Solihull,2024-07-13 02:24:00.048415
"It was alright, the service could be better.",3,London Soho,2024-07-13 02:24:00.048415
Rude staff and long waiting times.,1,London Camden,2024-07-13 02:24:00.048415
"Amazing experience, highly recommend.",5,London Canary Wharf,2024-07-13 02:24:00.048415
"Great place for a quick bite, friendly staff.",5,Birmingham City Centre,2024-07-13 02:24:00.048415
Delicious meals and very clean environment.,4,Manchester Central,2024-07-13 02:24:00.048415
"Decent place, but I've had better.",3,Birmingham Edgbaston,2024-07-13 02:24:00.048415
"Great place for a quick bite, friendly staff.",5,London Chelsea,2024-07-13 02:24:00.048415
"Great place for a quick bite, friendly staff.",4,Birmingham City Centre,2024-07-13 02:24:00.048415
"Mediocre food, acceptable for a quick meal.",3,London Chelsea,2024-07-13 02:24:00.048415
"Amazing experience, highly recommend.",5,Bristol City Centre,2024-07-13 02:24:00.048415
"Amazing experience, highly recommend.",5,London Canary Wharf,2024-07-13 02:24:00.048415
Fantastic food and great service!,5,Birmingham Edgbaston,2024-07-13 02:24:00.048415
"Amazing experience, highly recommend.",4,Manchester Didsbury,2024-07-13 02:24:00.048415
"Loved the burgers here, will definitely come back.",5,London Hackney,2024-07-13 02:24:00.048415
Fantastic food and great service!,4,Liverpool City Centre,2024-07-13 02:24:00.048415
"Amazing experience, highly recommend.",5,Birmingham Solihull,2024-07-13 02:24:00.048415
"Average experience, not bad but not great.",3,Manchester Didsbury,2024-07-13 02:24:00.048415
"Poor quality food, waste of money.",2,Manchester Salford,2024-07-13 02:24:00.048415
Delicious meals and very clean environment.,5,Sheffield City Centre,2024-07-13 02:24:00.048415
"Very disappointing experience, will not return.",1,London Soho,2024-07-13 02:24:00.048415
Fantastic food and great service!,4,Bristol City Centre,2024-07-13 02:24:00.048415
"Very disappointing experience, will not return.",2,London Chelsea,2024-07-13 02:24:00.048415
"Great place for a quick bite, friendly staff.",4,London Camden,2024-07-14 02:24:00.048415
Delicious meals and very clean environment.,4,London Canary Wharf,2024-07-14 02:24:00.048415
"Very disappointing experience, will not return.",1,Sheffield City Centre,2024-07-14 02:24:00.048415
"It was alright, the service could be better.",3,Glasgow West End,2024-07-14 02:24:00.048415
"Great place for a quick bite, friendly staff.",5,London Hackney,2024-07-14 02:24:00.048415
Fantastic food and great service!,5,London Hackney,2024-07-14 02:24:00.048415
Delicious meals and very clean environment.,5,Birmingham City Centre,2024-07-14 02:24:00.048415
"Great place for a quick bite, friendly staff.",5,Glasgow City Centre,2024-07-14 02:24:00.048415
"Amazing experience, highly recommend.",5,Liverpool Anfield,2024-07-14 02:24:00.048415
Terrible service and cold food.,2,Bristol Clifton,2024-07-14 02:24:00.048415
"Great place for a quick bite, friendly staff.",5,Leeds Headingley,2024-07-14 02:24:00.048415
"Great place for a quick bite, friendly staff.",5,London Hackney,2024-07-14 02:24:00.048415
"Amazing experience, highly recommend.",5,London Chelsea,2024-07-14 02:24:00.048415
"Amazing experience, highly recommend.",5,London Hackney,2024-07-14 02:24:00.048415
Fantastic food and great service!,5,London Camden,2024-07-14 02:24:00.048415
"Loved the burgers here, will definitely come back.",5,Cardiff Bay,2024-07-14 02:24:00.048415
Fantastic food and great service!,5,Leeds City Centre,2024-07-14 02:24:00.048415
"Very disappointing experience, will not return.",1,Cardiff Bay,2024-07-14 02:24:00.048415
"Food was okay, nothing special.",3,Glasgow West End,2024-07-14 02:24:00.048415
"Great place for a quick bite, friendly staff.",5,London Hackney,2024-07-14 02:24:00.048415
"Great place for a quick bite, friendly staff.",5,Manchester Didsbury,2024-07-14 02:24:00.048415
"Amazing experience, highly recommend.",4,London Camden,2024-07-14 02:24:00.048415
"Average experience, not bad but not great.",3,Birmingham Solihull,2024-07-14 02:24:00.048415
Delicious meals and very clean environment.,4,Sheffield City Centre,2024-07-14 02:24:00.048415
"Great place for a quick bite, friendly staff.",5,London Hackney,2024-07-14 02:24:00.048415
"Amazing experience, highly recommend.",5,Birmingham City Centre,2024-07-14 02:24:00.048415
Fantastic food and great service!,4,London Chelsea,2024-07-14 02:24:00.048415
"Loved the burgers here, will definitely come back.",4,London Canary Wharf,2024-07-14 02:24:00.048415
Delicious meals and very clean environment.,4,Edinburgh New Town,2024-07-14 02:24:00.048415
Terrible service and cold food.,2,London Camden,2024-07-14 02:24:00.048415
"Great place for a quick bite, friendly staff.",4,London Camden,2024-07-14 02:24:00.048415
"Poor quality food, waste of money.",1,Cardiff City Centre,2024-07-14 02:24:00.048415
Fantastic food and great service!,5,Liverpool Anfield,2024-07-14 02:24:00.048415
Delicious meals and very clean environment.,4,Edinburgh Old Town,2024-07-14 02:24:00.048415
Delicious meals and very clean environment.,5,London Chelsea,2024-07-14 02:24:00.048415
"Decent place, but I've had better.",3,Leeds City Centre,2024-07-14 02:24:00.048415
"Great place for a quick bite, friendly staff.",4,Manchester Didsbury,2024-07-14 02:24:00.048415
"Loved the burgers here, will definitely come back.",5,London Canary Wharf,2024-07-14 02:24:00.048415
"Mediocre food, acceptable for a quick meal.",3,London Soho,2024-07-14 02:24:00.048415
"Great place for a quick bite, friendly staff.",5,Cardiff City Centre,2024-07-14 02:24:00.048415
"Loved the burgers here, will definitely come back.",4,Glasgow West End,2024-07-14 02:24:00.048415
"Awful place, would not recommend.",1,Glasgow City Centre,2024-07-14 02:24:00.048415
"Very disappointing experience, will not return.",1,Cardiff City Centre,2024-07-14 02:24:00.048415
"Amazing experience, highly recommend.",4,London Canary Wharf,2024-07-14 02:24:00.048415
"Awful place, would not recommend.",2,London Soho,2024-07-14 02:24:00.048415
"Very disappointing experience, will not return.",1,Birmingham City Centre,2024-07-14 02:24:00.048415
"Great place for a quick bite, friendly staff.",5,London Canary Wharf,2024-07-14 02:24:00.048415
"Amazing experience, highly recommend.",5,London Chelsea,2024-07-14 02:24:00.048415
"Loved the burgers here, will definitely come back.",4,London Chelsea,2024-07-14 02:24:00.048415
"Amazing experience, highly recommend.",4,London Soho,2024-07-14 02:24:00.048415
"Great place for a quick bite, friendly staff.",4,London Hackney,2024-07-14 02:24:00.048415
"Great place for a quick bite, friendly staff.",4,London Camden,2024-07-14 02:24:00.048415
Fantastic food and great service!,4,Glasgow West End,2024-07-14 02:24:00.048415
"Amazing experience, highly recommend.",5,London Camden,2024-07-14 02:24:00.048415
"Average experience, not bad but not great.",3,Bristol Clifton,2024-07-14 02:24:00.048415
"Awful place, would not recommend.",2,London Canary Wharf,2024-07-15 02:24:00.048415
Rude staff and long waiting times.,2,Glasgow City Centre,2024-07-15 02:24:00.048415
"Amazing experience, highly recommend.",5,London Canary Wharf,2024-07-15 02:24:00.048415
Rude staff and long waiting times.,1,Liverpool City Centre,2024-07-15 02:24:00.048415
"Awful place, would not recommend.",1,Birmingham City Centre,2024-07-15 02:24:00.048415
"Amazing experience, highly recommend.",5,Liverpool City Centre,2024-07-15 02:24:00.048415
"Amazing experience, highly recommend.",5,London Chelsea,2024-07-15 02:24:00.048415
"It was alright, the service could be better.",3,Manchester Salford,2024-07-15 02:24:00.048415
Fantastic food and great service!,5,Manchester Didsbury,2024-07-15 02:24:00.048415
Rude staff and long waiting times.,2,Cardiff Bay,2024-07-15 02:24:00.048415
"Loved the burgers here, will definitely come back.",4,London Canary Wharf,2024-07-15 02:24:00.048415
Terrible service and cold food.,1,Cardiff Bay,2024-07-15 02:24:00.048415
Delicious meals and very clean environment.,4,Cardiff Bay,2024-07-15 02:24:00.048415
"Loved the burgers here, will definitely come back.",5,Manchester Central,2024-07-15 02:24:00.048415
Delicious meals and very clean environment.,5,Edinburgh Old Town,2024-07-15 02:24:00.048415
"Loved the burgers here, will definitely come back.",4,Manchester Central,2024-07-15 02:24:00.048415
Fantastic food and great service!,4,Manchester Central,2024-07-15 02:24:00.048415
Fantastic food and great service!,5,London Hackney,2024-07-15 02:24:00.048415
"Awful place, would not recommend.",2,London Canary Wharf,2024-07-15 02:24:00.048415
"Loved the burgers here, will definitely come back.",5,Cardiff City Centre,2024-07-15 02:24:00.048415
"Loved the burgers here, will definitely come back.",4,Glasgow City Centre,2024-07-15 02:24:00.048415
"Great place for a quick bite, friendly staff.",5,London Canary Wharf,2024-07-15 02:24:00.048415
Delicious meals and very clean environment.,5,Manchester Central,2024-07-15 02:24:00.048415
Fantastic food and great service!,4,Manchester Salford,2024-07-15 02:24:00.048415
Fantastic food and great service!,5,London Soho,2024-07-15 02:24:00.048415
Rude staff and long waiting times.,2,Birmingham City Centre,2024-07-15 02:24:00.048415
Fantastic food and great service!,5,Liverpool City Centre,2024-07-15 02:24:00.048415
Delicious meals and very clean environment.,5,Manchester Didsbury,2024-07-15 02:24:00.048415
"Loved the burgers here, will definitely come back.",5,Bristol City Centre,2024-07-15 02:24:00.048415
"Great place for a quick bite, friendly staff.",5,Birmingham City Centre,2024-07-15 02:24:00.048415
"Poor quality food, waste of money.",1,Glasgow West End,2024-07-15 02:24:00.048415
Delicious meals and very clean environment.,4,London Hackney,2024-07-15 02:24:00.048415
"Great place for a quick bite, friendly staff.",4,London Soho,2024-07-15 02:24:00.048415
"Amazing experience, highly recommend.",4,Manchester Didsbury,2024-07-15 02:24:00.048415
"Amazing experience, highly recommend.",4,London Chelsea,2024-07-15 02:24:00.048415
Delicious meals and very clean environment.,5,Manchester Didsbury,2024-07-15 02:24:00.048415
Fantastic food and great service!,4,London Camden,2024-07-15 02:24:00.048415
"Amazing experience, highly recommend.",5,Birmingham Solihull,2024-07-15 02:24:00.048415
"Loved the burgers here, will definitely come back.",5,Leeds City Centre,2024-07-15 02:24:00.048415
"Very disappointing experience, will not return.",1,London Chelsea,2024-07-15 02:24:00.048415
"Decent place, but I've had better.",3,Manchester Didsbury,2024-07-15 02:24:00.048415
Fantastic food and great service!,4,Leeds City Centre,2024-07-15 02:24:00.048415
"Loved the burgers here, will definitely come back.",5,Sheffield City Centre,2024-07-16 02:24:00.048415
Delicious meals and very clean environment.,5,Manchester Central,2024-07-16 02:24:00.048415
Terrible service and cold food.,2,Manchester Central,2024-07-16 02:24:00.048415
"Decent place, but I've had better.",3,Sheffield Ecclesall Road,2024-07-16 02:24:00.048415
"It was alright, the service could be better.",3,Edinburgh Old Town,2024-07-16 02:24:00.048415
"Amazing experience, highly recommend.",5,London Chelsea,2024-07-16 02:24:00.048415
Terrible service and cold food.,2,Birmingham Edgbaston,2024-07-16 02:24:00.048415
"Great place for a quick bite, friendly staff.",5,Birmingham City Centre,2024-07-16 02:24:00.048415
Rude staff and long waiting times.,1,London Hackney,2024-07-16 02:24:00.048415
Rude staff and long waiting times.,2,London Camden,2024-07-16 02:24:00.048415
"Amazing experience, highly recommend.",5,Birmingham City Centre,2024-07-16 02:24:00.048415
Fantastic food and great service!,4,Birmingham Solihull,2024-07-16 02:24:00.048415
Delicious meals and very clean environment.,4,Sheffield City Centre,2024-07-16 02:24:00.048415
"Very disappointing experience, will not return.",2,London Soho,2024-07-16 02:24:00.048415
"Loved the burgers here, will definitely come back.",5,Glasgow West End,2024-07-16 02:24:00.048415
"Amazing experience, highly recommend.",4,Manchester Central,2024-07-16 02:24:00.048415
"Amazing experience, highly recommend.",5,London Hackney,2024-07-16 02:24:00.048415
"Great place for a quick bite, friendly staff.",5,London Camden,2024-07-16 02:24:00.048415
"Great place for a quick bite, friendly staff.",5,London Soho,2024-07-16 02:24:00.048415
"Amazing experience, highly recommend.",5,London Camden,2024-07-16 02:24:00.048415
Delicious meals and very clean environment.,4,Manchester Salford,2024-07-16 02:24:00.048415
"Amazing experience, highly recommend.",4,London Canary Wharf,2024-07-16 02:24:00.048415
Rude staff and long waiting times.,1,Bristol City Centre,2024-07-16 02:24:00.048415
"Loved the burgers here, will definitely come back.",4,London Chelsea,2024-07-16 02:24:00.048415
"Amazing experience, highly recommend.",5,London Soho,2024-07-16 02:24:00.048415
"Great place for a quick bite, friendly staff.",5,Sheffield City Centre,2024-07-16 02:24:00.048415
"Amazing experience, highly recommend.",5,Glasgow City Centre,2024-07-16 02:24:00.048415
Fantastic food and great service!,4,Glasgow City Centre,2024-07-16 02:24:00.048415
"Loved the burgers here, will definitely come back.",4,London Chelsea,2024-07-16 02:24:00.048415
"Loved the burgers here, will definitely come back.",5,Edinburgh Old Town,2024-07-16 02:24:00.048415
Terrible service and cold food.,2,Sheffield Ecclesall Road,2024-07-16 02:24:00.048415
"Loved the burgers here, will definitely come back.",5,London Soho,2024-07-16 02:24:00.048415
Delicious meals and very clean environment.,5,London Camden,2024-07-16 02:24:00.048415
"Very disappointing experience, will not return.",1,London Canary Wharf,2024-07-16 02:24:00.048415
Terrible service and cold food.,2,London Hackney,2024-07-16 02:24:00.048415
"Great place for a quick bite, friendly staff.",4,Manchester Salford,2024-07-16 02:24:00.048415
"Amazing experience, highly recommend.",5,London Hackney,2024-07-16 02:24:00.048415
Delicious meals and very clean environment.,5,London Soho,2024-07-16 02:24:00.048415
"Very disappointing experience, will not return.",2,London Camden,2024-07-16 02:24:00.048415
Delicious meals and very clean environment.,4,London Soho,2024-07-16 02:24:00.048415
Delicious meals and very clean environment.,4,Leeds City Centre,2024-07-16 02:24:00.048415
"Amazing experience, highly recommend.",4,Edinburgh New Town,2024-07-16 02:24:00.048415
"Great place for a quick bite, friendly staff.",4,London Hackney,2024-07-16 02:24:00.048415
"Amazing experience, highly recommend.",5,Bristol Clifton,2024-07-16 02:24:00.048415
"Amazing experience, highly recommend.",4,Birmingham City Centre,2024-07-16 02:24:00.048415
"It was alright, the service could be better.",3,Cardiff City Centre,2024-07-16 02:24:00.048415
"Great place for a quick bite, friendly staff.",5,Glasgow City Centre,2024-07-16 02:24:00.048415
"Mediocre food, acceptable for a quick meal.",3,Birmingham Edgbaston,2024-07-16 02:24:00.048415
"Food was okay, nothing special.",3,Leeds Headingley,2024-07-17 02:24:00.048415
"Amazing experience, highly recommend.",4,Cardiff City Centre,2024-07-17 02:24:00.048415
"Loved the burgers here, will definitely come back.",5,Birmingham Edgbaston,2024-07-17 02:24:00.048415
"Loved the burgers here, will definitely come back.",5,Birmingham City Centre,2024-07-17 02:24:00.048415
"Great place for a quick bite, friendly staff.",5,Birmingham Solihull,2024-07-17 02:24:00.048415
"Decent place, but I've had better.",3,Cardiff Bay,2024-07-17 02:24:00.048415
"Amazing experience, highly recommend.",5,Edinburgh New Town,2024-07-17 02:24:00.048415
"Very disappointing experience, will not return.",2,Manchester Salford,2024-07-17 02:24:00.048415
"Awful place, would not recommend.",1,Birmingham Edgbaston,2024-07-17 02:24:00.048415
"Loved the burgers here, will definitely come back.",4,Manchester Central,2024-07-17 02:24:00.048415
Delicious meals and very clean environment.,5,London Canary Wharf,2024-07-17 02:24:00.048415
"Amazing experience, highly recommend.",4,London Hackney,2024-07-17 02:24:00.048415
"Very disappointing experience, will not return.",2,London Hackney,2024-07-17 02:24:00.048415
"Great place for a quick bite, friendly staff.",5,Birmingham Edgbaston,2024-07-17 02:24:00.048415
"Loved the burgers here, will definitely come back.",4,London Chelsea,2024-07-17 02:24:00.048415
Delicious meals and very clean environment.,4,Sheffield Ecclesall Road,2024-07-17 02:24:00.048415
"Loved the burgers here, will definitely come back.",5,London Camden,2024-07-17 02:24:00.048415
Delicious meals and very clean environment.,5,London Canary Wharf,2024-07-17 02:24:00.048415
"Amazing experience, highly recommend.",5,Leeds City Centre,2024-07-17 02:24:00.048415
Terrible service and cold food.,2,London Canary Wharf,2024-07-17 02:24:00.048415
"Average experience, not bad but not great.",3,Cardiff Bay,2024-07-17 02:24:00.048415
"Amazing experience, highly recommend.",4,Manchester Salford,2024-07-17 02:24:00.048415
Delicious meals and very clean environment.,5,Manchester Salford,2024-07-17 02:24:00.048415
Delicious meals and very clean environment.,4,Birmingham Solihull,2024-07-17 02:24:00.048415
"Amazing experience, highly recommend.",5,Glasgow City Centre,2024-07-17 02:24:00.048415
"Loved the burgers here, will definitely come back.",5,London Chelsea,2024-07-17 02:24:00.048415
"Food was okay, nothing special.",3,London Hackney,2024-07-17 02:24:00.048415
"Great place for a quick bite, friendly staff.",5,Cardiff Bay,2024-07-17 02:24:00.048415
"Awful place, would not recommend.",2,London Hackney,2024-07-17 02:24:00.048415
Fantastic food and great service!,5,Manchester Central,2024-07-17 02:24:00.048415
"Amazing experience, highly recommend.",4,Glasgow West End,2024-07-17 02:24:00.048415
"Poor quality food, waste of money.",1,Birmingham Edgbaston,2024-07-17 02:24:00.048415
Delicious meals and very clean environment.,4,Manchester Central,2024-07-17 02:24:00.048415
"Loved the burgers here, will definitely come back.",4,Bristol Clifton,2024-07-17 02:24:00.048415
"Amazing experience, highly recommend.",5,Sheffield Ecclesall Road,2024-07-17 02:24:00.048415
Fantastic food and great service!,5,Manchester Salford,2024-07-17 02:24:00.048415
"Great place for a quick bite, friendly staff.",5,Manchester Central,2024-07-17 02:24:00.048415
"Great place for a quick bite, friendly staff.",5,London Camden,2024-07-17 02:24:00.048415
"Loved the burgers here, will definitely come back.",5,Manchester Salford,2024-07-17 02:24:00.048415
"Amazing experience, highly recommend.",5,Leeds Headingley,2024-07-17 02:24:00.048415
"Decent place, but I've had better.",3,Cardiff City Centre,2024-07-17 02:24:00.048415
"Amazing experience, highly recommend.",4,London Chelsea,2024-07-17 02:24:00.048415
Rude staff and long waiting times.,2,London Camden,2024-07-17 02:24:00.048415
"Very disappointing experience, will not return.",1,London Camden,2024-07-17 02:24:00.048415
Fantastic food and great service!,4,Manchester Didsbury,2024-07-17 02:24:00.048415
Terrible service and cold food.,2,Bristol City Centre,2024-07-17 02:24:00.048415
"Amazing experience, highly recommend.",4,Birmingham City Centre,2024-07-17 02:24:00.048415
"Poor quality food, waste of money.",2,Cardiff Bay,2024-07-17 02:24:00.048415
Delicious meals and very clean environment.,5,Edinburgh Old Town,2024-07-17 02:24:00.048415
"Loved the burgers here, will definitely come back.",4,London Canary Wharf,2024-07-17 02:24:00.048415
"Very disappointing experience, will not return.",1,Edinburgh New Town,2024-07-18 02:24:00.048415
Rude staff and long waiting times.,1,Cardiff City Centre,2024-07-18 02:24:00.048415
"Loved the burgers here, will definitely come back.",4,Liverpool Anfield,2024-07-18 02:24:00.048415
"It was alright, the service could be better.",3,Cardiff Bay,2024-07-18 02:24:00.048415
"Amazing experience, highly recommend.",4,Birmingham Edgbaston,2024-07-18 02:24:00.048415
"Great place for a quick bite, friendly staff.",5,Birmingham City Centre,2024-07-18 02:24:00.048415
"Great place for a quick bite, friendly staff.",5,Manchester Didsbury,2024-07-18 02:24:00.048415
Delicious meals and very clean environment.,4,London Soho,2024-07-18 02:24:00.048415
Delicious meals and very clean environment.,4,London Chelsea,2024-07-18 02:24:00.048415
"Great place for a quick bite, friendly staff.",4,London Canary Wharf,2024-07-18 02:24:00.048415
"Great place for a quick bite, friendly staff.",4,Birmingham Edgbaston,2024-07-18 02:24:00.048415
"Very disappointing experience, will not return.",1,Birmingham Solihull,2024-07-18 02:24:00.048415
"Poor quality food, waste of money.",1,Manchester Central,2024-07-18 02:24:00.048415
"Loved the burgers here, will definitely come back.",4,London Soho,2024-07-18 02:24:00.048415
"Great place for a quick bite, friendly staff.",5,London Canary Wharf,2024-07-18 02:24:00.048415
"Awful place, would not recommend.",1,London Hackney,2024-07-18 02:24:00.048415
Fantastic food and great service!,4,Glasgow City Centre,2024-07-18 02:24:00.048415
"Loved the burgers here, will definitely come back.",5,London Hackney,2024-07-18 02:24:00.048415
Fantastic food and great service!,4,Liverpool Anfield,2024-07-18 02:24:00.048415
Fantastic food and great service!,5,Bristol City Centre,2024-07-18 02:24:00.048415
Delicious meals and very clean environment.,4,Edinburgh Old Town,2024-07-18 02:24:00.048415
"Decent place, but I've had better.",3,Glasgow West End,2024-07-18 02:24:00.048415
Delicious meals and very clean environment.,5,London Camden,2024-07-18 02:24:00.048415
"Amazing experience, highly recommend.",5,London Camden,2024-07-18 02:24:00.048415
"Great place for a quick bite, friendly staff.",4,Manchester Central,2024-07-18 02:24:00.048415
"Loved the burgers here, will definitely come back.",4,London Chelsea,2024-07-18 02:24:00.048415
Fantastic food and great service!,4,Manchester Didsbury,2024-07-18 02:24:00.048415
"Great place for a quick bite, friendly staff.",5,Birmingham City Centre,2024-07-18 02:24:00.048415
"Amazing experience, highly recommend.",4,Birmingham Solihull,2024-07-18 02:24:00.048415
"Awful place, would not recommend.",2,London Canary Wharf,2024-07-18 02:24:00.048415
Delicious meals and very clean environment.,4,Liverpool Anfield,2024-07-18 02:24:00.048415
"Amazing experience, highly recommend.",5,Manchester Central,2024-07-18 02:24:00.048415
"Loved the burgers here, will definitely come back.",4,Leeds City Centre,2024-07-18 02:24:00.048415
"Amazing experience, highly recommend.",4,London Canary Wharf,2024-07-18 02:24:00.048415
"Awful place, would not recommend.",1,Sheffield City Centre,2024-07-18 02:24:00.048415
"Great place for a quick bite, friendly staff.",4,London Chelsea,2024-07-18 02:24:00.048415
"Decent place, but I've had better.",3,London Soho,2024-07-18 02:24:00.048415
"Great place for a quick bite, friendly staff.",5,Birmingham Solihull,2024-07-18 02:24:00.048415
"Loved the burgers here, will definitely come back.",5,London Hackney,2024-07-18 02:24:00.048415
Fantastic food and great service!,5,Manchester Didsbury,2024-07-18 02:24:00.048415
"Loved the burgers here, will definitely come back.",4,Sheffield Ecclesall Road,2024-07-18 02:24:00.048415
Delicious meals and very clean environment.,5,London Chelsea,2024-07-18 02:24:00.048415
Fantastic food and great service!,4,Leeds City Centre,2024-07-18 02:24:00.048415
Delicious meals and very clean environment.,5,Sheffield Ecclesall Road,2024-07-19 02:24:00.048415
"Loved the burgers here, will definitely come back.",5,London Chelsea,2024-07-19 02:24:00.048415
Fantastic food and great service!,5,Birmingham Edgbaston,2024-07-19 02:24:00.048415
Fantastic food and great service!,5,Edinburgh Old Town,2024-07-19 02:24:00.048415
"Poor quality food, waste of money.",2,London Chelsea,2024-07-19 02:24:00.048415
"Amazing experience, highly recommend.",5,Manchester Salford,2024-07-19 02:24:00.048415
"Average experience, not bad but not great.",3,Sheffield City Centre,2024-07-19 02:24:00.048415
Delicious meals and very clean environment.,4,Liverpool City Centre,2024-07-19 02:24:00.048415
"Poor quality food, waste of money.",1,London Camden,2024-07-19 02:24:00.048415
"Great place for a quick bite, friendly staff.",5,Leeds City Centre,2024-07-19 02:24:00.048415
"Amazing experience, highly recommend.",4,Liverpool Anfield,2024-07-19 02:24:00.048415
Fantastic food and great service!,4,Sheffield Ecclesall Road,2024-07-19 02:24:00.048415
"Amazing experience, highly recommend.",5,Manchester Didsbury,2024-07-19 02:24:00.048415
"Loved the burgers here, will definitely come back.",5,Cardiff Bay,2024-07-19 02:24:00.048415
"Awful place, would not recommend.",1,Sheffield Ecclesall Road,2024-07-19 02:24:00.048415
Rude staff and long waiting times.,1,London Canary Wharf,2024-07-19 02:24:00.048415
"Food was okay, nothing special.",3,Birmingham Edgbaston,2024-07-19 02:24:00.048415
Rude staff and long waiting times.,2,Liverpool Anfield,2024-07-19 02:24:00.048415
"Great place for a quick bite, friendly staff.",5,Sheffield Ecclesall Road,2024-07-19 02:24:00.048415
Fantastic food and great service!,5,Birmingham Edgbaston,2024-07-19 02:24:00.048415
"Poor quality food, waste of money.",1,London Camden,2024-07-19 02:24:00.048415
"Loved the burgers here, will definitely come back.",4,Birmingham Edgbaston,2024-07-19 02:24:00.048415
"Amazing experience, highly recommend.",4,Manchester Salford,2024-07-19 02:24:00.048415
"Very disappointing experience, will not return.",2,Manchester Didsbury,2024-07-19 02:24:00.048415
Fantastic food and great service!,5,Birmingham City Centre,2024-07-19 02:24:00.048415
"Amazing experience, highly recommend.",5,Glasgow City Centre,2024-07-19 02:24:00.048415
"Great place for a quick bite, friendly staff.",4,Glasgow City Centre,2024-07-19 02:24:00.048415
"Great place for a quick bite, friendly staff.",5,Bristol City Centre,2024-07-19 02:24:00.048415
Terrible service and cold food.,1,Birmingham Solihull,2024-07-19 02:24:00.048415
"Awful place, would not recommend.",2,Edinburgh Old Town,2024-07-19 02:24:00.048415
Fantastic food and great service!,4,Liverpool City Centre,2024-07-19 02:24:00.048415
"Poor quality food, waste of money.",1,London Chelsea,2024-07-19 02:24:00.048415
"Great place for a quick bite, friendly staff.",5,Liverpool City Centre,2024-07-19 02:24:00.048415
"Decent place, but I've had better.",3,Birmingham Edgbaston,2024-07-19 02:24:00.048415
Rude staff and long waiting times.,1,Sheffield Ecclesall Road,2024-07-19 02:24:00.048415
"Amazing experience, highly recommend.",5,Cardiff City Centre,2024-07-19 02:24:00.048415
Delicious meals and very clean environment.,4,Cardiff Bay,2024-07-19 02:24:00.048415
"Loved the burgers here, will definitely come back.",5,Leeds Headingley,2024-07-19 02:24:00.048415
"Decent place, but I've had better.",3,London Camden,2024-07-19 02:24:00.048415
"Poor quality food, waste of money.",2,London Canary Wharf,2024-07-19 02:24:00.048415
Fantastic food and great service!,4,London Soho,2024-07-20 02:24:00.048415
"Loved the burgers here, will definitely come back.",4,Glasgow West End,2024-07-20 02:24:00.048415
Terrible service and cold food.,2,Edinburgh Old Town,2024-07-20 02:24:00.048415
"Loved the burgers here, will definitely come back.",5,Sheffield Ecclesall Road,2024-07-20 02:24:00.048415
"Amazing experience, highly recommend.",5,Birmingham City Centre,2024-07-20 02:24:00.048415
"Amazing experience, highly recommend.",5,Cardiff City Centre,2024-07-20 02:24:00.048415
"Awful place, would not recommend.",1,Manchester Salford,2024-07-20 02:24:00.048415
Fantastic food and great service!,5,London Canary Wharf,2024-07-20 02:24:00.048415
"Great place for a quick bite, friendly staff.",5,Edinburgh Old Town,2024-07-20 02:24:00.048415
"Poor quality food, waste of money.",1,Liverpool City Centre,2024-07-20 02:24:00.048415
"Food was okay, nothing special.",3,Edinburgh New Town,2024-07-20 02:24:00.048415
"Food was okay, nothing special.",3,Manchester Didsbury,2024-07-20 02:24:00.048415
"Decent place, but I've had better.",3,London Hackney,2024-07-20 02:24:00.048415
Delicious meals and very clean environment.,4,Manchester Didsbury,2024-07-20 02:24:00.048415
"Great place for a quick bite, friendly staff.",5,Edinburgh Old Town,2024-07-20 02:24:00.048415
"Great place for a quick bite, friendly staff.",5,London Hackney,2024-07-20 02:24:00.048415
"Loved the burgers here, will definitely come back.",4,Manchester Didsbury,2024-07-20 02:24:00.048415
"Great place for a quick bite, friendly staff.",4,Manchester Salford,2024-07-20 02:24:00.048415
Fantastic food and great service!,4,London Canary Wharf,2024-07-20 02:24:00.048415
Delicious meals and very clean environment.,4,Birmingham City Centre,2024-07-20 02:24:00.048415
"Loved the burgers here, will definitely come back.",4,Birmingham Edgbaston,2024-07-20 02:24:00.048415
"Food was okay, nothing special.",3,Sheffield Ecclesall Road,2024-07-20 02:24:00.048415
"Very disappointing experience, will not return.",1,London Hackney,2024-07-20 02:24:00.048415
Delicious meals and very clean environment.,4,London Hackney,2024-07-20 02:24:00.048415
Rude staff and long waiting times.,1,Sheffield City Centre,2024-07-20 02:24:00.048415
"Poor quality food, waste of money.",1,Liverpool Anfield,2024-07-20 02:24:00.048415
"Loved the burgers here, will definitely come back.",4,London Hackney,2024-07-20 02:24:00.048415
Fantastic food and great service!,4,Birmingham Solihull,2024-07-20 02:24:00.048415
"Very disappointing experience, will not return.",1,Liverpool City Centre,2024-07-20 02:24:00.048415
Terrible service and cold food.,2,Glasgow City Centre,2024-07-20 02:24:00.048415
"Loved the burgers here, will definitely come back.",5,Cardiff City Centre,2024-07-20 02:24:00.048415
"Amazing experience, highly recommend.",4,London Soho,2024-07-20 02:24:00.048415
"Loved the burgers here, will definitely come back.",5,Birmingham Edgbaston,2024-07-20 02:24:00.048415
Rude staff and long waiting times.,1,London Camden,2024-07-20 02:24:00.048415
Rude staff and long waiting times.,2,Manchester Salford,2024-07-20 02:24:00.048415
Fantastic food and great service!,4,Birmingham Edgbaston,2024-07-20 02:24:00.048415
Fantastic food and great service!,5,Birmingham Edgbaston,2024-07-20 02:24:00.048415
"Loved the burgers here, will definitely come back.",4,Sheffield Ecclesall Road,2024-07-20 02:24:00.048415
Rude staff and long waiting times.,2,Glasgow City Centre,2024-07-20 02:24:00.048415
"Amazing experience, highly recommend.",4,London Chelsea,2024-07-20 02:24:00.048415
"Loved the burgers here, will definitely come back.",5,London Soho,2024-07-20 02:24:00.048415
Fantastic food and great service!,5,Cardiff Bay,2024-07-20 02:24:00.048415
"Loved the burgers here, will definitely come back.",4,London Hackney,2024-07-20 02:24:00.048415
Fantastic food and great service!,5,Bristol City Centre,2024-07-20 02:24:00.048415
Fantastic food and great service!,5,Manchester Central,2024-07-20 02:24:00.048415
Delicious meals and very clean environment.,5,Cardiff City Centre,2024-07-21 02:24:00.048415
"Amazing experience, highly recommend.",4,Birmingham Solihull,2024-07-21 02:24:00.048415
"Great place for a quick bite, friendly staff.",4,London Camden,2024-07-21 02:24:00.048415
"Amazing experience, highly recommend.",5,Bristol Clifton,2024-07-21 02:24:00.048415
"Loved the burgers here, will definitely come back.",4,London Canary Wharf,2024-07-21 02:24:00.048415
Fantastic food and great service!,4,Birmingham City Centre,2024-07-21 02:24:00.048415
Delicious meals and very clean environment.,5,Bristol Clifton,2024-07-21 02:24:00.048415
"Amazing experience, highly recommend.",5,Sheffield Ecclesall Road,2024-07-21 02:24:00.048415
Fantastic food and great service!,4,London Camden,2024-07-21 02:24:00.048415
"Loved the burgers here, will definitely come back.",4,Manchester Salford,2024-07-21 02:24:00.048415
Delicious meals and very clean environment.,4,London Canary Wharf,2024-07-21 02:24:00.048415
"Amazing experience, highly recommend.",4,London Camden,2024-07-21 02:24:00.048415
"Amazing experience, highly recommend.",5,London Canary Wharf,2024-07-21 02:24:00.048415
"Amazing experience, highly recommend.",5,London Chelsea,2024-07-21 02:24:00.048415
"Amazing experience, highly recommend.",5,Birmingham Solihull,2024-07-21 02:24:00.048415
Delicious meals and very clean environment.,4,Edinburgh New Town,2024-07-21 02:24:00.048415
"Decent place, but I've had better.",3,Manchester Salford,2024-07-21 02:24:00.048415
"Average experience, not bad but not great.",3,Birmingham Solihull,2024-07-21 02:24:00.048415
"Awful place, would not recommend.",2,London Chelsea,2024-07-21 02:24:00.048415
"Awful place, would not recommend.",2,Liverpool City Centre,2024-07-21 02:24:00.048415
"Great place for a quick bite, friendly staff.",5,London Chelsea,2024-07-21 02:24:00.048415
"Great place for a quick bite, friendly staff.",5,Manchester Salford,2024-07-21 02:24:00.048415
"Amazing experience, highly recommend.",5,Birmingham Edgbaston,2024-07-21 02:24:00.048415
Fantastic food and great service!,4,London Soho,2024-07-21 02:24:00.048415
"Amazing experience, highly recommend.",4,London Camden,2024-07-21 02:24:00.048415
Fantastic food and great service!,5,London Hackney,2024-07-21 02:24:00.048415
Fantastic food and great service!,4,Glasgow City Centre,2024-07-21 02:24:00.048415
Fantastic food and great service!,4,Birmingham Edgbaston,2024-07-21 02:24:00.048415
"Decent place, but I've had better.",3,Leeds City Centre,2024-07-21 02:24:00.048415
"Loved the burgers here, will definitely come back.",5,London Canary Wharf,2024-07-21 02:24:00.048415
"Great place for a quick bite, friendly staff.",4,London Hackney,2024-07-21 02:24:00.048415
Delicious meals and very clean environment.,5,London Hackney,2024-07-21 02:24:00.048415
"Great place for a quick bite, friendly staff.",4,Birmingham Edgbaston,2024-07-21 02:24:00.048415
"Amazing experience, highly recommend.",4,Edinburgh New Town,2024-07-21 02:24:00.048415
"Poor quality food, waste of money.",2,London Hackney,2024-07-21 02:24:00.048415
"Great place for a quick bite, friendly staff.",5,Leeds City Centre,2024-07-21 02:24:00.048415
Fantastic food and great service!,5,London Soho,2024-07-21 02:24:00.048415
Rude staff and long waiting times.,1,London Chelsea,2024-07-21 02:24:00.048415
"Food was okay, nothing special.",3,London Chelsea,2024-07-21 02:24:00.048415
"Poor quality food, waste of money.",2,London Hackney,2024-07-21 02:24:00.048415
"Great place for a quick bite, friendly staff.",4,Bristol Clifton,2024-07-21 02:24:00.048415
"Loved the burgers here, will definitely come back.",5,London Camden,2024-07-21 02:24:00.048415
"Decent place, but I've had better.",3,London Canary Wharf,2024-07-21 02:24:00.048415
Delicious meals and very clean environment.,4,Manchester Salford,2024-07-21 02:24:00.048415
"Great place for a quick bite, friendly staff.",4,Liverpool City Centre,2024-07-21 02:24:00.048415
Terrible service and cold food.,1,London Chelsea,2024-07-21 02:24:00.048415
"Awful place, would not recommend.",2,Manchester Central,2024-07-21 02:24:00.048415
Delicious meals and very clean environment.,5,London Soho,2024-07-21 02:24:00.048415
Fantastic food and great service!,4,Liverpool Anfield,2024-07-21 02:24:00.048415
Rude staff and long waiting times.,2,Birmingham Solihull,2024-07-21 02:24:00.048415
"Awful place, would not recommend.",2,Edinburgh Old Town,2024-07-21 02:24:00.048415
Fantastic food and great service!,4,London Hackney,2024-07-21 02:24:00.048415
"Loved the burgers here, will definitely come back.",5,London Hackney,2024-07-21 02:24:00.048415
"Amazing experience, highly recommend.",5,London Hackney,2024-07-21 02:24:00.048415
"Great place for a quick bite, friendly staff.",5,London Hackney,2024-07-21 02:24:00.048415
Fantastic food and great service!,5,Liverpool City Centre,2024-07-21 02:24:00.048415
"Great place for a quick bite, friendly staff.",5,Manchester Didsbury,2024-07-21 02:24:00.048415
"Great place for a quick bite, friendly staff.",5,London Canary Wharf,2024-07-22 02:24:00.048415
Delicious meals and very clean environment.,5,London Camden,2024-07-22 02:24:00.048415
"Loved the burgers here, will definitely come back.",4,Sheffield City Centre,2024-07-22 02:24:00.048415
"Amazing experience, highly recommend.",4,Bristol City Centre,2024-07-22 02:24:00.048415
"Food was okay, nothing special.",3,London Camden,2024-07-22 02:24:00.048415
Delicious meals and very clean environment.,5,Glasgow West End,2024-07-22 02:24:00.048415
"Amazing experience, highly recommend.",5,Bristol City Centre,2024-07-22 02:24:00.048415
"Amazing experience, highly recommend.",4,London Canary Wharf,2024-07-22 02:24:00.048415
Delicious meals and very clean environment.,5,London Camden,2024-07-22 02:24:00.048415
Fantastic food and great service!,4,Manchester Didsbury,2024-07-22 02:24:00.048415
"Great place for a quick bite, friendly staff.",4,Glasgow West End,2024-07-22 02:24:00.048415
Fantastic food and great service!,5,Bristol City Centre,2024-07-22 02:24:00.048415
"Great place for a quick bite, friendly staff.",5,Birmingham Solihull,2024-07-22 02:24:00.048415
Fantastic food and great service!,4,London Camden,2024-07-22 02:24:00.048415
"Great place for a quick bite, friendly staff.",5,Birmingham Edgbaston,2024-07-22 02:24:00.048415
Fantastic food and great service!,5,Manchester Didsbury,2024-07-22 02:24:00.048415
Fantastic food and great service!,5,Bristol City Centre,2024-07-22 02:24:00.048415
"Amazing experience, highly recommend.",5,Glasgow West End,2024-07-22 02:24:00.048415
"Great place for a quick bite, friendly staff.",5,Birmingham Edgbaston,2024-07-22 02:24:00.048415
"Amazing experience, highly recommend.",5,Glasgow West End,2024-07-22 02:24:00.048415
Fantastic food and great service!,4,London Hackney,2024-07-22 02:24:00.048415
Fantastic food and great service!,4,London Soho,2024-07-22 02:24:00.048415
"Mediocre food, acceptable for a quick meal.",3,Edinburgh Old Town,2024-07-22 02:24:00.048415
"Amazing experience, highly recommend.",4,Manchester Didsbury,2024-07-22 02:24:00.048415
"Loved the burgers here, will definitely come back.",4,London Hackney,2024-07-22 02:24:00.048415
"Amazing experience, highly recommend.",4,London Hackney,2024-07-22 02:24:00.048415
Rude staff and long waiting times.,1,London Soho,2024-07-22 02:24:00.048415
"Food was okay, nothing special.",3,Sheffield Ecclesall Road,2024-07-22 02:24:00.048415
Delicious meals and very clean environment.,4,Birmingham Solihull,2024-07-22 02:24:00.048415
"Great place for a quick bite, friendly staff.",4,Cardiff Bay,2024-07-22 02:24:00.048415
"Loved the burgers here, will definitely come back.",5,London Camden,2024-07-22 02:24:00.048415
"Loved the burgers here, will definitely come back.",5,Bristol City Centre,2024-07-22 02:24:00.048415
Rude staff and long waiting times.,2,London Camden,2024-07-22 02:24:00.048415
"Loved the burgers here, will definitely come back.",4,Sheffield Ecclesall Road,2024-07-22 02:24:00.048415
Delicious meals and very clean environment.,5,Birmingham City Centre,2024-07-22 02:24:00.048415
Delicious meals and very clean environment.,4,Birmingham City Centre,2024-07-22 02:24:00.048415
Fantastic food and great service!,4,Manchester Central,2024-07-22 02:24:00.048415
Terrible service and cold food.,1,London Camden,2024-07-22 02:24:00.048415
"Awful place, would not recommend.",1,Manchester Didsbury,2024-07-22 02:24:00.048415
"Loved the burgers here, will definitely come back.",4,London Camden,2024-07-22 02:24:00.048415
"Awful place, would not recommend.",2,London Camden,2024-07-22 02:24:00.048415
"Amazing experience, highly recommend.",5,London Camden,2024-07-22 02:24:00.048415
"Poor quality food, waste of money.",1,Sheffield Ecclesall Road,2024-07-22 02:24:00.048415
Delicious meals and very clean environment.,5,London Camden,2024-07-22 02:24:00.048415
"Loved the burgers here, will definitely come back.",5,London Chelsea,2024-07-22 02:24:00.048415
Delicious meals and very clean environment.,4,London Soho,2024-07-22 02:24:00.048415
Fantastic food and great service!,4,Birmingham Solihull,2024-07-22 02:24:00.048415
"Amazing experience, highly recommend.",4,Birmingham Solihull,2024-07-22 02:24:00.048415
Delicious meals and very clean environment.,5,Liverpool City Centre,2024-07-22 02:24:00.048415
"Amazing experience, highly recommend.",5,Edinburgh Old Town,2024-07-22 02:24:00.048415
Fantastic food and great service!,5,London Camden,2024-07-22 02:24:00.048415
Terrible service and cold food.,1,London Chelsea,2024-07-22 02:24:00.048415
Fantastic food and great service!,5,Birmingham Edgbaston,2024-07-23 02:24:00.048415
Fantastic food and great service!,5,Cardiff Bay,2024-07-23 02:24:00.048415
"Amazing experience, highly recommend.",5,Birmingham Solihull,2024-07-23 02:24:00.048415
"Amazing experience, highly recommend.",5,London Soho,2024-07-23 02:24:00.048415
"Great place for a quick bite, friendly staff.",5,Edinburgh New Town,2024-07-23 02:24:00.048415
"Poor quality food, waste of money.",2,Glasgow West End,2024-07-23 02:24:00.048415
Fantastic food and great service!,4,London Soho,2024-07-23 02:24:00.048415
"Loved the burgers here, will definitely come back.",5,Cardiff City Centre,2024-07-23 02:24:00.048415
"Loved the burgers here, will definitely come back.",5,London Chelsea,2024-07-23 02:24:00.048415
Fantastic food and great service!,4,Sheffield City Centre,2024-07-23 02:24:00.048415
"Great place for a quick bite, friendly staff.",5,Sheffield City Centre,2024-07-23 02:24:00.048415
Delicious meals and very clean environment.,4,Birmingham Edgbaston,2024-07-23 02:24:00.048415
"Great place for a quick bite, friendly staff.",5,Cardiff Bay,2024-07-23 02:24:00.048415
"Average experience, not bad but not great.",3,London Chelsea,2024-07-23 02:24:00.048415
Terrible service and cold food.,2,Glasgow City Centre,2024-07-23 02:24:00.048415
"Amazing experience, highly recommend.",4,Glasgow West End,2024-07-23 02:24:00.048415
Fantastic food and great service!,5,Liverpool City Centre,2024-07-23 02:24:00.048415
"Amazing experience, highly recommend.",4,Glasgow City Centre,2024-07-23 02:24:00.048415
"Mediocre food, acceptable for a quick meal.",3,London Soho,2024-07-23 02:24:00.048415
"Poor quality food, waste of money.",1,Liverpool City Centre,2024-07-23 02:24:00.048415
Terrible service and cold food.,1,London Hackney,2024-07-23 02:24:00.048415
Terrible service and cold food.,2,London Hackney,2024-07-23 02:24:00.048415
Fantastic food and great service!,5,Sheffield Ecclesall Road,2024-07-23 02:24:00.048415
Terrible service and cold food.,2,London Soho,2024-07-23 02:24:00.048415
"It was alright, the service could be better.",3,Manchester Central,2024-07-23 02:24:00.048415
Fantastic food and great service!,5,Birmingham Solihull,2024-07-23 02:24:00.048415
"Loved the burgers here, will definitely come back.",5,Sheffield City Centre,2024-07-23 02:24:00.048415
"Great place for a quick bite, friendly staff.",4,Glasgow City Centre,2024-07-23 02:24:00.048415
Fantastic food and great service!,5,London Chelsea,2024-07-23 02:24:00.048415
Fantastic food and great service!,5,Sheffield Ecclesall Road,2024-07-23 02:24:00.048415
"Great place for a quick bite, friendly staff.",4,Birmingham Solihull,2024-07-23 02:24:00.048415
"Average experience, not bad but not great.",3,Manchester Central,2024-07-23 02:24:00.048415
"It was alright, the service could be better.",3,London Canary Wharf,2024-07-23 02:24:00.048415
"Amazing experience, highly recommend.",4,Glasgow City Centre,2024-07-23 02:24:00.048415
Fantastic food and great service!,5,London Chelsea,2024-07-23 02:24:00.048415
Terrible service and cold food.,1,London Hackney,2024-07-23 02:24:00.048415
Fantastic food and great service!,5,London Canary Wharf,2024-07-23 02:24:00.048415
"Great place for a quick bite, friendly staff.",4,Manchester Salford,2024-07-23 02:24:00.048415
Delicious meals and very clean environment.,4,Liverpool City Centre,2024-07-23 02:24:00.048415
Delicious meals and very clean environment.,5,Birmingham Edgbaston,2024-07-23 02:24:00.048415
"Amazing experience, highly recommend.",4,London Soho,2024-07-23 02:24:00.048415
"Awful place, would not recommend.",1,London Canary Wharf,2024-07-23 02:24:00.048415
"Amazing experience, highly recommend.",4,Manchester Didsbury,2024-07-23 02:24:00.048415
Rude staff and long waiting times.,2,Manchester Central,2024-07-23 02:24:00.048415
"Great place for a quick bite, friendly staff.",4,Birmingham Solihull,2024-07-23 02:24:00.048415
"Loved the burgers here, will definitely come back.",4,Cardiff City Centre,2024-07-23 02:24:00.048415
Rude staff and long waiting times.,1,London Camden,2024-07-23 02:24:00.048415
"Amazing experience, highly recommend.",5,London Hackney,2024-07-23 02:24:00.048415
Delicious meals and very clean environment.,4,Leeds City Centre,2024-07-23 02:24:00.048415
"Decent place, but I've had better.",3,Birmingham City Centre,2024-07-23 02:24:00.048415
"Amazing experience, highly recommend.",5,Birmingham City Centre,2024-07-23 02:24:00.048415
"Poor quality food, waste of money.",1,Manchester Didsbury,2024-07-23 02:24:00.048415
"Great place for a quick bite, friendly staff.",4,London Hackney,2024-07-24 02:24:00.048415
Delicious meals and very clean environment.,5,London Hackney,2024-07-24 02:24:00.048415
"Loved the burgers here, will definitely come back.",5,Manchester Didsbury,2024-07-24 02:24:00.048415
"Amazing experience, highly recommend.",4,Birmingham Solihull,2024-07-24 02:24:00.048415
Rude staff and long waiting times.,2,Edinburgh New Town,2024-07-24 02:24:00.048415
"Very disappointing experience, will not return.",2,Cardiff City Centre,2024-07-24 02:24:00.048415
"Awful place, would not recommend.",1,Manchester Didsbury,2024-07-24 02:24:00.048415
"Loved the burgers here, will definitely come back.",5,Liverpool City Centre,2024-07-24 02:24:00.048415
Delicious meals and very clean environment.,4,Leeds Headingley,2024-07-24 02:24:00.048415
Delicious meals and very clean environment.,4,Leeds City Centre,2024-07-24 02:24:00.048415
Terrible service and cold food.,1,Bristol Clifton,2024-07-24 02:24:00.048415
Delicious meals and very clean environment.,5,London Chelsea,2024-07-24 02:24:00.048415
"Great place for a quick bite, friendly staff.",5,Sheffield City Centre,2024-07-24 02:24:00.048415
"Amazing experience, highly recommend.",4,Birmingham Solihull,2024-07-24 02:24:00.048415
"Loved the burgers here, will definitely come back.",4,Manchester Salford,2024-07-24 02:24:00.048415
"Very disappointing experience, will not return.",1,Glasgow West End,2024-07-24 02:24:00.048415
"Great place for a quick bite, friendly staff.",5,London Chelsea,2024-07-24 02:24:00.048415
Delicious meals and very clean environment.,5,London Canary Wharf,2024-07-24 02:24:00.048415
"Very disappointing experience, will not return.",1,Birmingham Solihull,2024-07-24 02:24:00.048415
Fantastic food and great service!,4,Sheffield Ecclesall Road,2024-07-24 02:24:00.048415
"Amazing experience, highly recommend.",5,Birmingham City Centre,2024-07-24 02:24:00.048415
"Awful place, would not recommend.",1,Cardiff City Centre,2024-07-24 02:24:00.048415
"Amazing experience, highly recommend.",4,Sheffield City Centre,2024-07-24 02:24:00.048415
"Mediocre food, acceptable for a quick meal.",3,Birmingham City Centre,2024-07-24 02:24:00.048415
Fantastic food and great service!,4,Manchester Salford,2024-07-24 02:24:00.048415
Fantastic food and great service!,4,London Hackney,2024-07-24 02:24:00.048415
Fantastic food and great service!,4,Birmingham Edgbaston,2024-07-24 02:24:00.048415
Delicious meals and very clean environment.,5,Sheffield Ecclesall Road,2024-07-24 02:24:00.048415
"Loved the burgers here, will definitely come back.",4,Edinburgh New Town,2024-07-24 02:24:00.048415
"Average experience, not bad but not great.",3,London Hackney,2024-07-24 02:24:00.048415
"Loved the burgers here, will definitely come back.",5,London Hackney,2024-07-24 02:24:00.048415
"Awful place, would not recommend.",1,London Canary Wharf,2024-07-24 02:24:00.048415
Delicious meals and very clean environment.,5,Birmingham Edgbaston,2024-07-24 02:24:00.048415
"Great place for a quick bite, friendly staff.",5,London Canary Wharf,2024-07-24 02:24:00.048415
Delicious meals and very clean environment.,5,London Chelsea,2024-07-24 02:24:00.048415
"Great place for a quick bite, friendly staff.",4,Bristol Clifton,2024-07-24 02:24:00.048415
"Food was okay, nothing special.",3,London Soho,2024-07-24 02:24:00.048415
"Great place for a quick bite, friendly staff.",4,Bristol Clifton,2024-07-24 02:24:00.048415
Delicious meals and very clean environment.,5,Cardiff City Centre,2024-07-24 02:24:00.048415
Delicious meals and very clean environment.,5,Manchester Central,2024-07-24 02:24:00.048415
"Poor quality food, waste of money.",1,Bristol City Centre,2024-07-24 02:24:00.048415
Delicious meals and very clean environment.,5,London Canary Wharf,2024-07-24 02:24:00.048415
"Poor quality food, waste of money.",1,Cardiff City Centre,2024-07-24 02:24:00.048415
"Awful place, would not recommend.",2,Manchester Salford,2024-07-24 02:24:00.048415
Fantastic food and great service!,5,London Soho,2024-07-24 02:24:00.048415
"Amazing experience, highly recommend.",5,Cardiff City Centre,2024-07-24 02:24:00.048415
"Great place for a quick bite, friendly staff.",5,Cardiff Bay,2024-07-25 02:24:00.048415
Rude staff and long waiting times.,2,Glasgow City Centre,2024-07-25 02:24:00.048415
"Great place for a quick bite, friendly staff.",5,Manchester Central,2024-07-25 02:24:00.048415
"Great place for a quick bite, friendly staff.",4,Birmingham Solihull,2024-07-25 02:24:00.048415
"Poor quality food, waste of money.",2,London Hackney,2024-07-25 02:24:00.048415
"Amazing experience, highly recommend.",5,Sheffield Ecclesall Road,2024-07-25 02:24:00.048415
"Loved the burgers here, will definitely come back.",4,Birmingham Solihull,2024-07-25 02:24:00.048415
Fantastic food and great service!,4,Manchester Central,2024-07-25 02:24:00.048415
Fantastic food and great service!,5,London Canary Wharf,2024-07-25 02:24:00.048415
Terrible service and cold food.,1,Liverpool City Centre,2024-07-25 02:24:00.048415
"It was alright, the service could be better.",3,Cardiff City Centre,2024-07-25 02:24:00.048415
"Great place for a quick bite, friendly staff.",4,London Soho,2024-07-25 02:24:00.048415
"Loved the burgers here, will definitely come back.",5,London Chelsea,2024-07-25 02:24:00.048415
Delicious meals and very clean environment.,5,Edinburgh New Town,2024-07-25 02:24:00.048415
"Mediocre food, acceptable for a quick meal.",3,Bristol City Centre,2024-07-25 02:24:00.048415
"Loved the burgers here, will definitely come back.",5,Birmingham City Centre,2024-07-25 02:24:00.048415
"Great place for a quick bite, friendly staff.",4,Bristol Clifton,2024-07-25 02:24:00.048415
"Amazing experience, highly recommend.",4,Liverpool Anfield,2024-07-25 02:24:00.048415
Delicious meals and very clean environment.,5,Manchester Salford,2024-07-25 02:24:00.048415
Delicious meals and very clean environment.,4,Birmingham Edgbaston,2024-07-25 02:24:00.048415
"Food was okay, nothing special.",3,Birmingham City Centre,2024-07-25 02:24:00.048415
"Mediocre food, acceptable for a quick meal.",3,London Hackney,2024-07-25 02:24:00.048415
"Amazing experience, highly recommend.",5,London Camden,2024-07-25 02:24:00.048415
Fantastic food and great service!,4,London Hackney,2024-07-25 02:24:00.048415
Terrible service and cold food.,2,Liverpool Anfield,2024-07-25 02:24:00.048415
Delicious meals and very clean environment.,5,Edinburgh Old Town,2024-07-25 02:24:00.048415
"Food was okay, nothing special.",3,Manchester Salford,2024-07-25 02:24:00.048415
"Great place for a quick bite, friendly staff.",4,Glasgow West End,2024-07-25 02:24:00.048415
Delicious meals and very clean environment.,5,London Canary Wharf,2024-07-25 02:24:00.048415
"Amazing experience, highly recommend.",5,London Chelsea,2024-07-25 02:24:00.048415
Fantastic food and great service!,4,Liverpool Anfield,2024-07-25 02:24:00.048415
Delicious meals and very clean environment.,4,Birmingham Edgbaston,2024-07-25 02:24:00.048415
"Loved the burgers here, will definitely come back.",4,Leeds Headingley,2024-07-25 02:24:00.048415
Fantastic food and great service!,5,Bristol City Centre,2024-07-25 02:24:00.048415
Terrible service and cold food.,1,London Hackney,2024-07-25 02:24:00.048415
Delicious meals and very clean environment.,5,Birmingham City Centre,2024-07-25 02:24:00.048415
Fantastic food and great service!,4,London Camden,2024-07-25 02:24:00.048415
Fantastic food and great service!,4,Leeds City Centre,2024-07-25 02:24:00.048415
"Amazing experience, highly recommend.",4,London Chelsea,2024-07-25 02:24:00.048415
Delicious meals and very clean environment.,5,London Hackney,2024-07-25 02:24:00.048415
"Loved the burgers here, will definitely come back.",5,London Chelsea,2024-07-25 02:24:00.048415
"Loved the burgers here, will definitely come back.",5,Manchester Salford,2024-07-25 02:24:00.048415
"It was alright, the service could be better.",3,Birmingham Solihull,2024-07-25 02:24:00.048415
Delicious meals and very clean environment.,5,London Hackney,2024-07-25 02:24:00.048415
Fantastic food and great service!,5,London Canary Wharf,2024-07-25 02:24:00.048415
"Mediocre food, acceptable for a quick meal.",3,London Chelsea,2024-07-25 02:24:00.048415
Fantastic food and great service!,4,London Soho,2024-07-25 02:24:00.048415
"Mediocre food, acceptable for a quick meal.",3,Manchester Central,2024-07-26 02:24:00.048415
Delicious meals and very clean environment.,5,London Camden,2024-07-26 02:24:00.048415
"Awful place, would not recommend.",2,Leeds Headingley,2024-07-26 02:24:00.048415
Fantastic food and great service!,5,Birmingham Edgbaston,2024-07-26 02:24:00.048415
Rude staff and long waiting times.,1,Glasgow City Centre,2024-07-26 02:24:00.048415
Fantastic food and great service!,4,London Canary Wharf,2024-07-26 02:24:00.048415
"Amazing experience, highly recommend.",5,Manchester Didsbury,2024-07-26 02:24:00.048415
"Loved the burgers here, will definitely come back.",5,London Canary Wharf,2024-07-26 02:24:00.048415
"Poor quality food, waste of money.",1,London Hackney,2024-07-26 02:24:00.048415
Delicious meals and very clean environment.,5,London Chelsea,2024-07-26 02:24:00.048415
"Awful place, would not recommend.",1,London Hackney,2024-07-26 02:24:00.048415
"Decent place, but I've had better.",3,Glasgow City Centre,2024-07-26 02:24:00.048415
"Loved the burgers here, will definitely come back.",4,Birmingham City Centre,2024-07-26 02:24:00.048415
Fantastic food and great service!,4,Glasgow West End,2024-07-26 02:24:00.048415
"Loved the burgers here, will definitely come back.",4,Birmingham Edgbaston,2024-07-26 02:24:00.048415
"Decent place, but I've had better.",3,Sheffield City Centre,2024-07-26 02:24:00.048415
"Decent place, but I've had better.",3,Manchester Didsbury,2024-07-26 02:24:00.048415
"Great place for a quick bite, friendly staff.",5,Birmingham Solihull,2024-07-26 02:24:00.048415
"Amazing experience, highly recommend.",5,Manchester Salford,2024-07-26 02:24:00.048415
"Amazing experience, highly recommend.",5,Manchester Central,2024-07-26 02:24:00.048415
Fantastic food and great service!,4,Liverpool Anfield,2024-07-26 02:24:00.048415
"Decent place, but I've had better.",3,London Camden,2024-07-26 02:24:00.048415
"Awful place, would not recommend.",1,London Soho,2024-07-26 02:24:00.048415
Terrible service and cold food.,2,Cardiff Bay,2024-07-26 02:24:00.048415
"Loved the burgers here, will definitely come back.",4,Birmingham City Centre,2024-07-26 02:24:00.048415
"Amazing experience, highly recommend.",4,Sheffield City Centre,2024-07-26 02:24:00.048415
"Loved the burgers here, will definitely come back.",5,London Chelsea,2024-07-26 02:24:00.048415
"Loved the burgers here, will definitely come back.",4,London Canary Wharf,2024-07-26 02:24:00.048415
"Great place for a quick bite, friendly staff.",4,London Canary Wharf,2024-07-26 02:24:00.048415
Delicious meals and very clean environment.,4,Bristol Clifton,2024-07-26 02:24:00.048415
Fantastic food and great service!,4,Liverpool Anfield,2024-07-26 02:24:00.048415
"Average experience, not bad but not great.",3,Birmingham Edgbaston,2024-07-26 02:24:00.048415
"Loved the burgers here, will definitely come back.",4,London Chelsea,2024-07-26 02:24:00.048415
"Amazing experience, highly recommend.",5,Sheffield Ecclesall Road,2024-07-26 02:24:00.048415
"Loved the burgers here, will definitely come back.",4,London Soho,2024-07-26 02:24:00.048415
"Very disappointing experience, will not return.",1,Birmingham City Centre,2024-07-26 02:24:00.048415
Delicious meals and very clean environment.,5,Manchester Salford,2024-07-26 02:24:00.048415
"It was alright, the service could be better.",3,Manchester Didsbury,2024-07-26 02:24:00.048415
"Amazing experience, highly recommend.",5,London Hackney,2024-07-26 02:24:00.048415
"Great place for a quick bite, friendly staff.",5,London Soho,2024-07-26 02:24:00.048415
Delicious meals and very clean environment.,5,London Hackney,2024-07-26 02:24:00.048415
Fantastic food and great service!,4,Birmingham City Centre,2024-07-26 02:24:00.048415
Delicious meals and very clean environment.,4,London Camden,2024-07-26 02:24:00.048415
Delicious meals and very clean environment.,4,Birmingham Solihull,2024-07-26 02:24:00.048415
"Loved the burgers here, will definitely come back.",4,Glasgow West End,2024-07-26 02:24:00.048415
"Amazing experience, highly recommend.",4,London Chelsea,2024-07-26 02:24:00.048415
"Amazing experience, highly recommend.",4,London Canary Wharf,2024-07-26 02:24:00.048415
"Amazing experience, highly recommend.",4,Birmingham Edgbaston,2024-07-26 02:24:00.048415
"Loved the burgers here, will definitely come back.",4,Liverpool City Centre,2024-07-26 02:24:00.048415
Rude staff and long waiting times.,1,London Camden,2024-07-26 02:24:00.048415
"Amazing experience, highly recommend.",4,London Soho,2024-07-26 02:24:00.048415
"Average experience, not bad but not great.",3,Birmingham City Centre,2024-07-26 02:24:00.048415
"Food was okay, nothing special.",3,Sheffield Ecclesall Road,2024-07-26 02:24:00.048415
"It was alright, the service could be better.",3,Edinburgh Old Town,2024-07-26 02:24:00.048415
Delicious meals and very clean environment.,4,Bristol City Centre,2024-07-26 02:24:00.048415
"Great place for a quick bite, friendly staff.",4,London Hackney,2024-07-26 02:24:00.048415
"Loved the burgers here, will definitely come back.",5,Manchester Didsbury,2024-07-26 02:24:00.048415
"Loved the burgers here, will definitely come back.",4,London Camden,2024-07-26 02:24:00.048415
"Amazing experience, highly recommend.",5,Birmingham City Centre,2024-07-26 02:24:00.048415
"Loved the burgers here, will definitely come back.",4,Edinburgh Old Town,2024-07-26 02:24:00.048415
Fantastic food and great service!,5,London Chelsea,2024-07-26 02:24:00.048415
"Loved the burgers here, will definitely come back.",5,Birmingham Edgbaston,2024-07-27 02:24:00.048415
Fantastic food and great service!,5,London Canary Wharf,2024-07-27 02:24:00.048415
Fantastic food and great service!,5,Cardiff City Centre,2024-07-27 02:24:00.048415
"Loved the burgers here, will definitely come back.",4,Glasgow West End,2024-07-27 02:24:00.048415
"It was alright, the service could be better.",3,Birmingham Edgbaston,2024-07-27 02:24:00.048415
"Mediocre food, acceptable for a quick meal.",3,Leeds City Centre,2024-07-27 02:24:00.048415
"Great place for a quick bite, friendly staff.",5,Manchester Didsbury,2024-07-27 02:24:00.048415
"Great place for a quick bite, friendly staff.",4,Manchester Central,2024-07-27 02:24:00.048415
Delicious meals and very clean environment.,4,Manchester Central,2024-07-27 02:24:00.048415
"It was alright, the service could be better.",3,Bristol City Centre,2024-07-27 02:24:00.048415
"It was alright, the service could be better.",3,London Soho,2024-07-27 02:24:00.048415
Delicious meals and very clean environment.,4,Manchester Salford,2024-07-27 02:24:00.048415
Delicious meals and very clean environment.,5,Sheffield City Centre,2024-07-27 02:24:00.048415
"Great place for a quick bite, friendly staff.",4,Sheffield City Centre,2024-07-27 02:24:00.048415
Fantastic food and great service!,5,London Camden,2024-07-27 02:24:00.048415
"Amazing experience, highly recommend.",5,Leeds Headingley,2024-07-27 02:24:00.048415
"Great place for a quick bite, friendly staff.",5,London Canary Wharf,2024-07-27 02:24:00.048415
Delicious meals and very clean environment.,4,Manchester Didsbury,2024-07-27 02:24:00.048415
Delicious meals and very clean environment.,4,Sheffield Ecclesall Road,2024-07-27 02:24:00.048415
"Poor quality food, waste of money.",1,London Camden,2024-07-27 02:24:00.048415
Fantastic food and great service!,5,Bristol Clifton,2024-07-27 02:24:00.048415
"Awful place, would not recommend.",2,London Soho,2024-07-27 02:24:00.048415
"Food was okay, nothing special.",3,London Soho,2024-07-27 02:24:00.048415
Fantastic food and great service!,4,Birmingham Solihull,2024-07-27 02:24:00.048415
Fantastic food and great service!,4,Cardiff Bay,2024-07-27 02:24:00.048415
"Loved the burgers here, will definitely come back.",4,Bristol Clifton,2024-07-27 02:24:00.048415
"Amazing experience, highly recommend.",4,Edinburgh New Town,2024-07-27 02:24:00.048415
"Loved the burgers here, will definitely come back.",4,Sheffield City Centre,2024-07-27 02:24:00.048415
Fantastic food and great service!,4,Bristol City Centre,2024-07-27 02:24:00.048415
"Loved the burgers here, will definitely come back.",5,Glasgow City Centre,2024-07-27 02:24:00.048415
"It was alright, the service could be better.",3,Bristol Clifton,2024-07-27 02:24:00.048415
Fantastic food and great service!,5,London Hackney,2024-07-27 02:24:00.048415
"Amazing experience, highly recommend.",5,Bristol Clifton,2024-07-27 02:24:00.048415
"Amazing experience, highly recommend.",4,Manchester Didsbury,2024-07-27 02:24:00.048415
"Loved the burgers here, will definitely come back.",5,London Canary Wharf,2024-07-27 02:24:00.048415
Fantastic food and great service!,5,Manchester Salford,2024-07-27 02:24:00.048415
Delicious meals and very clean environment.,5,London Chelsea,2024-07-27 02:24:00.048415
Delicious meals and very clean environment.,5,London Hackney,2024-07-27 02:24:00.048415
"Great place for a quick bite, friendly staff.",5,Birmingham Solihull,2024-07-27 02:24:00.048415
"Awful place, would not recommend.",2,Glasgow West End,2024-07-27 02:24:00.048415
"Food was okay, nothing special.",3,Birmingham City Centre,2024-07-27 02:24:00.048415
"Food was okay, nothing special.",3,London Chelsea,2024-07-27 02:24:00.048415
"Amazing experience, highly recommend.",5,London Canary Wharf,2024-07-27 02:24:00.048415
"Amazing experience, highly recommend.",4,Birmingham Edgbaston,2024-07-27 02:24:00.048415
"Loved the burgers here, will definitely come back.",4,Liverpool City Centre,2024-07-27 02:24:00.048415
Fantastic food and great service!,5,Birmingham Solihull,2024-07-27 02:24:00.048415
"Amazing experience, highly recommend.",5,Manchester Central,2024-07-27 02:24:00.048415
Delicious meals and very clean environment.,5,London Canary Wharf,2024-07-27 02:24:00.048415
"Loved the burgers here, will definitely come back.",4,Liverpool City Centre,2024-07-27 02:24:00.048415
"Great place for a quick bite, friendly staff.",5,London Soho,2024-07-27 02:24:00.048415
"Loved the burgers here, will definitely come back.",4,Cardiff Bay,2024-07-27 02:24:00.048415
"Food was okay, nothing special.",3,London Canary Wharf,2024-07-27 02:24:00.048415
"Great place for a quick bite, friendly staff.",5,London Soho,2024-07-27 02:24:00.048415
Delicious meals and very clean environment.,4,London Canary Wharf,2024-07-27 02:24:00.048415
"Loved the burgers here, will definitely come back.",5,London Hackney,2024-07-27 02:24:00.048415
Rude staff and long waiting times.,1,London Camden,2024-07-28 02:24:00.048415
"Amazing experience, highly recommend.",5,Birmingham Solihull,2024-07-28 02:24:00.048415
"Amazing experience, highly recommend.",4,London Soho,2024-07-28 02:24:00.048415
"Great place for a quick bite, friendly staff.",5,Birmingham Edgbaston,2024-07-28 02:24:00.048415
Fantastic food and great service!,4,Manchester Salford,2024-07-28 02:24:00.048415
"Loved the burgers here, will definitely come back.",4,London Camden,2024-07-28 02:24:00.048415
"Great place for a quick bite, friendly staff.",5,London Soho,2024-07-28 02:24:00.048415
Fantastic food and great service!,5,London Chelsea,2024-07-28 02:24:00.048415
"Great place for a quick bite, friendly staff.",4,Edinburgh Old Town,2024-07-28 02:24:00.048415
"Great place for a quick bite, friendly staff.",5,Leeds City Centre,2024-07-28 02:24:00.048415
Rude staff and long waiting times.,2,London Canary Wharf,2024-07-28 02:24:00.048415
"It was alright, the service could be better.",3,London Camden,2024-07-28 02:24:00.048415
"Amazing experience, highly recommend.",5,London Canary Wharf,2024-07-28 02:24:00.048415
"Great place for a quick bite, friendly staff.",4,Birmingham Solihull,2024-07-28 02:24:00.048415
"Decent place, but I've had better.",3,Birmingham Solihull,2024-07-28 02:24:00.048415
Rude staff and long waiting times.,1,Leeds City Centre,2024-07-28 02:24:00.048415
Rude staff and long waiting times.,2,Bristol City Centre,2024-07-28 02:24:00.048415
Terrible service and cold food.,1,Sheffield City Centre,2024-07-28 02:24:00.048415
Delicious meals and very clean environment.,5,Glasgow City Centre,2024-07-28 02:24:00.048415
"Great place for a quick bite, friendly staff.",4,London Camden,2024-07-28 02:24:00.048415
"Awful place, would not recommend.",1,Leeds City Centre,2024-07-28 02:24:00.048415
"Poor quality food, waste of money.",1,Cardiff City Centre,2024-07-28 02:24:00.048415
Rude staff and long waiting times.,2,Liverpool Anfield,2024-07-28 02:24:00.048415
"Great place for a quick bite, friendly staff.",4,London Hackney,2024-07-28 02:24:00.048415
"Amazing experience, highly recommend.",5,Glasgow West End,2024-07-28 02:24:00.048415
"Loved the burgers here, will definitely come back.",5,London Chelsea,2024-07-28 02:24:00.048415
"Loved the burgers here, will definitely come back.",4,Edinburgh Old Town,2024-07-28 02:24:00.048415
"Great place for a quick bite, friendly staff.",4,Birmingham City Centre,2024-07-28 02:24:00.048415
Fantastic food and great service!,5,Manchester Central,2024-07-28 02:24:00.048415
Delicious meals and very clean environment.,5,Cardiff Bay,2024-07-28 02:24:00.048415
Delicious meals and very clean environment.,5,London Canary Wharf,2024-07-28 02:24:00.048415
Fantastic food and great service!,4,Leeds City Centre,2024-07-28 02:24:00.048415
Fantastic food and great service!,5,Edinburgh Old Town,2024-07-28 02:24:00.048415
Fantastic food and great service!,4,Leeds Headingley,2024-07-28 02:24:00.048415
Delicious meals and very clean environment.,4,Manchester Salford,2024-07-28 02:24:00.048415
"Amazing experience, highly recommend.",5,London Camden,2024-07-28 02:24:00.048415
Terrible service and cold food.,2,London Soho,2024-07-28 02:24:00.048415
"It was alright, the service could be better.",3,Edinburgh Old Town,2024-07-28 02:24:00.048415
Fantastic food and great service!,5,London Canary Wharf,2024-07-28 02:24:00.048415
"Loved the burgers here, will definitely come back.",5,Manchester Didsbury,2024-07-28 02:24:00.048415
Fantastic food and great service!,4,Edinburgh New Town,2024-07-28 02:24:00.048415
"Great place for a quick bite, friendly staff.",5,Liverpool Anfield,2024-07-28 02:24:00.048415
Rude staff and long waiting times.,1,Leeds City Centre,2024-07-28 02:24:00.048415
"Average experience, not bad but not great.",3,London Canary Wharf,2024-07-28 02:24:00.048415
Fantastic food and great service!,5,Birmingham Solihull,2024-07-28 02:24:00.048415
"Loved the burgers here, will definitely come back.",4,Edinburgh Old Town,2024-07-28 02:24:00.048415
"Loved the burgers here, will definitely come back.",4,Birmingham Edgbaston,2024-07-28 02:24:00.048415
"Awful place, would not recommend.",1,Bristol City Centre,2024-07-28 02:24:00.048415
Fantastic food and great service!,5,London Camden,2024-07-28 02:24:00.048415
"Great place for a quick bite, friendly staff.",4,Cardiff Bay,2024-07-28 02:24:00.048415
"Average experience, not bad but not great.",3,London Hackney,2024-07-28 02:24:00.048415
"Food was okay, nothing special.",3,Manchester Central,2024-07-28 02:24:00.048415
"Food was okay, nothing special.",3,Leeds City Centre,2024-07-28 02:24:00.048415
"Loved the burgers here, will definitely come back.",5,Birmingham Edgbaston,2024-07-28 02:24:00.048415
Delicious meals and very clean environment.,4,London Chelsea,2024-07-28 02:24:00.048415
Terrible service and cold food.,1,Birmingham Solihull,2024-07-28 02:24:00.048415
Terrible service and cold food.,2,London Chelsea,2024-07-28 02:24:00.048415
Terrible service and cold food.,1,Sheffield Ecclesall Road,2024-07-28 02:24:00.048415
Fantastic food and great service!,4,London Canary Wharf,2024-07-29 02:24:00.048415
"Amazing experience, highly recommend.",5,Glasgow City Centre,2024-07-29 02:24:00.048415
"Great place for a quick bite, friendly staff.",5,London Chelsea,2024-07-29 02:24:00.048415
"Amazing experience, highly recommend.",5,Edinburgh New Town,2024-07-29 02:24:00.048415
Delicious meals and very clean environment.,5,Birmingham Edgbaston,2024-07-29 02:24:00.048415
Fantastic food and great service!,5,Manchester Didsbury,2024-07-29 02:24:00.048415
Fantastic food and great service!,4,Liverpool City Centre,2024-07-29 02:24:00.048415
"Amazing experience, highly recommend.",4,Liverpool City Centre,2024-07-29 02:24:00.048415
"Amazing experience, highly recommend.",5,London Chelsea,2024-07-29 02:24:00.048415
Fantastic food and great service!,4,Manchester Salford,2024-07-29 02:24:00.048415
Rude staff and long waiting times.,1,Liverpool Anfield,2024-07-29 02:24:00.048415
"Loved the burgers here, will definitely come back.",5,Manchester Didsbury,2024-07-29 02:24:00.048415
Fantastic food and great service!,4,Birmingham City Centre,2024-07-29 02:24:00.048415
"Mediocre food, acceptable for a quick meal.",3,Edinburgh New Town,2024-07-29 02:24:00.048415
"Great place for a quick bite, friendly staff.",5,London Camden,2024-07-29 02:24:00.048415
Delicious meals and very clean environment.,5,Manchester Central,2024-07-29 02:24:00.048415
"Great place for a quick bite, friendly staff.",4,Edinburgh Old Town,2024-07-29 02:24:00.048415
Delicious meals and very clean environment.,4,Manchester Didsbury,2024-07-29 02:24:00.048415
"Awful place, would not recommend.",1,London Hackney,2024-07-29 02:24:00.048415
Delicious meals and very clean environment.,4,Birmingham Edgbaston,2024-07-29 02:24:00.048415
"Loved the burgers here, will definitely come back.",4,London Chelsea,2024-07-29 02:24:00.048415
Fantastic food and great service!,4,Manchester Central,2024-07-29 02:24:00.048415
"Loved the burgers here, will definitely come back.",4,Leeds City Centre,2024-07-29 02:24:00.048415
"Loved the burgers here, will definitely come back.",5,Manchester Salford,2024-07-29 02:24:00.048415
Fantastic food and great service!,5,London Hackney,2024-07-29 02:24:00.048415
"Poor quality food, waste of money.",2,London Canary Wharf,2024-07-29 02:24:00.048415
"Loved the burgers here, will definitely come back.",4,London Camden,2024-07-29 02:24:00.048415
"Loved the burgers here, will definitely come back.",4,Birmingham Solihull,2024-07-29 02:24:00.048415
"Amazing experience, highly recommend.",4,London Soho,2024-07-29 02:24:00.048415
"Great place for a quick bite, friendly staff.",5,Glasgow West End,2024-07-29 02:24:00.048415
"Great place for a quick bite, friendly staff.",5,London Camden,2024-07-29 02:24:00.048415
Terrible service and cold food.,1,Manchester Didsbury,2024-07-29 02:24:00.048415
"Loved the burgers here, will definitely come back.",4,Liverpool City Centre,2024-07-29 02:24:00.048415
"Great place for a quick bite, friendly staff.",5,Sheffield Ecclesall Road,2024-07-29 02:24:00.048415
"Mediocre food, acceptable for a quick meal.",3,London Hackney,2024-07-29 02:24:00.048415
"Loved the burgers here, will definitely come back.",5,Bristol Clifton,2024-07-29 02:24:00.048415
"Average experience, not bad but not great.",3,Birmingham City Centre,2024-07-29 02:24:00.048415
"Great place for a quick bite, friendly staff.",5,London Soho,2024-07-29 02:24:00.048415
"Awful place, would not recommend.",1,Manchester Didsbury,2024-07-29 02:24:00.048415
Rude staff and long waiting times.,1,Liverpool City Centre,2024-07-29 02:24:00.048415
"Loved the burgers here, will definitely come back.",5,London Soho,2024-07-29 02:24:00.048415
"Loved the burgers here, will definitely come back.",5,Sheffield Ecclesall Road,2024-07-29 02:24:00.048415
"Amazing experience, highly recommend.",5,London Chelsea,2024-07-29 02:24:00.048415
"Loved the burgers here, will definitely come back.",4,Liverpool City Centre,2024-07-29 02:24:00.048415
Rude staff and long waiting times.,1,Glasgow City Centre,2024-07-29 02:24:00.048415
Fantastic food and great service!,5,London Soho,2024-07-29 02:24:00.048415
"Loved the burgers here, will definitely come back.",5,London Chelsea,2024-07-29 02:24:00.048415
"Poor quality food, waste of money.",1,London Camden,2024-07-29 02:24:00.048415
Terrible service and cold food.,1,London Hackney,2024-07-29 02:24:00.048415
Fantastic food and great service!,4,Birmingham Solihull,2024-07-29 02:24:00.048415
"Very disappointing experience, will not return.",2,London Canary Wharf,2024-07-29 02:24:00.048415
Delicious meals and very clean environment.,5,Glasgow City Centre,2024-07-29 02:24:00.048415
"Loved the burgers here, will definitely come back.",5,Sheffield City Centre,2024-07-29 02:24:00.048415
"It was alright, the service could be better.",3,Bristol City Centre,2024-07-30 02:24:00.048415
"Great place for a quick bite, friendly staff.",4,London Canary Wharf,2024-07-30 02:24:00.048415
Delicious meals and very clean environment.,5,Birmingham Edgbaston,2024-07-30 02:24:00.048415
Delicious meals and very clean environment.,4,Manchester Didsbury,2024-07-30 02:24:00.048415
"Food was okay, nothing special.",3,London Camden,2024-07-30 02:24:00.048415
"Very disappointing experience, will not return.",2,Bristol City Centre,2024-07-30 02:24:00.048415
"Amazing experience, highly recommend.",5,London Hackney,2024-07-30 02:24:00.048415
"Great place for a quick bite, friendly staff.",4,Manchester Salford,2024-07-30 02:24:00.048415
"Amazing experience, highly recommend.",5,London Hackney,2024-07-30 02:24:00.048415
"Loved the burgers here, will definitely come back.",4,Bristol City Centre,2024-07-30 02:24:00.048415
Delicious meals and very clean environment.,5,Birmingham City Centre,2024-07-30 02:24:00.048415
Fantastic food and great service!,4,London Camden,2024-07-30 02:24:00.048415
"Great place for a quick bite, friendly staff.",5,Manchester Salford,2024-07-30 02:24:00.048415
"Decent place, but I've had better.",3,London Canary Wharf,2024-07-30 02:24:00.048415
"Mediocre food, acceptable for a quick meal.",3,London Hackney,2024-07-30 02:24:00.048415
"Average experience, not bad but not great.",3,Leeds Headingley,2024-07-30 02:24:00.048415
Delicious meals and very clean environment.,4,Birmingham City Centre,2024-07-30 02:24:00.048415
"Amazing experience, highly recommend.",5,Manchester Didsbury,2024-07-30 02:24:00.048415
"It was alright, the service could be better.",3,Liverpool City Centre,2024-07-30 02:24:00.048415
Delicious meals and very clean environment.,4,Sheffield Ecclesall Road,2024-07-30 02:24:00.048415
Delicious meals and very clean environment.,5,London Canary Wharf,2024-07-30 02:24:00.048415
"It was alright, the service could be better.",3,Birmingham Solihull,2024-07-30 02:24:00.048415
"Awful place, would not recommend.",1,Birmingham Edgbaston,2024-07-30 02:24:00.048415
Delicious meals and very clean environment.,4,Leeds Headingley,2024-07-30 02:24:00.048415
Terrible service and cold food.,1,Manchester Didsbury,2024-07-30 02:24:00.048415
"Poor quality food, waste of money.",2,Glasgow West End,2024-07-30 02:24:00.048415
"Amazing experience, highly recommend.",4,London Soho,2024-07-30 02:24:00.048415
"Amazing experience, highly recommend.",5,Sheffield Ecclesall Road,2024-07-30 02:24:00.048415
"Amazing experience, highly recommend.",4,London Hackney,2024-07-30 02:24:00.048415
"Loved the burgers here, will definitely come back.",5,Birmingham City Centre,2024-07-30 02:24:00.048415
"It was alright, the service could be better.",3,London Camden,2024-07-30 02:24:00.048415
Fantastic food and great service!,5,London Canary Wharf,2024-07-30 02:24:00.048415
"Very disappointing experience, will not return.",1,London Hackney,2024-07-30 02:24:00.048415
Fantastic food and great service!,5,Birmingham Solihull,2024-07-30 02:24:00.048415
"Very disappointing experience, will not return.",1,London Chelsea,2024-07-30 02:24:00.048415
"Loved the burgers here, will definitely come back.",5,Leeds Headingley,2024-07-30 02:24:00.048415
Fantastic food and great service!,4,London Soho,2024-07-30 02:24:00.048415
"Decent place, but I've had better.",3,London Hackney,2024-07-30 02:24:00.048415
Fantastic food and great service!,4,Manchester Didsbury,2024-07-30 02:24:00.048415
Fantastic food and great service!,5,Birmingham City Centre,2024-07-30 02:24:00.048415
"Amazing experience, highly recommend.",5,Sheffield Ecclesall Road,2024-07-30 02:24:00.048415
"Amazing experience, highly recommend.",5,London Canary Wharf,2024-07-30 02:24:00.048415
"Loved the burgers here, will definitely come back.",4,Liverpool City Centre,2024-07-30 02:24:00.048415
Fantastic food and great service!,4,London Chelsea,2024-07-30 02:24:00.048415
Rude staff and long waiting times.,2,Liverpool City Centre,2024-07-30 02:24:00.048415
Delicious meals and very clean environment.,4,Bristol City Centre,2024-07-30 02:24:00.048415
"Amazing experience, highly recommend.",4,Birmingham City Centre,2024-07-30 02:24:00.048415
Fantastic food and great service!,5,Birmingham City Centre,2024-07-30 02:24:00.048415
"Loved the burgers here, will definitely come back.",5,Manchester Salford,2024-07-30 02:24:00.048415
"Great place for a quick bite, friendly staff.",5,London Soho,2024-07-30 02:24:00.048415
"Amazing experience, highly recommend.",5,London Chelsea,2024-07-30 02:24:00.048415
"Poor quality food, waste of money.",2,Manchester Central,2024-07-30 02:24:00.048415
Rude staff and long waiting times.,2,London Chelsea,2024-07-30 02:24:00.048415
"Great place for a quick bite, friendly staff.",4,London Chelsea,2024-07-30 02:24:00.048415
"Great place for a quick bite, friendly staff.",5,Glasgow City Centre,2024-07-30 02:24:00.048415
Delicious meals and very clean environment.,5,Leeds City Centre,2024-07-30 02:24:00.048415
